reaction.dbId,inputMember.dbId,outputMember.dbId,catalystMember.dbId,positiveRegulationMember.dbId,negativeRegulationMember.dbId
9622831,9622846,9622846,9622846,9622846,9622846
9622831,9622846,9622846,9622846,9622846,9622850
9622831,9622846,9622846,9622846,9622850,9622846
9622831,9622846,9622846,9622846,9622850,9622850
9622831,9622846,9622846,9622850,9622846,9622846
9622831,9622846,9622846,9622850,9622846,9622850
9622831,9622846,9622846,9622850,9622850,9622846
9622831,9622846,9622846,9622850,9622850,9622850
9622831,9622846,9622850,9622846,9622846,9622846
9622831,9622846,9622850,9622846,9622846,9622850
9622831,9622846,9622850,9622846,9622850,9622846
9622831,9622846,9622850,9622846,9622850,9622850
9622831,9622846,9622850,9622850,9622846,9622846
9622831,9622846,9622850,9622850,9622846,9622850
9622831,9622846,9622850,9622850,9622850,9622846
9622831,9622846,9622850,9622850,9622850,9622850
9622831,9622850,9622846,9622846,9622846,9622846
9622831,9622850,9622846,9622846,9622846,9622850
9622831,9622850,9622846,9622846,9622850,9622846
9622831,9622850,9622846,9622846,9622850,9622850
9622831,9622850,9622846,9622850,9622846,9622846
9622831,9622850,9622846,9622850,9622846,9622850
9622831,9622850,9622846,9622850,9622850,9622846
9622831,9622850,9622846,9622850,9622850,9622850
9622831,9622850,9622850,9622846,9622846,9622846
9622831,9622850,9622850,9622846,9622846,9622850
9622831,9622850,9622850,9622846,9622850,9622846
9622831,9622850,9622850,9622846,9622850,9622850
9622831,9622850,9622850,9622850,9622846,9622846
9622831,9622850,9622850,9622850,9622846,9622850
9622831,9622850,9622850,9622850,9622850,9622846
9622831,9622850,9622850,9622850,9622850,9622850
9622851,9622847,9622847,9622847,9622847,9622847
9622851,9622847,9622847,9622847,9622847,9622835
9622851,9622847,9622847,9622847,9622835,9622847
9622851,9622847,9622847,9622847,9622835,9622835
9622851,9622847,9622847,9622835,9622847,9622847
9622851,9622847,9622847,9622835,9622847,9622835
9622851,9622847,9622847,9622835,9622835,9622847
9622851,9622847,9622847,9622835,9622835,9622835
9622851,9622847,9622835,9622847,9622847,9622847
9622851,9622847,9622835,9622847,9622847,9622835
9622851,9622847,9622835,9622847,9622835,9622847
9622851,9622847,9622835,9622847,9622835,9622835
9622851,9622847,9622835,9622835,9622847,9622847
9622851,9622847,9622835,9622835,9622847,9622835
9622851,9622847,9622835,9622835,9622835,9622847
9622851,9622847,9622835,9622835,9622835,9622835
9622851,9622835,9622847,9622847,9622847,9622847
9622851,9622835,9622847,9622847,9622847,9622835
9622851,9622835,9622847,9622847,9622835,9622847
9622851,9622835,9622847,9622847,9622835,9622835
9622851,9622835,9622847,9622835,9622847,9622847
9622851,9622835,9622847,9622835,9622847,9622835
9622851,9622835,9622847,9622835,9622835,9622847
9622851,9622835,9622847,9622835,9622835,9622835
9622851,9622835,9622835,9622847,9622847,9622847
9622851,9622835,9622835,9622847,9622847,9622835
9622851,9622835,9622835,9622847,9622835,9622847
9622851,9622835,9622835,9622847,9622835,9622835
9622851,9622835,9622835,9622835,9622847,9622847
9622851,9622835,9622835,9622835,9622847,9622835
9622851,9622835,9622835,9622835,9622835,9622847
9622851,9622835,9622835,9622835,9622835,9622835
9615721,9646686,9646686,9646686,9646686,9646686
9615721,9646686,9646686,9646686,9646686,1008196
9615721,9646686,9646686,9646686,9646686,9615716
9615721,9646686,9646686,9646686,9646686,9613664
9615721,9646686,9646686,9646686,9646686,9613667
9615721,9646686,9646686,9646686,1008196,9646686
9615721,9646686,9646686,9646686,1008196,1008196
9615721,9646686,9646686,9646686,1008196,9615716
9615721,9646686,9646686,9646686,1008196,9613664
9615721,9646686,9646686,9646686,1008196,9613667
9615721,9646686,9646686,9646686,9615716,9646686
9615721,9646686,9646686,9646686,9615716,1008196
9615721,9646686,9646686,9646686,9615716,9615716
9615721,9646686,9646686,9646686,9615716,9613664
9615721,9646686,9646686,9646686,9615716,9613667
9615721,9646686,9646686,9646686,9613664,9646686
9615721,9646686,9646686,9646686,9613664,1008196
9615721,9646686,9646686,9646686,9613664,9615716
9615721,9646686,9646686,9646686,9613664,9613664
9615721,9646686,9646686,9646686,9613664,9613667
9615721,9646686,9646686,9646686,9613667,9646686
9615721,9646686,9646686,9646686,9613667,1008196
9615721,9646686,9646686,9646686,9613667,9615716
9615721,9646686,9646686,9646686,9613667,9613664
9615721,9646686,9646686,9646686,9613667,9613667
9615721,9646686,9646686,1008196,9646686,9646686
9615721,9646686,9646686,1008196,9646686,1008196
9615721,9646686,9646686,1008196,9646686,9615716
9615721,9646686,9646686,1008196,9646686,9613664
9615721,9646686,9646686,1008196,9646686,9613667
9615721,9646686,9646686,1008196,1008196,9646686
9615721,9646686,9646686,1008196,1008196,1008196
9615721,9646686,9646686,1008196,1008196,9615716
9615721,9646686,9646686,1008196,1008196,9613664
9615721,9646686,9646686,1008196,1008196,9613667
9615721,9646686,9646686,1008196,9615716,9646686
9615721,9646686,9646686,1008196,9615716,1008196
9615721,9646686,9646686,1008196,9615716,9615716
9615721,9646686,9646686,1008196,9615716,9613664
9615721,9646686,9646686,1008196,9615716,9613667
9615721,9646686,9646686,1008196,9613664,9646686
9615721,9646686,9646686,1008196,9613664,1008196
9615721,9646686,9646686,1008196,9613664,9615716
9615721,9646686,9646686,1008196,9613664,9613664
9615721,9646686,9646686,1008196,9613664,9613667
9615721,9646686,9646686,1008196,9613667,9646686
9615721,9646686,9646686,1008196,9613667,1008196
9615721,9646686,9646686,1008196,9613667,9615716
9615721,9646686,9646686,1008196,9613667,9613664
9615721,9646686,9646686,1008196,9613667,9613667
9615721,9646686,9646686,9615716,9646686,9646686
9615721,9646686,9646686,9615716,9646686,1008196
9615721,9646686,9646686,9615716,9646686,9615716
9615721,9646686,9646686,9615716,9646686,9613664
9615721,9646686,9646686,9615716,9646686,9613667
9615721,9646686,9646686,9615716,1008196,9646686
9615721,9646686,9646686,9615716,1008196,1008196
9615721,9646686,9646686,9615716,1008196,9615716
9615721,9646686,9646686,9615716,1008196,9613664
9615721,9646686,9646686,9615716,1008196,9613667
9615721,9646686,9646686,9615716,9615716,9646686
9615721,9646686,9646686,9615716,9615716,1008196
9615721,9646686,9646686,9615716,9615716,9615716
9615721,9646686,9646686,9615716,9615716,9613664
9615721,9646686,9646686,9615716,9615716,9613667
9615721,9646686,9646686,9615716,9613664,9646686
9615721,9646686,9646686,9615716,9613664,1008196
9615721,9646686,9646686,9615716,9613664,9615716
9615721,9646686,9646686,9615716,9613664,9613664
9615721,9646686,9646686,9615716,9613664,9613667
9615721,9646686,9646686,9615716,9613667,9646686
9615721,9646686,9646686,9615716,9613667,1008196
9615721,9646686,9646686,9615716,9613667,9615716
9615721,9646686,9646686,9615716,9613667,9613664
9615721,9646686,9646686,9615716,9613667,9613667
9615721,9646686,9646686,9613664,9646686,9646686
9615721,9646686,9646686,9613664,9646686,1008196
9615721,9646686,9646686,9613664,9646686,9615716
9615721,9646686,9646686,9613664,9646686,9613664
9615721,9646686,9646686,9613664,9646686,9613667
9615721,9646686,9646686,9613664,1008196,9646686
9615721,9646686,9646686,9613664,1008196,1008196
9615721,9646686,9646686,9613664,1008196,9615716
9615721,9646686,9646686,9613664,1008196,9613664
9615721,9646686,9646686,9613664,1008196,9613667
9615721,9646686,9646686,9613664,9615716,9646686
9615721,9646686,9646686,9613664,9615716,1008196
9615721,9646686,9646686,9613664,9615716,9615716
9615721,9646686,9646686,9613664,9615716,9613664
9615721,9646686,9646686,9613664,9615716,9613667
9615721,9646686,9646686,9613664,9613664,9646686
9615721,9646686,9646686,9613664,9613664,1008196
9615721,9646686,9646686,9613664,9613664,9615716
9615721,9646686,9646686,9613664,9613664,9613664
9615721,9646686,9646686,9613664,9613664,9613667
9615721,9646686,9646686,9613664,9613667,9646686
9615721,9646686,9646686,9613664,9613667,1008196
9615721,9646686,9646686,9613664,9613667,9615716
9615721,9646686,9646686,9613664,9613667,9613664
9615721,9646686,9646686,9613664,9613667,9613667
9615721,9646686,9646686,9613667,9646686,9646686
9615721,9646686,9646686,9613667,9646686,1008196
9615721,9646686,9646686,9613667,9646686,9615716
9615721,9646686,9646686,9613667,9646686,9613664
9615721,9646686,9646686,9613667,9646686,9613667
9615721,9646686,9646686,9613667,1008196,9646686
9615721,9646686,9646686,9613667,1008196,1008196
9615721,9646686,9646686,9613667,1008196,9615716
9615721,9646686,9646686,9613667,1008196,9613664
9615721,9646686,9646686,9613667,1008196,9613667
9615721,9646686,9646686,9613667,9615716,9646686
9615721,9646686,9646686,9613667,9615716,1008196
9615721,9646686,9646686,9613667,9615716,9615716
9615721,9646686,9646686,9613667,9615716,9613664
9615721,9646686,9646686,9613667,9615716,9613667
9615721,9646686,9646686,9613667,9613664,9646686
9615721,9646686,9646686,9613667,9613664,1008196
9615721,9646686,9646686,9613667,9613664,9615716
9615721,9646686,9646686,9613667,9613664,9613664
9615721,9646686,9646686,9613667,9613664,9613667
9615721,9646686,9646686,9613667,9613667,9646686
9615721,9646686,9646686,9613667,9613667,1008196
9615721,9646686,9646686,9613667,9613667,9615716
9615721,9646686,9646686,9613667,9613667,9613664
9615721,9646686,9646686,9613667,9613667,9613667
9615721,9646686,1008196,9646686,9646686,9646686
9615721,9646686,1008196,9646686,9646686,1008196
9615721,9646686,1008196,9646686,9646686,9615716
9615721,9646686,1008196,9646686,9646686,9613664
9615721,9646686,1008196,9646686,9646686,9613667
9615721,9646686,1008196,9646686,1008196,9646686
9615721,9646686,1008196,9646686,1008196,1008196
9615721,9646686,1008196,9646686,1008196,9615716
9615721,9646686,1008196,9646686,1008196,9613664
9615721,9646686,1008196,9646686,1008196,9613667
9615721,9646686,1008196,9646686,9615716,9646686
9615721,9646686,1008196,9646686,9615716,1008196
9615721,9646686,1008196,9646686,9615716,9615716
9615721,9646686,1008196,9646686,9615716,9613664
9615721,9646686,1008196,9646686,9615716,9613667
9615721,9646686,1008196,9646686,9613664,9646686
9615721,9646686,1008196,9646686,9613664,1008196
9615721,9646686,1008196,9646686,9613664,9615716
9615721,9646686,1008196,9646686,9613664,9613664
9615721,9646686,1008196,9646686,9613664,9613667
9615721,9646686,1008196,9646686,9613667,9646686
9615721,9646686,1008196,9646686,9613667,1008196
9615721,9646686,1008196,9646686,9613667,9615716
9615721,9646686,1008196,9646686,9613667,9613664
9615721,9646686,1008196,9646686,9613667,9613667
9615721,9646686,1008196,1008196,9646686,9646686
9615721,9646686,1008196,1008196,9646686,1008196
9615721,9646686,1008196,1008196,9646686,9615716
9615721,9646686,1008196,1008196,9646686,9613664
9615721,9646686,1008196,1008196,9646686,9613667
9615721,9646686,1008196,1008196,1008196,9646686
9615721,9646686,1008196,1008196,1008196,1008196
9615721,9646686,1008196,1008196,1008196,9615716
9615721,9646686,1008196,1008196,1008196,9613664
9615721,9646686,1008196,1008196,1008196,9613667
9615721,9646686,1008196,1008196,9615716,9646686
9615721,9646686,1008196,1008196,9615716,1008196
9615721,9646686,1008196,1008196,9615716,9615716
9615721,9646686,1008196,1008196,9615716,9613664
9615721,9646686,1008196,1008196,9615716,9613667
9615721,9646686,1008196,1008196,9613664,9646686
9615721,9646686,1008196,1008196,9613664,1008196
9615721,9646686,1008196,1008196,9613664,9615716
9615721,9646686,1008196,1008196,9613664,9613664
9615721,9646686,1008196,1008196,9613664,9613667
9615721,9646686,1008196,1008196,9613667,9646686
9615721,9646686,1008196,1008196,9613667,1008196
9615721,9646686,1008196,1008196,9613667,9615716
9615721,9646686,1008196,1008196,9613667,9613664
9615721,9646686,1008196,1008196,9613667,9613667
9615721,9646686,1008196,9615716,9646686,9646686
9615721,9646686,1008196,9615716,9646686,1008196
9615721,9646686,1008196,9615716,9646686,9615716
9615721,9646686,1008196,9615716,9646686,9613664
9615721,9646686,1008196,9615716,9646686,9613667
9615721,9646686,1008196,9615716,1008196,9646686
9615721,9646686,1008196,9615716,1008196,1008196
9615721,9646686,1008196,9615716,1008196,9615716
9615721,9646686,1008196,9615716,1008196,9613664
9615721,9646686,1008196,9615716,1008196,9613667
9615721,9646686,1008196,9615716,9615716,9646686
9615721,9646686,1008196,9615716,9615716,1008196
9615721,9646686,1008196,9615716,9615716,9615716
9615721,9646686,1008196,9615716,9615716,9613664
9615721,9646686,1008196,9615716,9615716,9613667
9615721,9646686,1008196,9615716,9613664,9646686
9615721,9646686,1008196,9615716,9613664,1008196
9615721,9646686,1008196,9615716,9613664,9615716
9615721,9646686,1008196,9615716,9613664,9613664
9615721,9646686,1008196,9615716,9613664,9613667
9615721,9646686,1008196,9615716,9613667,9646686
9615721,9646686,1008196,9615716,9613667,1008196
9615721,9646686,1008196,9615716,9613667,9615716
9615721,9646686,1008196,9615716,9613667,9613664
9615721,9646686,1008196,9615716,9613667,9613667
9615721,9646686,1008196,9613664,9646686,9646686
9615721,9646686,1008196,9613664,9646686,1008196
9615721,9646686,1008196,9613664,9646686,9615716
9615721,9646686,1008196,9613664,9646686,9613664
9615721,9646686,1008196,9613664,9646686,9613667
9615721,9646686,1008196,9613664,1008196,9646686
9615721,9646686,1008196,9613664,1008196,1008196
9615721,9646686,1008196,9613664,1008196,9615716
9615721,9646686,1008196,9613664,1008196,9613664
9615721,9646686,1008196,9613664,1008196,9613667
9615721,9646686,1008196,9613664,9615716,9646686
9615721,9646686,1008196,9613664,9615716,1008196
9615721,9646686,1008196,9613664,9615716,9615716
9615721,9646686,1008196,9613664,9615716,9613664
9615721,9646686,1008196,9613664,9615716,9613667
9615721,9646686,1008196,9613664,9613664,9646686
9615721,9646686,1008196,9613664,9613664,1008196
9615721,9646686,1008196,9613664,9613664,9615716
9615721,9646686,1008196,9613664,9613664,9613664
9615721,9646686,1008196,9613664,9613664,9613667
9615721,9646686,1008196,9613664,9613667,9646686
9615721,9646686,1008196,9613664,9613667,1008196
9615721,9646686,1008196,9613664,9613667,9615716
9615721,9646686,1008196,9613664,9613667,9613664
9615721,9646686,1008196,9613664,9613667,9613667
9615721,9646686,1008196,9613667,9646686,9646686
9615721,9646686,1008196,9613667,9646686,1008196
9615721,9646686,1008196,9613667,9646686,9615716
9615721,9646686,1008196,9613667,9646686,9613664
9615721,9646686,1008196,9613667,9646686,9613667
9615721,9646686,1008196,9613667,1008196,9646686
9615721,9646686,1008196,9613667,1008196,1008196
9615721,9646686,1008196,9613667,1008196,9615716
9615721,9646686,1008196,9613667,1008196,9613664
9615721,9646686,1008196,9613667,1008196,9613667
9615721,9646686,1008196,9613667,9615716,9646686
9615721,9646686,1008196,9613667,9615716,1008196
9615721,9646686,1008196,9613667,9615716,9615716
9615721,9646686,1008196,9613667,9615716,9613664
9615721,9646686,1008196,9613667,9615716,9613667
9615721,9646686,1008196,9613667,9613664,9646686
9615721,9646686,1008196,9613667,9613664,1008196
9615721,9646686,1008196,9613667,9613664,9615716
9615721,9646686,1008196,9613667,9613664,9613664
9615721,9646686,1008196,9613667,9613664,9613667
9615721,9646686,1008196,9613667,9613667,9646686
9615721,9646686,1008196,9613667,9613667,1008196
9615721,9646686,1008196,9613667,9613667,9615716
9615721,9646686,1008196,9613667,9613667,9613664
9615721,9646686,1008196,9613667,9613667,9613667
9615721,9646686,9615716,9646686,9646686,9646686
9615721,9646686,9615716,9646686,9646686,1008196
9615721,9646686,9615716,9646686,9646686,9615716
9615721,9646686,9615716,9646686,9646686,9613664
9615721,9646686,9615716,9646686,9646686,9613667
9615721,9646686,9615716,9646686,1008196,9646686
9615721,9646686,9615716,9646686,1008196,1008196
9615721,9646686,9615716,9646686,1008196,9615716
9615721,9646686,9615716,9646686,1008196,9613664
9615721,9646686,9615716,9646686,1008196,9613667
9615721,9646686,9615716,9646686,9615716,9646686
9615721,9646686,9615716,9646686,9615716,1008196
9615721,9646686,9615716,9646686,9615716,9615716
9615721,9646686,9615716,9646686,9615716,9613664
9615721,9646686,9615716,9646686,9615716,9613667
9615721,9646686,9615716,9646686,9613664,9646686
9615721,9646686,9615716,9646686,9613664,1008196
9615721,9646686,9615716,9646686,9613664,9615716
9615721,9646686,9615716,9646686,9613664,9613664
9615721,9646686,9615716,9646686,9613664,9613667
9615721,9646686,9615716,9646686,9613667,9646686
9615721,9646686,9615716,9646686,9613667,1008196
9615721,9646686,9615716,9646686,9613667,9615716
9615721,9646686,9615716,9646686,9613667,9613664
9615721,9646686,9615716,9646686,9613667,9613667
9615721,9646686,9615716,1008196,9646686,9646686
9615721,9646686,9615716,1008196,9646686,1008196
9615721,9646686,9615716,1008196,9646686,9615716
9615721,9646686,9615716,1008196,9646686,9613664
9615721,9646686,9615716,1008196,9646686,9613667
9615721,9646686,9615716,1008196,1008196,9646686
9615721,9646686,9615716,1008196,1008196,1008196
9615721,9646686,9615716,1008196,1008196,9615716
9615721,9646686,9615716,1008196,1008196,9613664
9615721,9646686,9615716,1008196,1008196,9613667
9615721,9646686,9615716,1008196,9615716,9646686
9615721,9646686,9615716,1008196,9615716,1008196
9615721,9646686,9615716,1008196,9615716,9615716
9615721,9646686,9615716,1008196,9615716,9613664
9615721,9646686,9615716,1008196,9615716,9613667
9615721,9646686,9615716,1008196,9613664,9646686
9615721,9646686,9615716,1008196,9613664,1008196
9615721,9646686,9615716,1008196,9613664,9615716
9615721,9646686,9615716,1008196,9613664,9613664
9615721,9646686,9615716,1008196,9613664,9613667
9615721,9646686,9615716,1008196,9613667,9646686
9615721,9646686,9615716,1008196,9613667,1008196
9615721,9646686,9615716,1008196,9613667,9615716
9615721,9646686,9615716,1008196,9613667,9613664
9615721,9646686,9615716,1008196,9613667,9613667
9615721,9646686,9615716,9615716,9646686,9646686
9615721,9646686,9615716,9615716,9646686,1008196
9615721,9646686,9615716,9615716,9646686,9615716
9615721,9646686,9615716,9615716,9646686,9613664
9615721,9646686,9615716,9615716,9646686,9613667
9615721,9646686,9615716,9615716,1008196,9646686
9615721,9646686,9615716,9615716,1008196,1008196
9615721,9646686,9615716,9615716,1008196,9615716
9615721,9646686,9615716,9615716,1008196,9613664
9615721,9646686,9615716,9615716,1008196,9613667
9615721,9646686,9615716,9615716,9615716,9646686
9615721,9646686,9615716,9615716,9615716,1008196
9615721,9646686,9615716,9615716,9615716,9615716
9615721,9646686,9615716,9615716,9615716,9613664
9615721,9646686,9615716,9615716,9615716,9613667
9615721,9646686,9615716,9615716,9613664,9646686
9615721,9646686,9615716,9615716,9613664,1008196
9615721,9646686,9615716,9615716,9613664,9615716
9615721,9646686,9615716,9615716,9613664,9613664
9615721,9646686,9615716,9615716,9613664,9613667
9615721,9646686,9615716,9615716,9613667,9646686
9615721,9646686,9615716,9615716,9613667,1008196
9615721,9646686,9615716,9615716,9613667,9615716
9615721,9646686,9615716,9615716,9613667,9613664
9615721,9646686,9615716,9615716,9613667,9613667
9615721,9646686,9615716,9613664,9646686,9646686
9615721,9646686,9615716,9613664,9646686,1008196
9615721,9646686,9615716,9613664,9646686,9615716
9615721,9646686,9615716,9613664,9646686,9613664
9615721,9646686,9615716,9613664,9646686,9613667
9615721,9646686,9615716,9613664,1008196,9646686
9615721,9646686,9615716,9613664,1008196,1008196
9615721,9646686,9615716,9613664,1008196,9615716
9615721,9646686,9615716,9613664,1008196,9613664
9615721,9646686,9615716,9613664,1008196,9613667
9615721,9646686,9615716,9613664,9615716,9646686
9615721,9646686,9615716,9613664,9615716,1008196
9615721,9646686,9615716,9613664,9615716,9615716
9615721,9646686,9615716,9613664,9615716,9613664
9615721,9646686,9615716,9613664,9615716,9613667
9615721,9646686,9615716,9613664,9613664,9646686
9615721,9646686,9615716,9613664,9613664,1008196
9615721,9646686,9615716,9613664,9613664,9615716
9615721,9646686,9615716,9613664,9613664,9613664
9615721,9646686,9615716,9613664,9613664,9613667
9615721,9646686,9615716,9613664,9613667,9646686
9615721,9646686,9615716,9613664,9613667,1008196
9615721,9646686,9615716,9613664,9613667,9615716
9615721,9646686,9615716,9613664,9613667,9613664
9615721,9646686,9615716,9613664,9613667,9613667
9615721,9646686,9615716,9613667,9646686,9646686
9615721,9646686,9615716,9613667,9646686,1008196
9615721,9646686,9615716,9613667,9646686,9615716
9615721,9646686,9615716,9613667,9646686,9613664
9615721,9646686,9615716,9613667,9646686,9613667
9615721,9646686,9615716,9613667,1008196,9646686
9615721,9646686,9615716,9613667,1008196,1008196
9615721,9646686,9615716,9613667,1008196,9615716
9615721,9646686,9615716,9613667,1008196,9613664
9615721,9646686,9615716,9613667,1008196,9613667
9615721,9646686,9615716,9613667,9615716,9646686
9615721,9646686,9615716,9613667,9615716,1008196
9615721,9646686,9615716,9613667,9615716,9615716
9615721,9646686,9615716,9613667,9615716,9613664
9615721,9646686,9615716,9613667,9615716,9613667
9615721,9646686,9615716,9613667,9613664,9646686
9615721,9646686,9615716,9613667,9613664,1008196
9615721,9646686,9615716,9613667,9613664,9615716
9615721,9646686,9615716,9613667,9613664,9613664
9615721,9646686,9615716,9613667,9613664,9613667
9615721,9646686,9615716,9613667,9613667,9646686
9615721,9646686,9615716,9613667,9613667,1008196
9615721,9646686,9615716,9613667,9613667,9615716
9615721,9646686,9615716,9613667,9613667,9613664
9615721,9646686,9615716,9613667,9613667,9613667
9615721,9646686,9613664,9646686,9646686,9646686
9615721,9646686,9613664,9646686,9646686,1008196
9615721,9646686,9613664,9646686,9646686,9615716
9615721,9646686,9613664,9646686,9646686,9613664
9615721,9646686,9613664,9646686,9646686,9613667
9615721,9646686,9613664,9646686,1008196,9646686
9615721,9646686,9613664,9646686,1008196,1008196
9615721,9646686,9613664,9646686,1008196,9615716
9615721,9646686,9613664,9646686,1008196,9613664
9615721,9646686,9613664,9646686,1008196,9613667
9615721,9646686,9613664,9646686,9615716,9646686
9615721,9646686,9613664,9646686,9615716,1008196
9615721,9646686,9613664,9646686,9615716,9615716
9615721,9646686,9613664,9646686,9615716,9613664
9615721,9646686,9613664,9646686,9615716,9613667
9615721,9646686,9613664,9646686,9613664,9646686
9615721,9646686,9613664,9646686,9613664,1008196
9615721,9646686,9613664,9646686,9613664,9615716
9615721,9646686,9613664,9646686,9613664,9613664
9615721,9646686,9613664,9646686,9613664,9613667
9615721,9646686,9613664,9646686,9613667,9646686
9615721,9646686,9613664,9646686,9613667,1008196
9615721,9646686,9613664,9646686,9613667,9615716
9615721,9646686,9613664,9646686,9613667,9613664
9615721,9646686,9613664,9646686,9613667,9613667
9615721,9646686,9613664,1008196,9646686,9646686
9615721,9646686,9613664,1008196,9646686,1008196
9615721,9646686,9613664,1008196,9646686,9615716
9615721,9646686,9613664,1008196,9646686,9613664
9615721,9646686,9613664,1008196,9646686,9613667
9615721,9646686,9613664,1008196,1008196,9646686
9615721,9646686,9613664,1008196,1008196,1008196
9615721,9646686,9613664,1008196,1008196,9615716
9615721,9646686,9613664,1008196,1008196,9613664
9615721,9646686,9613664,1008196,1008196,9613667
9615721,9646686,9613664,1008196,9615716,9646686
9615721,9646686,9613664,1008196,9615716,1008196
9615721,9646686,9613664,1008196,9615716,9615716
9615721,9646686,9613664,1008196,9615716,9613664
9615721,9646686,9613664,1008196,9615716,9613667
9615721,9646686,9613664,1008196,9613664,9646686
9615721,9646686,9613664,1008196,9613664,1008196
9615721,9646686,9613664,1008196,9613664,9615716
9615721,9646686,9613664,1008196,9613664,9613664
9615721,9646686,9613664,1008196,9613664,9613667
9615721,9646686,9613664,1008196,9613667,9646686
9615721,9646686,9613664,1008196,9613667,1008196
9615721,9646686,9613664,1008196,9613667,9615716
9615721,9646686,9613664,1008196,9613667,9613664
9615721,9646686,9613664,1008196,9613667,9613667
9615721,9646686,9613664,9615716,9646686,9646686
9615721,9646686,9613664,9615716,9646686,1008196
9615721,9646686,9613664,9615716,9646686,9615716
9615721,9646686,9613664,9615716,9646686,9613664
9615721,9646686,9613664,9615716,9646686,9613667
9615721,9646686,9613664,9615716,1008196,9646686
9615721,9646686,9613664,9615716,1008196,1008196
9615721,9646686,9613664,9615716,1008196,9615716
9615721,9646686,9613664,9615716,1008196,9613664
9615721,9646686,9613664,9615716,1008196,9613667
9615721,9646686,9613664,9615716,9615716,9646686
9615721,9646686,9613664,9615716,9615716,1008196
9615721,9646686,9613664,9615716,9615716,9615716
9615721,9646686,9613664,9615716,9615716,9613664
9615721,9646686,9613664,9615716,9615716,9613667
9615721,9646686,9613664,9615716,9613664,9646686
9615721,9646686,9613664,9615716,9613664,1008196
9615721,9646686,9613664,9615716,9613664,9615716
9615721,9646686,9613664,9615716,9613664,9613664
9615721,9646686,9613664,9615716,9613664,9613667
9615721,9646686,9613664,9615716,9613667,9646686
9615721,9646686,9613664,9615716,9613667,1008196
9615721,9646686,9613664,9615716,9613667,9615716
9615721,9646686,9613664,9615716,9613667,9613664
9615721,9646686,9613664,9615716,9613667,9613667
9615721,9646686,9613664,9613664,9646686,9646686
9615721,9646686,9613664,9613664,9646686,1008196
9615721,9646686,9613664,9613664,9646686,9615716
9615721,9646686,9613664,9613664,9646686,9613664
9615721,9646686,9613664,9613664,9646686,9613667
9615721,9646686,9613664,9613664,1008196,9646686
9615721,9646686,9613664,9613664,1008196,1008196
9615721,9646686,9613664,9613664,1008196,9615716
9615721,9646686,9613664,9613664,1008196,9613664
9615721,9646686,9613664,9613664,1008196,9613667
9615721,9646686,9613664,9613664,9615716,9646686
9615721,9646686,9613664,9613664,9615716,1008196
9615721,9646686,9613664,9613664,9615716,9615716
9615721,9646686,9613664,9613664,9615716,9613664
9615721,9646686,9613664,9613664,9615716,9613667
9615721,9646686,9613664,9613664,9613664,9646686
9615721,9646686,9613664,9613664,9613664,1008196
9615721,9646686,9613664,9613664,9613664,9615716
9615721,9646686,9613664,9613664,9613664,9613664
9615721,9646686,9613664,9613664,9613664,9613667
9615721,9646686,9613664,9613664,9613667,9646686
9615721,9646686,9613664,9613664,9613667,1008196
9615721,9646686,9613664,9613664,9613667,9615716
9615721,9646686,9613664,9613664,9613667,9613664
9615721,9646686,9613664,9613664,9613667,9613667
9615721,9646686,9613664,9613667,9646686,9646686
9615721,9646686,9613664,9613667,9646686,1008196
9615721,9646686,9613664,9613667,9646686,9615716
9615721,9646686,9613664,9613667,9646686,9613664
9615721,9646686,9613664,9613667,9646686,9613667
9615721,9646686,9613664,9613667,1008196,9646686
9615721,9646686,9613664,9613667,1008196,1008196
9615721,9646686,9613664,9613667,1008196,9615716
9615721,9646686,9613664,9613667,1008196,9613664
9615721,9646686,9613664,9613667,1008196,9613667
9615721,9646686,9613664,9613667,9615716,9646686
9615721,9646686,9613664,9613667,9615716,1008196
9615721,9646686,9613664,9613667,9615716,9615716
9615721,9646686,9613664,9613667,9615716,9613664
9615721,9646686,9613664,9613667,9615716,9613667
9615721,9646686,9613664,9613667,9613664,9646686
9615721,9646686,9613664,9613667,9613664,1008196
9615721,9646686,9613664,9613667,9613664,9615716
9615721,9646686,9613664,9613667,9613664,9613664
9615721,9646686,9613664,9613667,9613664,9613667
9615721,9646686,9613664,9613667,9613667,9646686
9615721,9646686,9613664,9613667,9613667,1008196
9615721,9646686,9613664,9613667,9613667,9615716
9615721,9646686,9613664,9613667,9613667,9613664
9615721,9646686,9613664,9613667,9613667,9613667
9615721,9646686,9613667,9646686,9646686,9646686
9615721,9646686,9613667,9646686,9646686,1008196
9615721,9646686,9613667,9646686,9646686,9615716
9615721,9646686,9613667,9646686,9646686,9613664
9615721,9646686,9613667,9646686,9646686,9613667
9615721,9646686,9613667,9646686,1008196,9646686
9615721,9646686,9613667,9646686,1008196,1008196
9615721,9646686,9613667,9646686,1008196,9615716
9615721,9646686,9613667,9646686,1008196,9613664
9615721,9646686,9613667,9646686,1008196,9613667
9615721,9646686,9613667,9646686,9615716,9646686
9615721,9646686,9613667,9646686,9615716,1008196
9615721,9646686,9613667,9646686,9615716,9615716
9615721,9646686,9613667,9646686,9615716,9613664
9615721,9646686,9613667,9646686,9615716,9613667
9615721,9646686,9613667,9646686,9613664,9646686
9615721,9646686,9613667,9646686,9613664,1008196
9615721,9646686,9613667,9646686,9613664,9615716
9615721,9646686,9613667,9646686,9613664,9613664
9615721,9646686,9613667,9646686,9613664,9613667
9615721,9646686,9613667,9646686,9613667,9646686
9615721,9646686,9613667,9646686,9613667,1008196
9615721,9646686,9613667,9646686,9613667,9615716
9615721,9646686,9613667,9646686,9613667,9613664
9615721,9646686,9613667,9646686,9613667,9613667
9615721,9646686,9613667,1008196,9646686,9646686
9615721,9646686,9613667,1008196,9646686,1008196
9615721,9646686,9613667,1008196,9646686,9615716
9615721,9646686,9613667,1008196,9646686,9613664
9615721,9646686,9613667,1008196,9646686,9613667
9615721,9646686,9613667,1008196,1008196,9646686
9615721,9646686,9613667,1008196,1008196,1008196
9615721,9646686,9613667,1008196,1008196,9615716
9615721,9646686,9613667,1008196,1008196,9613664
9615721,9646686,9613667,1008196,1008196,9613667
9615721,9646686,9613667,1008196,9615716,9646686
9615721,9646686,9613667,1008196,9615716,1008196
9615721,9646686,9613667,1008196,9615716,9615716
9615721,9646686,9613667,1008196,9615716,9613664
9615721,9646686,9613667,1008196,9615716,9613667
9615721,9646686,9613667,1008196,9613664,9646686
9615721,9646686,9613667,1008196,9613664,1008196
9615721,9646686,9613667,1008196,9613664,9615716
9615721,9646686,9613667,1008196,9613664,9613664
9615721,9646686,9613667,1008196,9613664,9613667
9615721,9646686,9613667,1008196,9613667,9646686
9615721,9646686,9613667,1008196,9613667,1008196
9615721,9646686,9613667,1008196,9613667,9615716
9615721,9646686,9613667,1008196,9613667,9613664
9615721,9646686,9613667,1008196,9613667,9613667
9615721,9646686,9613667,9615716,9646686,9646686
9615721,9646686,9613667,9615716,9646686,1008196
9615721,9646686,9613667,9615716,9646686,9615716
9615721,9646686,9613667,9615716,9646686,9613664
9615721,9646686,9613667,9615716,9646686,9613667
9615721,9646686,9613667,9615716,1008196,9646686
9615721,9646686,9613667,9615716,1008196,1008196
9615721,9646686,9613667,9615716,1008196,9615716
9615721,9646686,9613667,9615716,1008196,9613664
9615721,9646686,9613667,9615716,1008196,9613667
9615721,9646686,9613667,9615716,9615716,9646686
9615721,9646686,9613667,9615716,9615716,1008196
9615721,9646686,9613667,9615716,9615716,9615716
9615721,9646686,9613667,9615716,9615716,9613664
9615721,9646686,9613667,9615716,9615716,9613667
9615721,9646686,9613667,9615716,9613664,9646686
9615721,9646686,9613667,9615716,9613664,1008196
9615721,9646686,9613667,9615716,9613664,9615716
9615721,9646686,9613667,9615716,9613664,9613664
9615721,9646686,9613667,9615716,9613664,9613667
9615721,9646686,9613667,9615716,9613667,9646686
9615721,9646686,9613667,9615716,9613667,1008196
9615721,9646686,9613667,9615716,9613667,9615716
9615721,9646686,9613667,9615716,9613667,9613664
9615721,9646686,9613667,9615716,9613667,9613667
9615721,9646686,9613667,9613664,9646686,9646686
9615721,9646686,9613667,9613664,9646686,1008196
9615721,9646686,9613667,9613664,9646686,9615716
9615721,9646686,9613667,9613664,9646686,9613664
9615721,9646686,9613667,9613664,9646686,9613667
9615721,9646686,9613667,9613664,1008196,9646686
9615721,9646686,9613667,9613664,1008196,1008196
9615721,9646686,9613667,9613664,1008196,9615716
9615721,9646686,9613667,9613664,1008196,9613664
9615721,9646686,9613667,9613664,1008196,9613667
9615721,9646686,9613667,9613664,9615716,9646686
9615721,9646686,9613667,9613664,9615716,1008196
9615721,9646686,9613667,9613664,9615716,9615716
9615721,9646686,9613667,9613664,9615716,9613664
9615721,9646686,9613667,9613664,9615716,9613667
9615721,9646686,9613667,9613664,9613664,9646686
9615721,9646686,9613667,9613664,9613664,1008196
9615721,9646686,9613667,9613664,9613664,9615716
9615721,9646686,9613667,9613664,9613664,9613664
9615721,9646686,9613667,9613664,9613664,9613667
9615721,9646686,9613667,9613664,9613667,9646686
9615721,9646686,9613667,9613664,9613667,1008196
9615721,9646686,9613667,9613664,9613667,9615716
9615721,9646686,9613667,9613664,9613667,9613664
9615721,9646686,9613667,9613664,9613667,9613667
9615721,9646686,9613667,9613667,9646686,9646686
9615721,9646686,9613667,9613667,9646686,1008196
9615721,9646686,9613667,9613667,9646686,9615716
9615721,9646686,9613667,9613667,9646686,9613664
9615721,9646686,9613667,9613667,9646686,9613667
9615721,9646686,9613667,9613667,1008196,9646686
9615721,9646686,9613667,9613667,1008196,1008196
9615721,9646686,9613667,9613667,1008196,9615716
9615721,9646686,9613667,9613667,1008196,9613664
9615721,9646686,9613667,9613667,1008196,9613667
9615721,9646686,9613667,9613667,9615716,9646686
9615721,9646686,9613667,9613667,9615716,1008196
9615721,9646686,9613667,9613667,9615716,9615716
9615721,9646686,9613667,9613667,9615716,9613664
9615721,9646686,9613667,9613667,9615716,9613667
9615721,9646686,9613667,9613667,9613664,9646686
9615721,9646686,9613667,9613667,9613664,1008196
9615721,9646686,9613667,9613667,9613664,9615716
9615721,9646686,9613667,9613667,9613664,9613664
9615721,9646686,9613667,9613667,9613664,9613667
9615721,9646686,9613667,9613667,9613667,9646686
9615721,9646686,9613667,9613667,9613667,1008196
9615721,9646686,9613667,9613667,9613667,9615716
9615721,9646686,9613667,9613667,9613667,9613664
9615721,9646686,9613667,9613667,9613667,9613667
9615721,1008196,9646686,9646686,9646686,9646686
9615721,1008196,9646686,9646686,9646686,1008196
9615721,1008196,9646686,9646686,9646686,9615716
9615721,1008196,9646686,9646686,9646686,9613664
9615721,1008196,9646686,9646686,9646686,9613667
9615721,1008196,9646686,9646686,1008196,9646686
9615721,1008196,9646686,9646686,1008196,1008196
9615721,1008196,9646686,9646686,1008196,9615716
9615721,1008196,9646686,9646686,1008196,9613664
9615721,1008196,9646686,9646686,1008196,9613667
9615721,1008196,9646686,9646686,9615716,9646686
9615721,1008196,9646686,9646686,9615716,1008196
9615721,1008196,9646686,9646686,9615716,9615716
9615721,1008196,9646686,9646686,9615716,9613664
9615721,1008196,9646686,9646686,9615716,9613667
9615721,1008196,9646686,9646686,9613664,9646686
9615721,1008196,9646686,9646686,9613664,1008196
9615721,1008196,9646686,9646686,9613664,9615716
9615721,1008196,9646686,9646686,9613664,9613664
9615721,1008196,9646686,9646686,9613664,9613667
9615721,1008196,9646686,9646686,9613667,9646686
9615721,1008196,9646686,9646686,9613667,1008196
9615721,1008196,9646686,9646686,9613667,9615716
9615721,1008196,9646686,9646686,9613667,9613664
9615721,1008196,9646686,9646686,9613667,9613667
9615721,1008196,9646686,1008196,9646686,9646686
9615721,1008196,9646686,1008196,9646686,1008196
9615721,1008196,9646686,1008196,9646686,9615716
9615721,1008196,9646686,1008196,9646686,9613664
9615721,1008196,9646686,1008196,9646686,9613667
9615721,1008196,9646686,1008196,1008196,9646686
9615721,1008196,9646686,1008196,1008196,1008196
9615721,1008196,9646686,1008196,1008196,9615716
9615721,1008196,9646686,1008196,1008196,9613664
9615721,1008196,9646686,1008196,1008196,9613667
9615721,1008196,9646686,1008196,9615716,9646686
9615721,1008196,9646686,1008196,9615716,1008196
9615721,1008196,9646686,1008196,9615716,9615716
9615721,1008196,9646686,1008196,9615716,9613664
9615721,1008196,9646686,1008196,9615716,9613667
9615721,1008196,9646686,1008196,9613664,9646686
9615721,1008196,9646686,1008196,9613664,1008196
9615721,1008196,9646686,1008196,9613664,9615716
9615721,1008196,9646686,1008196,9613664,9613664
9615721,1008196,9646686,1008196,9613664,9613667
9615721,1008196,9646686,1008196,9613667,9646686
9615721,1008196,9646686,1008196,9613667,1008196
9615721,1008196,9646686,1008196,9613667,9615716
9615721,1008196,9646686,1008196,9613667,9613664
9615721,1008196,9646686,1008196,9613667,9613667
9615721,1008196,9646686,9615716,9646686,9646686
9615721,1008196,9646686,9615716,9646686,1008196
9615721,1008196,9646686,9615716,9646686,9615716
9615721,1008196,9646686,9615716,9646686,9613664
9615721,1008196,9646686,9615716,9646686,9613667
9615721,1008196,9646686,9615716,1008196,9646686
9615721,1008196,9646686,9615716,1008196,1008196
9615721,1008196,9646686,9615716,1008196,9615716
9615721,1008196,9646686,9615716,1008196,9613664
9615721,1008196,9646686,9615716,1008196,9613667
9615721,1008196,9646686,9615716,9615716,9646686
9615721,1008196,9646686,9615716,9615716,1008196
9615721,1008196,9646686,9615716,9615716,9615716
9615721,1008196,9646686,9615716,9615716,9613664
9615721,1008196,9646686,9615716,9615716,9613667
9615721,1008196,9646686,9615716,9613664,9646686
9615721,1008196,9646686,9615716,9613664,1008196
9615721,1008196,9646686,9615716,9613664,9615716
9615721,1008196,9646686,9615716,9613664,9613664
9615721,1008196,9646686,9615716,9613664,9613667
9615721,1008196,9646686,9615716,9613667,9646686
9615721,1008196,9646686,9615716,9613667,1008196
9615721,1008196,9646686,9615716,9613667,9615716
9615721,1008196,9646686,9615716,9613667,9613664
9615721,1008196,9646686,9615716,9613667,9613667
9615721,1008196,9646686,9613664,9646686,9646686
9615721,1008196,9646686,9613664,9646686,1008196
9615721,1008196,9646686,9613664,9646686,9615716
9615721,1008196,9646686,9613664,9646686,9613664
9615721,1008196,9646686,9613664,9646686,9613667
9615721,1008196,9646686,9613664,1008196,9646686
9615721,1008196,9646686,9613664,1008196,1008196
9615721,1008196,9646686,9613664,1008196,9615716
9615721,1008196,9646686,9613664,1008196,9613664
9615721,1008196,9646686,9613664,1008196,9613667
9615721,1008196,9646686,9613664,9615716,9646686
9615721,1008196,9646686,9613664,9615716,1008196
9615721,1008196,9646686,9613664,9615716,9615716
9615721,1008196,9646686,9613664,9615716,9613664
9615721,1008196,9646686,9613664,9615716,9613667
9615721,1008196,9646686,9613664,9613664,9646686
9615721,1008196,9646686,9613664,9613664,1008196
9615721,1008196,9646686,9613664,9613664,9615716
9615721,1008196,9646686,9613664,9613664,9613664
9615721,1008196,9646686,9613664,9613664,9613667
9615721,1008196,9646686,9613664,9613667,9646686
9615721,1008196,9646686,9613664,9613667,1008196
9615721,1008196,9646686,9613664,9613667,9615716
9615721,1008196,9646686,9613664,9613667,9613664
9615721,1008196,9646686,9613664,9613667,9613667
9615721,1008196,9646686,9613667,9646686,9646686
9615721,1008196,9646686,9613667,9646686,1008196
9615721,1008196,9646686,9613667,9646686,9615716
9615721,1008196,9646686,9613667,9646686,9613664
9615721,1008196,9646686,9613667,9646686,9613667
9615721,1008196,9646686,9613667,1008196,9646686
9615721,1008196,9646686,9613667,1008196,1008196
9615721,1008196,9646686,9613667,1008196,9615716
9615721,1008196,9646686,9613667,1008196,9613664
9615721,1008196,9646686,9613667,1008196,9613667
9615721,1008196,9646686,9613667,9615716,9646686
9615721,1008196,9646686,9613667,9615716,1008196
9615721,1008196,9646686,9613667,9615716,9615716
9615721,1008196,9646686,9613667,9615716,9613664
9615721,1008196,9646686,9613667,9615716,9613667
9615721,1008196,9646686,9613667,9613664,9646686
9615721,1008196,9646686,9613667,9613664,1008196
9615721,1008196,9646686,9613667,9613664,9615716
9615721,1008196,9646686,9613667,9613664,9613664
9615721,1008196,9646686,9613667,9613664,9613667
9615721,1008196,9646686,9613667,9613667,9646686
9615721,1008196,9646686,9613667,9613667,1008196
9615721,1008196,9646686,9613667,9613667,9615716
9615721,1008196,9646686,9613667,9613667,9613664
9615721,1008196,9646686,9613667,9613667,9613667
9615721,1008196,1008196,9646686,9646686,9646686
9615721,1008196,1008196,9646686,9646686,1008196
9615721,1008196,1008196,9646686,9646686,9615716
9615721,1008196,1008196,9646686,9646686,9613664
9615721,1008196,1008196,9646686,9646686,9613667
9615721,1008196,1008196,9646686,1008196,9646686
9615721,1008196,1008196,9646686,1008196,1008196
9615721,1008196,1008196,9646686,1008196,9615716
9615721,1008196,1008196,9646686,1008196,9613664
9615721,1008196,1008196,9646686,1008196,9613667
9615721,1008196,1008196,9646686,9615716,9646686
9615721,1008196,1008196,9646686,9615716,1008196
9615721,1008196,1008196,9646686,9615716,9615716
9615721,1008196,1008196,9646686,9615716,9613664
9615721,1008196,1008196,9646686,9615716,9613667
9615721,1008196,1008196,9646686,9613664,9646686
9615721,1008196,1008196,9646686,9613664,1008196
9615721,1008196,1008196,9646686,9613664,9615716
9615721,1008196,1008196,9646686,9613664,9613664
9615721,1008196,1008196,9646686,9613664,9613667
9615721,1008196,1008196,9646686,9613667,9646686
9615721,1008196,1008196,9646686,9613667,1008196
9615721,1008196,1008196,9646686,9613667,9615716
9615721,1008196,1008196,9646686,9613667,9613664
9615721,1008196,1008196,9646686,9613667,9613667
9615721,1008196,1008196,1008196,9646686,9646686
9615721,1008196,1008196,1008196,9646686,1008196
9615721,1008196,1008196,1008196,9646686,9615716
9615721,1008196,1008196,1008196,9646686,9613664
9615721,1008196,1008196,1008196,9646686,9613667
9615721,1008196,1008196,1008196,1008196,9646686
9615721,1008196,1008196,1008196,1008196,1008196
9615721,1008196,1008196,1008196,1008196,9615716
9615721,1008196,1008196,1008196,1008196,9613664
9615721,1008196,1008196,1008196,1008196,9613667
9615721,1008196,1008196,1008196,9615716,9646686
9615721,1008196,1008196,1008196,9615716,1008196
9615721,1008196,1008196,1008196,9615716,9615716
9615721,1008196,1008196,1008196,9615716,9613664
9615721,1008196,1008196,1008196,9615716,9613667
9615721,1008196,1008196,1008196,9613664,9646686
9615721,1008196,1008196,1008196,9613664,1008196
9615721,1008196,1008196,1008196,9613664,9615716
9615721,1008196,1008196,1008196,9613664,9613664
9615721,1008196,1008196,1008196,9613664,9613667
9615721,1008196,1008196,1008196,9613667,9646686
9615721,1008196,1008196,1008196,9613667,1008196
9615721,1008196,1008196,1008196,9613667,9615716
9615721,1008196,1008196,1008196,9613667,9613664
9615721,1008196,1008196,1008196,9613667,9613667
9615721,1008196,1008196,9615716,9646686,9646686
9615721,1008196,1008196,9615716,9646686,1008196
9615721,1008196,1008196,9615716,9646686,9615716
9615721,1008196,1008196,9615716,9646686,9613664
9615721,1008196,1008196,9615716,9646686,9613667
9615721,1008196,1008196,9615716,1008196,9646686
9615721,1008196,1008196,9615716,1008196,1008196
9615721,1008196,1008196,9615716,1008196,9615716
9615721,1008196,1008196,9615716,1008196,9613664
9615721,1008196,1008196,9615716,1008196,9613667
9615721,1008196,1008196,9615716,9615716,9646686
9615721,1008196,1008196,9615716,9615716,1008196
9615721,1008196,1008196,9615716,9615716,9615716
9615721,1008196,1008196,9615716,9615716,9613664
9615721,1008196,1008196,9615716,9615716,9613667
9615721,1008196,1008196,9615716,9613664,9646686
9615721,1008196,1008196,9615716,9613664,1008196
9615721,1008196,1008196,9615716,9613664,9615716
9615721,1008196,1008196,9615716,9613664,9613664
9615721,1008196,1008196,9615716,9613664,9613667
9615721,1008196,1008196,9615716,9613667,9646686
9615721,1008196,1008196,9615716,9613667,1008196
9615721,1008196,1008196,9615716,9613667,9615716
9615721,1008196,1008196,9615716,9613667,9613664
9615721,1008196,1008196,9615716,9613667,9613667
9615721,1008196,1008196,9613664,9646686,9646686
9615721,1008196,1008196,9613664,9646686,1008196
9615721,1008196,1008196,9613664,9646686,9615716
9615721,1008196,1008196,9613664,9646686,9613664
9615721,1008196,1008196,9613664,9646686,9613667
9615721,1008196,1008196,9613664,1008196,9646686
9615721,1008196,1008196,9613664,1008196,1008196
9615721,1008196,1008196,9613664,1008196,9615716
9615721,1008196,1008196,9613664,1008196,9613664
9615721,1008196,1008196,9613664,1008196,9613667
9615721,1008196,1008196,9613664,9615716,9646686
9615721,1008196,1008196,9613664,9615716,1008196
9615721,1008196,1008196,9613664,9615716,9615716
9615721,1008196,1008196,9613664,9615716,9613664
9615721,1008196,1008196,9613664,9615716,9613667
9615721,1008196,1008196,9613664,9613664,9646686
9615721,1008196,1008196,9613664,9613664,1008196
9615721,1008196,1008196,9613664,9613664,9615716
9615721,1008196,1008196,9613664,9613664,9613664
9615721,1008196,1008196,9613664,9613664,9613667
9615721,1008196,1008196,9613664,9613667,9646686
9615721,1008196,1008196,9613664,9613667,1008196
9615721,1008196,1008196,9613664,9613667,9615716
9615721,1008196,1008196,9613664,9613667,9613664
9615721,1008196,1008196,9613664,9613667,9613667
9615721,1008196,1008196,9613667,9646686,9646686
9615721,1008196,1008196,9613667,9646686,1008196
9615721,1008196,1008196,9613667,9646686,9615716
9615721,1008196,1008196,9613667,9646686,9613664
9615721,1008196,1008196,9613667,9646686,9613667
9615721,1008196,1008196,9613667,1008196,9646686
9615721,1008196,1008196,9613667,1008196,1008196
9615721,1008196,1008196,9613667,1008196,9615716
9615721,1008196,1008196,9613667,1008196,9613664
9615721,1008196,1008196,9613667,1008196,9613667
9615721,1008196,1008196,9613667,9615716,9646686
9615721,1008196,1008196,9613667,9615716,1008196
9615721,1008196,1008196,9613667,9615716,9615716
9615721,1008196,1008196,9613667,9615716,9613664
9615721,1008196,1008196,9613667,9615716,9613667
9615721,1008196,1008196,9613667,9613664,9646686
9615721,1008196,1008196,9613667,9613664,1008196
9615721,1008196,1008196,9613667,9613664,9615716
9615721,1008196,1008196,9613667,9613664,9613664
9615721,1008196,1008196,9613667,9613664,9613667
9615721,1008196,1008196,9613667,9613667,9646686
9615721,1008196,1008196,9613667,9613667,1008196
9615721,1008196,1008196,9613667,9613667,9615716
9615721,1008196,1008196,9613667,9613667,9613664
9615721,1008196,1008196,9613667,9613667,9613667
9615721,1008196,9615716,9646686,9646686,9646686
9615721,1008196,9615716,9646686,9646686,1008196
9615721,1008196,9615716,9646686,9646686,9615716
9615721,1008196,9615716,9646686,9646686,9613664
9615721,1008196,9615716,9646686,9646686,9613667
9615721,1008196,9615716,9646686,1008196,9646686
9615721,1008196,9615716,9646686,1008196,1008196
9615721,1008196,9615716,9646686,1008196,9615716
9615721,1008196,9615716,9646686,1008196,9613664
9615721,1008196,9615716,9646686,1008196,9613667
9615721,1008196,9615716,9646686,9615716,9646686
9615721,1008196,9615716,9646686,9615716,1008196
9615721,1008196,9615716,9646686,9615716,9615716
9615721,1008196,9615716,9646686,9615716,9613664
9615721,1008196,9615716,9646686,9615716,9613667
9615721,1008196,9615716,9646686,9613664,9646686
9615721,1008196,9615716,9646686,9613664,1008196
9615721,1008196,9615716,9646686,9613664,9615716
9615721,1008196,9615716,9646686,9613664,9613664
9615721,1008196,9615716,9646686,9613664,9613667
9615721,1008196,9615716,9646686,9613667,9646686
9615721,1008196,9615716,9646686,9613667,1008196
9615721,1008196,9615716,9646686,9613667,9615716
9615721,1008196,9615716,9646686,9613667,9613664
9615721,1008196,9615716,9646686,9613667,9613667
9615721,1008196,9615716,1008196,9646686,9646686
9615721,1008196,9615716,1008196,9646686,1008196
9615721,1008196,9615716,1008196,9646686,9615716
9615721,1008196,9615716,1008196,9646686,9613664
9615721,1008196,9615716,1008196,9646686,9613667
9615721,1008196,9615716,1008196,1008196,9646686
9615721,1008196,9615716,1008196,1008196,1008196
9615721,1008196,9615716,1008196,1008196,9615716
9615721,1008196,9615716,1008196,1008196,9613664
9615721,1008196,9615716,1008196,1008196,9613667
9615721,1008196,9615716,1008196,9615716,9646686
9615721,1008196,9615716,1008196,9615716,1008196
9615721,1008196,9615716,1008196,9615716,9615716
9615721,1008196,9615716,1008196,9615716,9613664
9615721,1008196,9615716,1008196,9615716,9613667
9615721,1008196,9615716,1008196,9613664,9646686
9615721,1008196,9615716,1008196,9613664,1008196
9615721,1008196,9615716,1008196,9613664,9615716
9615721,1008196,9615716,1008196,9613664,9613664
9615721,1008196,9615716,1008196,9613664,9613667
9615721,1008196,9615716,1008196,9613667,9646686
9615721,1008196,9615716,1008196,9613667,1008196
9615721,1008196,9615716,1008196,9613667,9615716
9615721,1008196,9615716,1008196,9613667,9613664
9615721,1008196,9615716,1008196,9613667,9613667
9615721,1008196,9615716,9615716,9646686,9646686
9615721,1008196,9615716,9615716,9646686,1008196
9615721,1008196,9615716,9615716,9646686,9615716
9615721,1008196,9615716,9615716,9646686,9613664
9615721,1008196,9615716,9615716,9646686,9613667
9615721,1008196,9615716,9615716,1008196,9646686
9615721,1008196,9615716,9615716,1008196,1008196
9615721,1008196,9615716,9615716,1008196,9615716
9615721,1008196,9615716,9615716,1008196,9613664
9615721,1008196,9615716,9615716,1008196,9613667
9615721,1008196,9615716,9615716,9615716,9646686
9615721,1008196,9615716,9615716,9615716,1008196
9615721,1008196,9615716,9615716,9615716,9615716
9615721,1008196,9615716,9615716,9615716,9613664
9615721,1008196,9615716,9615716,9615716,9613667
9615721,1008196,9615716,9615716,9613664,9646686
9615721,1008196,9615716,9615716,9613664,1008196
9615721,1008196,9615716,9615716,9613664,9615716
9615721,1008196,9615716,9615716,9613664,9613664
9615721,1008196,9615716,9615716,9613664,9613667
9615721,1008196,9615716,9615716,9613667,9646686
9615721,1008196,9615716,9615716,9613667,1008196
9615721,1008196,9615716,9615716,9613667,9615716
9615721,1008196,9615716,9615716,9613667,9613664
9615721,1008196,9615716,9615716,9613667,9613667
9615721,1008196,9615716,9613664,9646686,9646686
9615721,1008196,9615716,9613664,9646686,1008196
9615721,1008196,9615716,9613664,9646686,9615716
9615721,1008196,9615716,9613664,9646686,9613664
9615721,1008196,9615716,9613664,9646686,9613667
9615721,1008196,9615716,9613664,1008196,9646686
9615721,1008196,9615716,9613664,1008196,1008196
9615721,1008196,9615716,9613664,1008196,9615716
9615721,1008196,9615716,9613664,1008196,9613664
9615721,1008196,9615716,9613664,1008196,9613667
9615721,1008196,9615716,9613664,9615716,9646686
9615721,1008196,9615716,9613664,9615716,1008196
9615721,1008196,9615716,9613664,9615716,9615716
9615721,1008196,9615716,9613664,9615716,9613664
9615721,1008196,9615716,9613664,9615716,9613667
9615721,1008196,9615716,9613664,9613664,9646686
9615721,1008196,9615716,9613664,9613664,1008196
9615721,1008196,9615716,9613664,9613664,9615716
9615721,1008196,9615716,9613664,9613664,9613664
9615721,1008196,9615716,9613664,9613664,9613667
9615721,1008196,9615716,9613664,9613667,9646686
9615721,1008196,9615716,9613664,9613667,1008196
9615721,1008196,9615716,9613664,9613667,9615716
9615721,1008196,9615716,9613664,9613667,9613664
9615721,1008196,9615716,9613664,9613667,9613667
9615721,1008196,9615716,9613667,9646686,9646686
9615721,1008196,9615716,9613667,9646686,1008196
9615721,1008196,9615716,9613667,9646686,9615716
9615721,1008196,9615716,9613667,9646686,9613664
9615721,1008196,9615716,9613667,9646686,9613667
9615721,1008196,9615716,9613667,1008196,9646686
9615721,1008196,9615716,9613667,1008196,1008196
9615721,1008196,9615716,9613667,1008196,9615716
9615721,1008196,9615716,9613667,1008196,9613664
9615721,1008196,9615716,9613667,1008196,9613667
9615721,1008196,9615716,9613667,9615716,9646686
9615721,1008196,9615716,9613667,9615716,1008196
9615721,1008196,9615716,9613667,9615716,9615716
9615721,1008196,9615716,9613667,9615716,9613664
9615721,1008196,9615716,9613667,9615716,9613667
9615721,1008196,9615716,9613667,9613664,9646686
9615721,1008196,9615716,9613667,9613664,1008196
9615721,1008196,9615716,9613667,9613664,9615716
9615721,1008196,9615716,9613667,9613664,9613664
9615721,1008196,9615716,9613667,9613664,9613667
9615721,1008196,9615716,9613667,9613667,9646686
9615721,1008196,9615716,9613667,9613667,1008196
9615721,1008196,9615716,9613667,9613667,9615716
9615721,1008196,9615716,9613667,9613667,9613664
9615721,1008196,9615716,9613667,9613667,9613667
9615721,1008196,9613664,9646686,9646686,9646686
9615721,1008196,9613664,9646686,9646686,1008196
9615721,1008196,9613664,9646686,9646686,9615716
9615721,1008196,9613664,9646686,9646686,9613664
9615721,1008196,9613664,9646686,9646686,9613667
9615721,1008196,9613664,9646686,1008196,9646686
9615721,1008196,9613664,9646686,1008196,1008196
9615721,1008196,9613664,9646686,1008196,9615716
9615721,1008196,9613664,9646686,1008196,9613664
9615721,1008196,9613664,9646686,1008196,9613667
9615721,1008196,9613664,9646686,9615716,9646686
9615721,1008196,9613664,9646686,9615716,1008196
9615721,1008196,9613664,9646686,9615716,9615716
9615721,1008196,9613664,9646686,9615716,9613664
9615721,1008196,9613664,9646686,9615716,9613667
9615721,1008196,9613664,9646686,9613664,9646686
9615721,1008196,9613664,9646686,9613664,1008196
9615721,1008196,9613664,9646686,9613664,9615716
9615721,1008196,9613664,9646686,9613664,9613664
9615721,1008196,9613664,9646686,9613664,9613667
9615721,1008196,9613664,9646686,9613667,9646686
9615721,1008196,9613664,9646686,9613667,1008196
9615721,1008196,9613664,9646686,9613667,9615716
9615721,1008196,9613664,9646686,9613667,9613664
9615721,1008196,9613664,9646686,9613667,9613667
9615721,1008196,9613664,1008196,9646686,9646686
9615721,1008196,9613664,1008196,9646686,1008196
9615721,1008196,9613664,1008196,9646686,9615716
9615721,1008196,9613664,1008196,9646686,9613664
9615721,1008196,9613664,1008196,9646686,9613667
9615721,1008196,9613664,1008196,1008196,9646686
9615721,1008196,9613664,1008196,1008196,1008196
9615721,1008196,9613664,1008196,1008196,9615716
9615721,1008196,9613664,1008196,1008196,9613664
9615721,1008196,9613664,1008196,1008196,9613667
9615721,1008196,9613664,1008196,9615716,9646686
9615721,1008196,9613664,1008196,9615716,1008196
9615721,1008196,9613664,1008196,9615716,9615716
9615721,1008196,9613664,1008196,9615716,9613664
9615721,1008196,9613664,1008196,9615716,9613667
9615721,1008196,9613664,1008196,9613664,9646686
9615721,1008196,9613664,1008196,9613664,1008196
9615721,1008196,9613664,1008196,9613664,9615716
9615721,1008196,9613664,1008196,9613664,9613664
9615721,1008196,9613664,1008196,9613664,9613667
9615721,1008196,9613664,1008196,9613667,9646686
9615721,1008196,9613664,1008196,9613667,1008196
9615721,1008196,9613664,1008196,9613667,9615716
9615721,1008196,9613664,1008196,9613667,9613664
9615721,1008196,9613664,1008196,9613667,9613667
9615721,1008196,9613664,9615716,9646686,9646686
9615721,1008196,9613664,9615716,9646686,1008196
9615721,1008196,9613664,9615716,9646686,9615716
9615721,1008196,9613664,9615716,9646686,9613664
9615721,1008196,9613664,9615716,9646686,9613667
9615721,1008196,9613664,9615716,1008196,9646686
9615721,1008196,9613664,9615716,1008196,1008196
9615721,1008196,9613664,9615716,1008196,9615716
9615721,1008196,9613664,9615716,1008196,9613664
9615721,1008196,9613664,9615716,1008196,9613667
9615721,1008196,9613664,9615716,9615716,9646686
9615721,1008196,9613664,9615716,9615716,1008196
9615721,1008196,9613664,9615716,9615716,9615716
9615721,1008196,9613664,9615716,9615716,9613664
9615721,1008196,9613664,9615716,9615716,9613667
9615721,1008196,9613664,9615716,9613664,9646686
9615721,1008196,9613664,9615716,9613664,1008196
9615721,1008196,9613664,9615716,9613664,9615716
9615721,1008196,9613664,9615716,9613664,9613664
9615721,1008196,9613664,9615716,9613664,9613667
9615721,1008196,9613664,9615716,9613667,9646686
9615721,1008196,9613664,9615716,9613667,1008196
9615721,1008196,9613664,9615716,9613667,9615716
9615721,1008196,9613664,9615716,9613667,9613664
9615721,1008196,9613664,9615716,9613667,9613667
9615721,1008196,9613664,9613664,9646686,9646686
9615721,1008196,9613664,9613664,9646686,1008196
9615721,1008196,9613664,9613664,9646686,9615716
9615721,1008196,9613664,9613664,9646686,9613664
9615721,1008196,9613664,9613664,9646686,9613667
9615721,1008196,9613664,9613664,1008196,9646686
9615721,1008196,9613664,9613664,1008196,1008196
9615721,1008196,9613664,9613664,1008196,9615716
9615721,1008196,9613664,9613664,1008196,9613664
9615721,1008196,9613664,9613664,1008196,9613667
9615721,1008196,9613664,9613664,9615716,9646686
9615721,1008196,9613664,9613664,9615716,1008196
9615721,1008196,9613664,9613664,9615716,9615716
9615721,1008196,9613664,9613664,9615716,9613664
9615721,1008196,9613664,9613664,9615716,9613667
9615721,1008196,9613664,9613664,9613664,9646686
9615721,1008196,9613664,9613664,9613664,1008196
9615721,1008196,9613664,9613664,9613664,9615716
9615721,1008196,9613664,9613664,9613664,9613664
9615721,1008196,9613664,9613664,9613664,9613667
9615721,1008196,9613664,9613664,9613667,9646686
9615721,1008196,9613664,9613664,9613667,1008196
9615721,1008196,9613664,9613664,9613667,9615716
9615721,1008196,9613664,9613664,9613667,9613664
9615721,1008196,9613664,9613664,9613667,9613667
9615721,1008196,9613664,9613667,9646686,9646686
9615721,1008196,9613664,9613667,9646686,1008196
9615721,1008196,9613664,9613667,9646686,9615716
9615721,1008196,9613664,9613667,9646686,9613664
9615721,1008196,9613664,9613667,9646686,9613667
9615721,1008196,9613664,9613667,1008196,9646686
9615721,1008196,9613664,9613667,1008196,1008196
9615721,1008196,9613664,9613667,1008196,9615716
9615721,1008196,9613664,9613667,1008196,9613664
9615721,1008196,9613664,9613667,1008196,9613667
9615721,1008196,9613664,9613667,9615716,9646686
9615721,1008196,9613664,9613667,9615716,1008196
9615721,1008196,9613664,9613667,9615716,9615716
9615721,1008196,9613664,9613667,9615716,9613664
9615721,1008196,9613664,9613667,9615716,9613667
9615721,1008196,9613664,9613667,9613664,9646686
9615721,1008196,9613664,9613667,9613664,1008196
9615721,1008196,9613664,9613667,9613664,9615716
9615721,1008196,9613664,9613667,9613664,9613664
9615721,1008196,9613664,9613667,9613664,9613667
9615721,1008196,9613664,9613667,9613667,9646686
9615721,1008196,9613664,9613667,9613667,1008196
9615721,1008196,9613664,9613667,9613667,9615716
9615721,1008196,9613664,9613667,9613667,9613664
9615721,1008196,9613664,9613667,9613667,9613667
9615721,1008196,9613667,9646686,9646686,9646686
9615721,1008196,9613667,9646686,9646686,1008196
9615721,1008196,9613667,9646686,9646686,9615716
9615721,1008196,9613667,9646686,9646686,9613664
9615721,1008196,9613667,9646686,9646686,9613667
9615721,1008196,9613667,9646686,1008196,9646686
9615721,1008196,9613667,9646686,1008196,1008196
9615721,1008196,9613667,9646686,1008196,9615716
9615721,1008196,9613667,9646686,1008196,9613664
9615721,1008196,9613667,9646686,1008196,9613667
9615721,1008196,9613667,9646686,9615716,9646686
9615721,1008196,9613667,9646686,9615716,1008196
9615721,1008196,9613667,9646686,9615716,9615716
9615721,1008196,9613667,9646686,9615716,9613664
9615721,1008196,9613667,9646686,9615716,9613667
9615721,1008196,9613667,9646686,9613664,9646686
9615721,1008196,9613667,9646686,9613664,1008196
9615721,1008196,9613667,9646686,9613664,9615716
9615721,1008196,9613667,9646686,9613664,9613664
9615721,1008196,9613667,9646686,9613664,9613667
9615721,1008196,9613667,9646686,9613667,9646686
9615721,1008196,9613667,9646686,9613667,1008196
9615721,1008196,9613667,9646686,9613667,9615716
9615721,1008196,9613667,9646686,9613667,9613664
9615721,1008196,9613667,9646686,9613667,9613667
9615721,1008196,9613667,1008196,9646686,9646686
9615721,1008196,9613667,1008196,9646686,1008196
9615721,1008196,9613667,1008196,9646686,9615716
9615721,1008196,9613667,1008196,9646686,9613664
9615721,1008196,9613667,1008196,9646686,9613667
9615721,1008196,9613667,1008196,1008196,9646686
9615721,1008196,9613667,1008196,1008196,1008196
9615721,1008196,9613667,1008196,1008196,9615716
9615721,1008196,9613667,1008196,1008196,9613664
9615721,1008196,9613667,1008196,1008196,9613667
9615721,1008196,9613667,1008196,9615716,9646686
9615721,1008196,9613667,1008196,9615716,1008196
9615721,1008196,9613667,1008196,9615716,9615716
9615721,1008196,9613667,1008196,9615716,9613664
9615721,1008196,9613667,1008196,9615716,9613667
9615721,1008196,9613667,1008196,9613664,9646686
9615721,1008196,9613667,1008196,9613664,1008196
9615721,1008196,9613667,1008196,9613664,9615716
9615721,1008196,9613667,1008196,9613664,9613664
9615721,1008196,9613667,1008196,9613664,9613667
9615721,1008196,9613667,1008196,9613667,9646686
9615721,1008196,9613667,1008196,9613667,1008196
9615721,1008196,9613667,1008196,9613667,9615716
9615721,1008196,9613667,1008196,9613667,9613664
9615721,1008196,9613667,1008196,9613667,9613667
9615721,1008196,9613667,9615716,9646686,9646686
9615721,1008196,9613667,9615716,9646686,1008196
9615721,1008196,9613667,9615716,9646686,9615716
9615721,1008196,9613667,9615716,9646686,9613664
9615721,1008196,9613667,9615716,9646686,9613667
9615721,1008196,9613667,9615716,1008196,9646686
9615721,1008196,9613667,9615716,1008196,1008196
9615721,1008196,9613667,9615716,1008196,9615716
9615721,1008196,9613667,9615716,1008196,9613664
9615721,1008196,9613667,9615716,1008196,9613667
9615721,1008196,9613667,9615716,9615716,9646686
9615721,1008196,9613667,9615716,9615716,1008196
9615721,1008196,9613667,9615716,9615716,9615716
9615721,1008196,9613667,9615716,9615716,9613664
9615721,1008196,9613667,9615716,9615716,9613667
9615721,1008196,9613667,9615716,9613664,9646686
9615721,1008196,9613667,9615716,9613664,1008196
9615721,1008196,9613667,9615716,9613664,9615716
9615721,1008196,9613667,9615716,9613664,9613664
9615721,1008196,9613667,9615716,9613664,9613667
9615721,1008196,9613667,9615716,9613667,9646686
9615721,1008196,9613667,9615716,9613667,1008196
9615721,1008196,9613667,9615716,9613667,9615716
9615721,1008196,9613667,9615716,9613667,9613664
9615721,1008196,9613667,9615716,9613667,9613667
9615721,1008196,9613667,9613664,9646686,9646686
9615721,1008196,9613667,9613664,9646686,1008196
9615721,1008196,9613667,9613664,9646686,9615716
9615721,1008196,9613667,9613664,9646686,9613664
9615721,1008196,9613667,9613664,9646686,9613667
9615721,1008196,9613667,9613664,1008196,9646686
9615721,1008196,9613667,9613664,1008196,1008196
9615721,1008196,9613667,9613664,1008196,9615716
9615721,1008196,9613667,9613664,1008196,9613664
9615721,1008196,9613667,9613664,1008196,9613667
9615721,1008196,9613667,9613664,9615716,9646686
9615721,1008196,9613667,9613664,9615716,1008196
9615721,1008196,9613667,9613664,9615716,9615716
9615721,1008196,9613667,9613664,9615716,9613664
9615721,1008196,9613667,9613664,9615716,9613667
9615721,1008196,9613667,9613664,9613664,9646686
9615721,1008196,9613667,9613664,9613664,1008196
9615721,1008196,9613667,9613664,9613664,9615716
9615721,1008196,9613667,9613664,9613664,9613664
9615721,1008196,9613667,9613664,9613664,9613667
9615721,1008196,9613667,9613664,9613667,9646686
9615721,1008196,9613667,9613664,9613667,1008196
9615721,1008196,9613667,9613664,9613667,9615716
9615721,1008196,9613667,9613664,9613667,9613664
9615721,1008196,9613667,9613664,9613667,9613667
9615721,1008196,9613667,9613667,9646686,9646686
9615721,1008196,9613667,9613667,9646686,1008196
9615721,1008196,9613667,9613667,9646686,9615716
9615721,1008196,9613667,9613667,9646686,9613664
9615721,1008196,9613667,9613667,9646686,9613667
9615721,1008196,9613667,9613667,1008196,9646686
9615721,1008196,9613667,9613667,1008196,1008196
9615721,1008196,9613667,9613667,1008196,9615716
9615721,1008196,9613667,9613667,1008196,9613664
9615721,1008196,9613667,9613667,1008196,9613667
9615721,1008196,9613667,9613667,9615716,9646686
9615721,1008196,9613667,9613667,9615716,1008196
9615721,1008196,9613667,9613667,9615716,9615716
9615721,1008196,9613667,9613667,9615716,9613664
9615721,1008196,9613667,9613667,9615716,9613667
9615721,1008196,9613667,9613667,9613664,9646686
9615721,1008196,9613667,9613667,9613664,1008196
9615721,1008196,9613667,9613667,9613664,9615716
9615721,1008196,9613667,9613667,9613664,9613664
9615721,1008196,9613667,9613667,9613664,9613667
9615721,1008196,9613667,9613667,9613667,9646686
9615721,1008196,9613667,9613667,9613667,1008196
9615721,1008196,9613667,9613667,9613667,9615716
9615721,1008196,9613667,9613667,9613667,9613664
9615721,1008196,9613667,9613667,9613667,9613667
9615721,9615716,9646686,9646686,9646686,9646686
9615721,9615716,9646686,9646686,9646686,1008196
9615721,9615716,9646686,9646686,9646686,9615716
9615721,9615716,9646686,9646686,9646686,9613664
9615721,9615716,9646686,9646686,9646686,9613667
9615721,9615716,9646686,9646686,1008196,9646686
9615721,9615716,9646686,9646686,1008196,1008196
9615721,9615716,9646686,9646686,1008196,9615716
9615721,9615716,9646686,9646686,1008196,9613664
9615721,9615716,9646686,9646686,1008196,9613667
9615721,9615716,9646686,9646686,9615716,9646686
9615721,9615716,9646686,9646686,9615716,1008196
9615721,9615716,9646686,9646686,9615716,9615716
9615721,9615716,9646686,9646686,9615716,9613664
9615721,9615716,9646686,9646686,9615716,9613667
9615721,9615716,9646686,9646686,9613664,9646686
9615721,9615716,9646686,9646686,9613664,1008196
9615721,9615716,9646686,9646686,9613664,9615716
9615721,9615716,9646686,9646686,9613664,9613664
9615721,9615716,9646686,9646686,9613664,9613667
9615721,9615716,9646686,9646686,9613667,9646686
9615721,9615716,9646686,9646686,9613667,1008196
9615721,9615716,9646686,9646686,9613667,9615716
9615721,9615716,9646686,9646686,9613667,9613664
9615721,9615716,9646686,9646686,9613667,9613667
9615721,9615716,9646686,1008196,9646686,9646686
9615721,9615716,9646686,1008196,9646686,1008196
9615721,9615716,9646686,1008196,9646686,9615716
9615721,9615716,9646686,1008196,9646686,9613664
9615721,9615716,9646686,1008196,9646686,9613667
9615721,9615716,9646686,1008196,1008196,9646686
9615721,9615716,9646686,1008196,1008196,1008196
9615721,9615716,9646686,1008196,1008196,9615716
9615721,9615716,9646686,1008196,1008196,9613664
9615721,9615716,9646686,1008196,1008196,9613667
9615721,9615716,9646686,1008196,9615716,9646686
9615721,9615716,9646686,1008196,9615716,1008196
9615721,9615716,9646686,1008196,9615716,9615716
9615721,9615716,9646686,1008196,9615716,9613664
9615721,9615716,9646686,1008196,9615716,9613667
9615721,9615716,9646686,1008196,9613664,9646686
9615721,9615716,9646686,1008196,9613664,1008196
9615721,9615716,9646686,1008196,9613664,9615716
9615721,9615716,9646686,1008196,9613664,9613664
9615721,9615716,9646686,1008196,9613664,9613667
9615721,9615716,9646686,1008196,9613667,9646686
9615721,9615716,9646686,1008196,9613667,1008196
9615721,9615716,9646686,1008196,9613667,9615716
9615721,9615716,9646686,1008196,9613667,9613664
9615721,9615716,9646686,1008196,9613667,9613667
9615721,9615716,9646686,9615716,9646686,9646686
9615721,9615716,9646686,9615716,9646686,1008196
9615721,9615716,9646686,9615716,9646686,9615716
9615721,9615716,9646686,9615716,9646686,9613664
9615721,9615716,9646686,9615716,9646686,9613667
9615721,9615716,9646686,9615716,1008196,9646686
9615721,9615716,9646686,9615716,1008196,1008196
9615721,9615716,9646686,9615716,1008196,9615716
9615721,9615716,9646686,9615716,1008196,9613664
9615721,9615716,9646686,9615716,1008196,9613667
9615721,9615716,9646686,9615716,9615716,9646686
9615721,9615716,9646686,9615716,9615716,1008196
9615721,9615716,9646686,9615716,9615716,9615716
9615721,9615716,9646686,9615716,9615716,9613664
9615721,9615716,9646686,9615716,9615716,9613667
9615721,9615716,9646686,9615716,9613664,9646686
9615721,9615716,9646686,9615716,9613664,1008196
9615721,9615716,9646686,9615716,9613664,9615716
9615721,9615716,9646686,9615716,9613664,9613664
9615721,9615716,9646686,9615716,9613664,9613667
9615721,9615716,9646686,9615716,9613667,9646686
9615721,9615716,9646686,9615716,9613667,1008196
9615721,9615716,9646686,9615716,9613667,9615716
9615721,9615716,9646686,9615716,9613667,9613664
9615721,9615716,9646686,9615716,9613667,9613667
9615721,9615716,9646686,9613664,9646686,9646686
9615721,9615716,9646686,9613664,9646686,1008196
9615721,9615716,9646686,9613664,9646686,9615716
9615721,9615716,9646686,9613664,9646686,9613664
9615721,9615716,9646686,9613664,9646686,9613667
9615721,9615716,9646686,9613664,1008196,9646686
9615721,9615716,9646686,9613664,1008196,1008196
9615721,9615716,9646686,9613664,1008196,9615716
9615721,9615716,9646686,9613664,1008196,9613664
9615721,9615716,9646686,9613664,1008196,9613667
9615721,9615716,9646686,9613664,9615716,9646686
9615721,9615716,9646686,9613664,9615716,1008196
9615721,9615716,9646686,9613664,9615716,9615716
9615721,9615716,9646686,9613664,9615716,9613664
9615721,9615716,9646686,9613664,9615716,9613667
9615721,9615716,9646686,9613664,9613664,9646686
9615721,9615716,9646686,9613664,9613664,1008196
9615721,9615716,9646686,9613664,9613664,9615716
9615721,9615716,9646686,9613664,9613664,9613664
9615721,9615716,9646686,9613664,9613664,9613667
9615721,9615716,9646686,9613664,9613667,9646686
9615721,9615716,9646686,9613664,9613667,1008196
9615721,9615716,9646686,9613664,9613667,9615716
9615721,9615716,9646686,9613664,9613667,9613664
9615721,9615716,9646686,9613664,9613667,9613667
9615721,9615716,9646686,9613667,9646686,9646686
9615721,9615716,9646686,9613667,9646686,1008196
9615721,9615716,9646686,9613667,9646686,9615716
9615721,9615716,9646686,9613667,9646686,9613664
9615721,9615716,9646686,9613667,9646686,9613667
9615721,9615716,9646686,9613667,1008196,9646686
9615721,9615716,9646686,9613667,1008196,1008196
9615721,9615716,9646686,9613667,1008196,9615716
9615721,9615716,9646686,9613667,1008196,9613664
9615721,9615716,9646686,9613667,1008196,9613667
9615721,9615716,9646686,9613667,9615716,9646686
9615721,9615716,9646686,9613667,9615716,1008196
9615721,9615716,9646686,9613667,9615716,9615716
9615721,9615716,9646686,9613667,9615716,9613664
9615721,9615716,9646686,9613667,9615716,9613667
9615721,9615716,9646686,9613667,9613664,9646686
9615721,9615716,9646686,9613667,9613664,1008196
9615721,9615716,9646686,9613667,9613664,9615716
9615721,9615716,9646686,9613667,9613664,9613664
9615721,9615716,9646686,9613667,9613664,9613667
9615721,9615716,9646686,9613667,9613667,9646686
9615721,9615716,9646686,9613667,9613667,1008196
9615721,9615716,9646686,9613667,9613667,9615716
9615721,9615716,9646686,9613667,9613667,9613664
9615721,9615716,9646686,9613667,9613667,9613667
9615721,9615716,1008196,9646686,9646686,9646686
9615721,9615716,1008196,9646686,9646686,1008196
9615721,9615716,1008196,9646686,9646686,9615716
9615721,9615716,1008196,9646686,9646686,9613664
9615721,9615716,1008196,9646686,9646686,9613667
9615721,9615716,1008196,9646686,1008196,9646686
9615721,9615716,1008196,9646686,1008196,1008196
9615721,9615716,1008196,9646686,1008196,9615716
9615721,9615716,1008196,9646686,1008196,9613664
9615721,9615716,1008196,9646686,1008196,9613667
9615721,9615716,1008196,9646686,9615716,9646686
9615721,9615716,1008196,9646686,9615716,1008196
9615721,9615716,1008196,9646686,9615716,9615716
9615721,9615716,1008196,9646686,9615716,9613664
9615721,9615716,1008196,9646686,9615716,9613667
9615721,9615716,1008196,9646686,9613664,9646686
9615721,9615716,1008196,9646686,9613664,1008196
9615721,9615716,1008196,9646686,9613664,9615716
9615721,9615716,1008196,9646686,9613664,9613664
9615721,9615716,1008196,9646686,9613664,9613667
9615721,9615716,1008196,9646686,9613667,9646686
9615721,9615716,1008196,9646686,9613667,1008196
9615721,9615716,1008196,9646686,9613667,9615716
9615721,9615716,1008196,9646686,9613667,9613664
9615721,9615716,1008196,9646686,9613667,9613667
9615721,9615716,1008196,1008196,9646686,9646686
9615721,9615716,1008196,1008196,9646686,1008196
9615721,9615716,1008196,1008196,9646686,9615716
9615721,9615716,1008196,1008196,9646686,9613664
9615721,9615716,1008196,1008196,9646686,9613667
9615721,9615716,1008196,1008196,1008196,9646686
9615721,9615716,1008196,1008196,1008196,1008196
9615721,9615716,1008196,1008196,1008196,9615716
9615721,9615716,1008196,1008196,1008196,9613664
9615721,9615716,1008196,1008196,1008196,9613667
9615721,9615716,1008196,1008196,9615716,9646686
9615721,9615716,1008196,1008196,9615716,1008196
9615721,9615716,1008196,1008196,9615716,9615716
9615721,9615716,1008196,1008196,9615716,9613664
9615721,9615716,1008196,1008196,9615716,9613667
9615721,9615716,1008196,1008196,9613664,9646686
9615721,9615716,1008196,1008196,9613664,1008196
9615721,9615716,1008196,1008196,9613664,9615716
9615721,9615716,1008196,1008196,9613664,9613664
9615721,9615716,1008196,1008196,9613664,9613667
9615721,9615716,1008196,1008196,9613667,9646686
9615721,9615716,1008196,1008196,9613667,1008196
9615721,9615716,1008196,1008196,9613667,9615716
9615721,9615716,1008196,1008196,9613667,9613664
9615721,9615716,1008196,1008196,9613667,9613667
9615721,9615716,1008196,9615716,9646686,9646686
9615721,9615716,1008196,9615716,9646686,1008196
9615721,9615716,1008196,9615716,9646686,9615716
9615721,9615716,1008196,9615716,9646686,9613664
9615721,9615716,1008196,9615716,9646686,9613667
9615721,9615716,1008196,9615716,1008196,9646686
9615721,9615716,1008196,9615716,1008196,1008196
9615721,9615716,1008196,9615716,1008196,9615716
9615721,9615716,1008196,9615716,1008196,9613664
9615721,9615716,1008196,9615716,1008196,9613667
9615721,9615716,1008196,9615716,9615716,9646686
9615721,9615716,1008196,9615716,9615716,1008196
9615721,9615716,1008196,9615716,9615716,9615716
9615721,9615716,1008196,9615716,9615716,9613664
9615721,9615716,1008196,9615716,9615716,9613667
9615721,9615716,1008196,9615716,9613664,9646686
9615721,9615716,1008196,9615716,9613664,1008196
9615721,9615716,1008196,9615716,9613664,9615716
9615721,9615716,1008196,9615716,9613664,9613664
9615721,9615716,1008196,9615716,9613664,9613667
9615721,9615716,1008196,9615716,9613667,9646686
9615721,9615716,1008196,9615716,9613667,1008196
9615721,9615716,1008196,9615716,9613667,9615716
9615721,9615716,1008196,9615716,9613667,9613664
9615721,9615716,1008196,9615716,9613667,9613667
9615721,9615716,1008196,9613664,9646686,9646686
9615721,9615716,1008196,9613664,9646686,1008196
9615721,9615716,1008196,9613664,9646686,9615716
9615721,9615716,1008196,9613664,9646686,9613664
9615721,9615716,1008196,9613664,9646686,9613667
9615721,9615716,1008196,9613664,1008196,9646686
9615721,9615716,1008196,9613664,1008196,1008196
9615721,9615716,1008196,9613664,1008196,9615716
9615721,9615716,1008196,9613664,1008196,9613664
9615721,9615716,1008196,9613664,1008196,9613667
9615721,9615716,1008196,9613664,9615716,9646686
9615721,9615716,1008196,9613664,9615716,1008196
9615721,9615716,1008196,9613664,9615716,9615716
9615721,9615716,1008196,9613664,9615716,9613664
9615721,9615716,1008196,9613664,9615716,9613667
9615721,9615716,1008196,9613664,9613664,9646686
9615721,9615716,1008196,9613664,9613664,1008196
9615721,9615716,1008196,9613664,9613664,9615716
9615721,9615716,1008196,9613664,9613664,9613664
9615721,9615716,1008196,9613664,9613664,9613667
9615721,9615716,1008196,9613664,9613667,9646686
9615721,9615716,1008196,9613664,9613667,1008196
9615721,9615716,1008196,9613664,9613667,9615716
9615721,9615716,1008196,9613664,9613667,9613664
9615721,9615716,1008196,9613664,9613667,9613667
9615721,9615716,1008196,9613667,9646686,9646686
9615721,9615716,1008196,9613667,9646686,1008196
9615721,9615716,1008196,9613667,9646686,9615716
9615721,9615716,1008196,9613667,9646686,9613664
9615721,9615716,1008196,9613667,9646686,9613667
9615721,9615716,1008196,9613667,1008196,9646686
9615721,9615716,1008196,9613667,1008196,1008196
9615721,9615716,1008196,9613667,1008196,9615716
9615721,9615716,1008196,9613667,1008196,9613664
9615721,9615716,1008196,9613667,1008196,9613667
9615721,9615716,1008196,9613667,9615716,9646686
9615721,9615716,1008196,9613667,9615716,1008196
9615721,9615716,1008196,9613667,9615716,9615716
9615721,9615716,1008196,9613667,9615716,9613664
9615721,9615716,1008196,9613667,9615716,9613667
9615721,9615716,1008196,9613667,9613664,9646686
9615721,9615716,1008196,9613667,9613664,1008196
9615721,9615716,1008196,9613667,9613664,9615716
9615721,9615716,1008196,9613667,9613664,9613664
9615721,9615716,1008196,9613667,9613664,9613667
9615721,9615716,1008196,9613667,9613667,9646686
9615721,9615716,1008196,9613667,9613667,1008196
9615721,9615716,1008196,9613667,9613667,9615716
9615721,9615716,1008196,9613667,9613667,9613664
9615721,9615716,1008196,9613667,9613667,9613667
9615721,9615716,9615716,9646686,9646686,9646686
9615721,9615716,9615716,9646686,9646686,1008196
9615721,9615716,9615716,9646686,9646686,9615716
9615721,9615716,9615716,9646686,9646686,9613664
9615721,9615716,9615716,9646686,9646686,9613667
9615721,9615716,9615716,9646686,1008196,9646686
9615721,9615716,9615716,9646686,1008196,1008196
9615721,9615716,9615716,9646686,1008196,9615716
9615721,9615716,9615716,9646686,1008196,9613664
9615721,9615716,9615716,9646686,1008196,9613667
9615721,9615716,9615716,9646686,9615716,9646686
9615721,9615716,9615716,9646686,9615716,1008196
9615721,9615716,9615716,9646686,9615716,9615716
9615721,9615716,9615716,9646686,9615716,9613664
9615721,9615716,9615716,9646686,9615716,9613667
9615721,9615716,9615716,9646686,9613664,9646686
9615721,9615716,9615716,9646686,9613664,1008196
9615721,9615716,9615716,9646686,9613664,9615716
9615721,9615716,9615716,9646686,9613664,9613664
9615721,9615716,9615716,9646686,9613664,9613667
9615721,9615716,9615716,9646686,9613667,9646686
9615721,9615716,9615716,9646686,9613667,1008196
9615721,9615716,9615716,9646686,9613667,9615716
9615721,9615716,9615716,9646686,9613667,9613664
9615721,9615716,9615716,9646686,9613667,9613667
9615721,9615716,9615716,1008196,9646686,9646686
9615721,9615716,9615716,1008196,9646686,1008196
9615721,9615716,9615716,1008196,9646686,9615716
9615721,9615716,9615716,1008196,9646686,9613664
9615721,9615716,9615716,1008196,9646686,9613667
9615721,9615716,9615716,1008196,1008196,9646686
9615721,9615716,9615716,1008196,1008196,1008196
9615721,9615716,9615716,1008196,1008196,9615716
9615721,9615716,9615716,1008196,1008196,9613664
9615721,9615716,9615716,1008196,1008196,9613667
9615721,9615716,9615716,1008196,9615716,9646686
9615721,9615716,9615716,1008196,9615716,1008196
9615721,9615716,9615716,1008196,9615716,9615716
9615721,9615716,9615716,1008196,9615716,9613664
9615721,9615716,9615716,1008196,9615716,9613667
9615721,9615716,9615716,1008196,9613664,9646686
9615721,9615716,9615716,1008196,9613664,1008196
9615721,9615716,9615716,1008196,9613664,9615716
9615721,9615716,9615716,1008196,9613664,9613664
9615721,9615716,9615716,1008196,9613664,9613667
9615721,9615716,9615716,1008196,9613667,9646686
9615721,9615716,9615716,1008196,9613667,1008196
9615721,9615716,9615716,1008196,9613667,9615716
9615721,9615716,9615716,1008196,9613667,9613664
9615721,9615716,9615716,1008196,9613667,9613667
9615721,9615716,9615716,9615716,9646686,9646686
9615721,9615716,9615716,9615716,9646686,1008196
9615721,9615716,9615716,9615716,9646686,9615716
9615721,9615716,9615716,9615716,9646686,9613664
9615721,9615716,9615716,9615716,9646686,9613667
9615721,9615716,9615716,9615716,1008196,9646686
9615721,9615716,9615716,9615716,1008196,1008196
9615721,9615716,9615716,9615716,1008196,9615716
9615721,9615716,9615716,9615716,1008196,9613664
9615721,9615716,9615716,9615716,1008196,9613667
9615721,9615716,9615716,9615716,9615716,9646686
9615721,9615716,9615716,9615716,9615716,1008196
9615721,9615716,9615716,9615716,9615716,9615716
9615721,9615716,9615716,9615716,9615716,9613664
9615721,9615716,9615716,9615716,9615716,9613667
9615721,9615716,9615716,9615716,9613664,9646686
9615721,9615716,9615716,9615716,9613664,1008196
9615721,9615716,9615716,9615716,9613664,9615716
9615721,9615716,9615716,9615716,9613664,9613664
9615721,9615716,9615716,9615716,9613664,9613667
9615721,9615716,9615716,9615716,9613667,9646686
9615721,9615716,9615716,9615716,9613667,1008196
9615721,9615716,9615716,9615716,9613667,9615716
9615721,9615716,9615716,9615716,9613667,9613664
9615721,9615716,9615716,9615716,9613667,9613667
9615721,9615716,9615716,9613664,9646686,9646686
9615721,9615716,9615716,9613664,9646686,1008196
9615721,9615716,9615716,9613664,9646686,9615716
9615721,9615716,9615716,9613664,9646686,9613664
9615721,9615716,9615716,9613664,9646686,9613667
9615721,9615716,9615716,9613664,1008196,9646686
9615721,9615716,9615716,9613664,1008196,1008196
9615721,9615716,9615716,9613664,1008196,9615716
9615721,9615716,9615716,9613664,1008196,9613664
9615721,9615716,9615716,9613664,1008196,9613667
9615721,9615716,9615716,9613664,9615716,9646686
9615721,9615716,9615716,9613664,9615716,1008196
9615721,9615716,9615716,9613664,9615716,9615716
9615721,9615716,9615716,9613664,9615716,9613664
9615721,9615716,9615716,9613664,9615716,9613667
9615721,9615716,9615716,9613664,9613664,9646686
9615721,9615716,9615716,9613664,9613664,1008196
9615721,9615716,9615716,9613664,9613664,9615716
9615721,9615716,9615716,9613664,9613664,9613664
9615721,9615716,9615716,9613664,9613664,9613667
9615721,9615716,9615716,9613664,9613667,9646686
9615721,9615716,9615716,9613664,9613667,1008196
9615721,9615716,9615716,9613664,9613667,9615716
9615721,9615716,9615716,9613664,9613667,9613664
9615721,9615716,9615716,9613664,9613667,9613667
9615721,9615716,9615716,9613667,9646686,9646686
9615721,9615716,9615716,9613667,9646686,1008196
9615721,9615716,9615716,9613667,9646686,9615716
9615721,9615716,9615716,9613667,9646686,9613664
9615721,9615716,9615716,9613667,9646686,9613667
9615721,9615716,9615716,9613667,1008196,9646686
9615721,9615716,9615716,9613667,1008196,1008196
9615721,9615716,9615716,9613667,1008196,9615716
9615721,9615716,9615716,9613667,1008196,9613664
9615721,9615716,9615716,9613667,1008196,9613667
9615721,9615716,9615716,9613667,9615716,9646686
9615721,9615716,9615716,9613667,9615716,1008196
9615721,9615716,9615716,9613667,9615716,9615716
9615721,9615716,9615716,9613667,9615716,9613664
9615721,9615716,9615716,9613667,9615716,9613667
9615721,9615716,9615716,9613667,9613664,9646686
9615721,9615716,9615716,9613667,9613664,1008196
9615721,9615716,9615716,9613667,9613664,9615716
9615721,9615716,9615716,9613667,9613664,9613664
9615721,9615716,9615716,9613667,9613664,9613667
9615721,9615716,9615716,9613667,9613667,9646686
9615721,9615716,9615716,9613667,9613667,1008196
9615721,9615716,9615716,9613667,9613667,9615716
9615721,9615716,9615716,9613667,9613667,9613664
9615721,9615716,9615716,9613667,9613667,9613667
9615721,9615716,9613664,9646686,9646686,9646686
9615721,9615716,9613664,9646686,9646686,1008196
9615721,9615716,9613664,9646686,9646686,9615716
9615721,9615716,9613664,9646686,9646686,9613664
9615721,9615716,9613664,9646686,9646686,9613667
9615721,9615716,9613664,9646686,1008196,9646686
9615721,9615716,9613664,9646686,1008196,1008196
9615721,9615716,9613664,9646686,1008196,9615716
9615721,9615716,9613664,9646686,1008196,9613664
9615721,9615716,9613664,9646686,1008196,9613667
9615721,9615716,9613664,9646686,9615716,9646686
9615721,9615716,9613664,9646686,9615716,1008196
9615721,9615716,9613664,9646686,9615716,9615716
9615721,9615716,9613664,9646686,9615716,9613664
9615721,9615716,9613664,9646686,9615716,9613667
9615721,9615716,9613664,9646686,9613664,9646686
9615721,9615716,9613664,9646686,9613664,1008196
9615721,9615716,9613664,9646686,9613664,9615716
9615721,9615716,9613664,9646686,9613664,9613664
9615721,9615716,9613664,9646686,9613664,9613667
9615721,9615716,9613664,9646686,9613667,9646686
9615721,9615716,9613664,9646686,9613667,1008196
9615721,9615716,9613664,9646686,9613667,9615716
9615721,9615716,9613664,9646686,9613667,9613664
9615721,9615716,9613664,9646686,9613667,9613667
9615721,9615716,9613664,1008196,9646686,9646686
9615721,9615716,9613664,1008196,9646686,1008196
9615721,9615716,9613664,1008196,9646686,9615716
9615721,9615716,9613664,1008196,9646686,9613664
9615721,9615716,9613664,1008196,9646686,9613667
9615721,9615716,9613664,1008196,1008196,9646686
9615721,9615716,9613664,1008196,1008196,1008196
9615721,9615716,9613664,1008196,1008196,9615716
9615721,9615716,9613664,1008196,1008196,9613664
9615721,9615716,9613664,1008196,1008196,9613667
9615721,9615716,9613664,1008196,9615716,9646686
9615721,9615716,9613664,1008196,9615716,1008196
9615721,9615716,9613664,1008196,9615716,9615716
9615721,9615716,9613664,1008196,9615716,9613664
9615721,9615716,9613664,1008196,9615716,9613667
9615721,9615716,9613664,1008196,9613664,9646686
9615721,9615716,9613664,1008196,9613664,1008196
9615721,9615716,9613664,1008196,9613664,9615716
9615721,9615716,9613664,1008196,9613664,9613664
9615721,9615716,9613664,1008196,9613664,9613667
9615721,9615716,9613664,1008196,9613667,9646686
9615721,9615716,9613664,1008196,9613667,1008196
9615721,9615716,9613664,1008196,9613667,9615716
9615721,9615716,9613664,1008196,9613667,9613664
9615721,9615716,9613664,1008196,9613667,9613667
9615721,9615716,9613664,9615716,9646686,9646686
9615721,9615716,9613664,9615716,9646686,1008196
9615721,9615716,9613664,9615716,9646686,9615716
9615721,9615716,9613664,9615716,9646686,9613664
9615721,9615716,9613664,9615716,9646686,9613667
9615721,9615716,9613664,9615716,1008196,9646686
9615721,9615716,9613664,9615716,1008196,1008196
9615721,9615716,9613664,9615716,1008196,9615716
9615721,9615716,9613664,9615716,1008196,9613664
9615721,9615716,9613664,9615716,1008196,9613667
9615721,9615716,9613664,9615716,9615716,9646686
9615721,9615716,9613664,9615716,9615716,1008196
9615721,9615716,9613664,9615716,9615716,9615716
9615721,9615716,9613664,9615716,9615716,9613664
9615721,9615716,9613664,9615716,9615716,9613667
9615721,9615716,9613664,9615716,9613664,9646686
9615721,9615716,9613664,9615716,9613664,1008196
9615721,9615716,9613664,9615716,9613664,9615716
9615721,9615716,9613664,9615716,9613664,9613664
9615721,9615716,9613664,9615716,9613664,9613667
9615721,9615716,9613664,9615716,9613667,9646686
9615721,9615716,9613664,9615716,9613667,1008196
9615721,9615716,9613664,9615716,9613667,9615716
9615721,9615716,9613664,9615716,9613667,9613664
9615721,9615716,9613664,9615716,9613667,9613667
9615721,9615716,9613664,9613664,9646686,9646686
9615721,9615716,9613664,9613664,9646686,1008196
9615721,9615716,9613664,9613664,9646686,9615716
9615721,9615716,9613664,9613664,9646686,9613664
9615721,9615716,9613664,9613664,9646686,9613667
9615721,9615716,9613664,9613664,1008196,9646686
9615721,9615716,9613664,9613664,1008196,1008196
9615721,9615716,9613664,9613664,1008196,9615716
9615721,9615716,9613664,9613664,1008196,9613664
9615721,9615716,9613664,9613664,1008196,9613667
9615721,9615716,9613664,9613664,9615716,9646686
9615721,9615716,9613664,9613664,9615716,1008196
9615721,9615716,9613664,9613664,9615716,9615716
9615721,9615716,9613664,9613664,9615716,9613664
9615721,9615716,9613664,9613664,9615716,9613667
9615721,9615716,9613664,9613664,9613664,9646686
9615721,9615716,9613664,9613664,9613664,1008196
9615721,9615716,9613664,9613664,9613664,9615716
9615721,9615716,9613664,9613664,9613664,9613664
9615721,9615716,9613664,9613664,9613664,9613667
9615721,9615716,9613664,9613664,9613667,9646686
9615721,9615716,9613664,9613664,9613667,1008196
9615721,9615716,9613664,9613664,9613667,9615716
9615721,9615716,9613664,9613664,9613667,9613664
9615721,9615716,9613664,9613664,9613667,9613667
9615721,9615716,9613664,9613667,9646686,9646686
9615721,9615716,9613664,9613667,9646686,1008196
9615721,9615716,9613664,9613667,9646686,9615716
9615721,9615716,9613664,9613667,9646686,9613664
9615721,9615716,9613664,9613667,9646686,9613667
9615721,9615716,9613664,9613667,1008196,9646686
9615721,9615716,9613664,9613667,1008196,1008196
9615721,9615716,9613664,9613667,1008196,9615716
9615721,9615716,9613664,9613667,1008196,9613664
9615721,9615716,9613664,9613667,1008196,9613667
9615721,9615716,9613664,9613667,9615716,9646686
9615721,9615716,9613664,9613667,9615716,1008196
9615721,9615716,9613664,9613667,9615716,9615716
9615721,9615716,9613664,9613667,9615716,9613664
9615721,9615716,9613664,9613667,9615716,9613667
9615721,9615716,9613664,9613667,9613664,9646686
9615721,9615716,9613664,9613667,9613664,1008196
9615721,9615716,9613664,9613667,9613664,9615716
9615721,9615716,9613664,9613667,9613664,9613664
9615721,9615716,9613664,9613667,9613664,9613667
9615721,9615716,9613664,9613667,9613667,9646686
9615721,9615716,9613664,9613667,9613667,1008196
9615721,9615716,9613664,9613667,9613667,9615716
9615721,9615716,9613664,9613667,9613667,9613664
9615721,9615716,9613664,9613667,9613667,9613667
9615721,9615716,9613667,9646686,9646686,9646686
9615721,9615716,9613667,9646686,9646686,1008196
9615721,9615716,9613667,9646686,9646686,9615716
9615721,9615716,9613667,9646686,9646686,9613664
9615721,9615716,9613667,9646686,9646686,9613667
9615721,9615716,9613667,9646686,1008196,9646686
9615721,9615716,9613667,9646686,1008196,1008196
9615721,9615716,9613667,9646686,1008196,9615716
9615721,9615716,9613667,9646686,1008196,9613664
9615721,9615716,9613667,9646686,1008196,9613667
9615721,9615716,9613667,9646686,9615716,9646686
9615721,9615716,9613667,9646686,9615716,1008196
9615721,9615716,9613667,9646686,9615716,9615716
9615721,9615716,9613667,9646686,9615716,9613664
9615721,9615716,9613667,9646686,9615716,9613667
9615721,9615716,9613667,9646686,9613664,9646686
9615721,9615716,9613667,9646686,9613664,1008196
9615721,9615716,9613667,9646686,9613664,9615716
9615721,9615716,9613667,9646686,9613664,9613664
9615721,9615716,9613667,9646686,9613664,9613667
9615721,9615716,9613667,9646686,9613667,9646686
9615721,9615716,9613667,9646686,9613667,1008196
9615721,9615716,9613667,9646686,9613667,9615716
9615721,9615716,9613667,9646686,9613667,9613664
9615721,9615716,9613667,9646686,9613667,9613667
9615721,9615716,9613667,1008196,9646686,9646686
9615721,9615716,9613667,1008196,9646686,1008196
9615721,9615716,9613667,1008196,9646686,9615716
9615721,9615716,9613667,1008196,9646686,9613664
9615721,9615716,9613667,1008196,9646686,9613667
9615721,9615716,9613667,1008196,1008196,9646686
9615721,9615716,9613667,1008196,1008196,1008196
9615721,9615716,9613667,1008196,1008196,9615716
9615721,9615716,9613667,1008196,1008196,9613664
9615721,9615716,9613667,1008196,1008196,9613667
9615721,9615716,9613667,1008196,9615716,9646686
9615721,9615716,9613667,1008196,9615716,1008196
9615721,9615716,9613667,1008196,9615716,9615716
9615721,9615716,9613667,1008196,9615716,9613664
9615721,9615716,9613667,1008196,9615716,9613667
9615721,9615716,9613667,1008196,9613664,9646686
9615721,9615716,9613667,1008196,9613664,1008196
9615721,9615716,9613667,1008196,9613664,9615716
9615721,9615716,9613667,1008196,9613664,9613664
9615721,9615716,9613667,1008196,9613664,9613667
9615721,9615716,9613667,1008196,9613667,9646686
9615721,9615716,9613667,1008196,9613667,1008196
9615721,9615716,9613667,1008196,9613667,9615716
9615721,9615716,9613667,1008196,9613667,9613664
9615721,9615716,9613667,1008196,9613667,9613667
9615721,9615716,9613667,9615716,9646686,9646686
9615721,9615716,9613667,9615716,9646686,1008196
9615721,9615716,9613667,9615716,9646686,9615716
9615721,9615716,9613667,9615716,9646686,9613664
9615721,9615716,9613667,9615716,9646686,9613667
9615721,9615716,9613667,9615716,1008196,9646686
9615721,9615716,9613667,9615716,1008196,1008196
9615721,9615716,9613667,9615716,1008196,9615716
9615721,9615716,9613667,9615716,1008196,9613664
9615721,9615716,9613667,9615716,1008196,9613667
9615721,9615716,9613667,9615716,9615716,9646686
9615721,9615716,9613667,9615716,9615716,1008196
9615721,9615716,9613667,9615716,9615716,9615716
9615721,9615716,9613667,9615716,9615716,9613664
9615721,9615716,9613667,9615716,9615716,9613667
9615721,9615716,9613667,9615716,9613664,9646686
9615721,9615716,9613667,9615716,9613664,1008196
9615721,9615716,9613667,9615716,9613664,9615716
9615721,9615716,9613667,9615716,9613664,9613664
9615721,9615716,9613667,9615716,9613664,9613667
9615721,9615716,9613667,9615716,9613667,9646686
9615721,9615716,9613667,9615716,9613667,1008196
9615721,9615716,9613667,9615716,9613667,9615716
9615721,9615716,9613667,9615716,9613667,9613664
9615721,9615716,9613667,9615716,9613667,9613667
9615721,9615716,9613667,9613664,9646686,9646686
9615721,9615716,9613667,9613664,9646686,1008196
9615721,9615716,9613667,9613664,9646686,9615716
9615721,9615716,9613667,9613664,9646686,9613664
9615721,9615716,9613667,9613664,9646686,9613667
9615721,9615716,9613667,9613664,1008196,9646686
9615721,9615716,9613667,9613664,1008196,1008196
9615721,9615716,9613667,9613664,1008196,9615716
9615721,9615716,9613667,9613664,1008196,9613664
9615721,9615716,9613667,9613664,1008196,9613667
9615721,9615716,9613667,9613664,9615716,9646686
9615721,9615716,9613667,9613664,9615716,1008196
9615721,9615716,9613667,9613664,9615716,9615716
9615721,9615716,9613667,9613664,9615716,9613664
9615721,9615716,9613667,9613664,9615716,9613667
9615721,9615716,9613667,9613664,9613664,9646686
9615721,9615716,9613667,9613664,9613664,1008196
9615721,9615716,9613667,9613664,9613664,9615716
9615721,9615716,9613667,9613664,9613664,9613664
9615721,9615716,9613667,9613664,9613664,9613667
9615721,9615716,9613667,9613664,9613667,9646686
9615721,9615716,9613667,9613664,9613667,1008196
9615721,9615716,9613667,9613664,9613667,9615716
9615721,9615716,9613667,9613664,9613667,9613664
9615721,9615716,9613667,9613664,9613667,9613667
9615721,9615716,9613667,9613667,9646686,9646686
9615721,9615716,9613667,9613667,9646686,1008196
9615721,9615716,9613667,9613667,9646686,9615716
9615721,9615716,9613667,9613667,9646686,9613664
9615721,9615716,9613667,9613667,9646686,9613667
9615721,9615716,9613667,9613667,1008196,9646686
9615721,9615716,9613667,9613667,1008196,1008196
9615721,9615716,9613667,9613667,1008196,9615716
9615721,9615716,9613667,9613667,1008196,9613664
9615721,9615716,9613667,9613667,1008196,9613667
9615721,9615716,9613667,9613667,9615716,9646686
9615721,9615716,9613667,9613667,9615716,1008196
9615721,9615716,9613667,9613667,9615716,9615716
9615721,9615716,9613667,9613667,9615716,9613664
9615721,9615716,9613667,9613667,9615716,9613667
9615721,9615716,9613667,9613667,9613664,9646686
9615721,9615716,9613667,9613667,9613664,1008196
9615721,9615716,9613667,9613667,9613664,9615716
9615721,9615716,9613667,9613667,9613664,9613664
9615721,9615716,9613667,9613667,9613664,9613667
9615721,9615716,9613667,9613667,9613667,9646686
9615721,9615716,9613667,9613667,9613667,1008196
9615721,9615716,9613667,9613667,9613667,9615716
9615721,9615716,9613667,9613667,9613667,9613664
9615721,9615716,9613667,9613667,9613667,9613667
9615721,9613664,9646686,9646686,9646686,9646686
9615721,9613664,9646686,9646686,9646686,1008196
9615721,9613664,9646686,9646686,9646686,9615716
9615721,9613664,9646686,9646686,9646686,9613664
9615721,9613664,9646686,9646686,9646686,9613667
9615721,9613664,9646686,9646686,1008196,9646686
9615721,9613664,9646686,9646686,1008196,1008196
9615721,9613664,9646686,9646686,1008196,9615716
9615721,9613664,9646686,9646686,1008196,9613664
9615721,9613664,9646686,9646686,1008196,9613667
9615721,9613664,9646686,9646686,9615716,9646686
9615721,9613664,9646686,9646686,9615716,1008196
9615721,9613664,9646686,9646686,9615716,9615716
9615721,9613664,9646686,9646686,9615716,9613664
9615721,9613664,9646686,9646686,9615716,9613667
9615721,9613664,9646686,9646686,9613664,9646686
9615721,9613664,9646686,9646686,9613664,1008196
9615721,9613664,9646686,9646686,9613664,9615716
9615721,9613664,9646686,9646686,9613664,9613664
9615721,9613664,9646686,9646686,9613664,9613667
9615721,9613664,9646686,9646686,9613667,9646686
9615721,9613664,9646686,9646686,9613667,1008196
9615721,9613664,9646686,9646686,9613667,9615716
9615721,9613664,9646686,9646686,9613667,9613664
9615721,9613664,9646686,9646686,9613667,9613667
9615721,9613664,9646686,1008196,9646686,9646686
9615721,9613664,9646686,1008196,9646686,1008196
9615721,9613664,9646686,1008196,9646686,9615716
9615721,9613664,9646686,1008196,9646686,9613664
9615721,9613664,9646686,1008196,9646686,9613667
9615721,9613664,9646686,1008196,1008196,9646686
9615721,9613664,9646686,1008196,1008196,1008196
9615721,9613664,9646686,1008196,1008196,9615716
9615721,9613664,9646686,1008196,1008196,9613664
9615721,9613664,9646686,1008196,1008196,9613667
9615721,9613664,9646686,1008196,9615716,9646686
9615721,9613664,9646686,1008196,9615716,1008196
9615721,9613664,9646686,1008196,9615716,9615716
9615721,9613664,9646686,1008196,9615716,9613664
9615721,9613664,9646686,1008196,9615716,9613667
9615721,9613664,9646686,1008196,9613664,9646686
9615721,9613664,9646686,1008196,9613664,1008196
9615721,9613664,9646686,1008196,9613664,9615716
9615721,9613664,9646686,1008196,9613664,9613664
9615721,9613664,9646686,1008196,9613664,9613667
9615721,9613664,9646686,1008196,9613667,9646686
9615721,9613664,9646686,1008196,9613667,1008196
9615721,9613664,9646686,1008196,9613667,9615716
9615721,9613664,9646686,1008196,9613667,9613664
9615721,9613664,9646686,1008196,9613667,9613667
9615721,9613664,9646686,9615716,9646686,9646686
9615721,9613664,9646686,9615716,9646686,1008196
9615721,9613664,9646686,9615716,9646686,9615716
9615721,9613664,9646686,9615716,9646686,9613664
9615721,9613664,9646686,9615716,9646686,9613667
9615721,9613664,9646686,9615716,1008196,9646686
9615721,9613664,9646686,9615716,1008196,1008196
9615721,9613664,9646686,9615716,1008196,9615716
9615721,9613664,9646686,9615716,1008196,9613664
9615721,9613664,9646686,9615716,1008196,9613667
9615721,9613664,9646686,9615716,9615716,9646686
9615721,9613664,9646686,9615716,9615716,1008196
9615721,9613664,9646686,9615716,9615716,9615716
9615721,9613664,9646686,9615716,9615716,9613664
9615721,9613664,9646686,9615716,9615716,9613667
9615721,9613664,9646686,9615716,9613664,9646686
9615721,9613664,9646686,9615716,9613664,1008196
9615721,9613664,9646686,9615716,9613664,9615716
9615721,9613664,9646686,9615716,9613664,9613664
9615721,9613664,9646686,9615716,9613664,9613667
9615721,9613664,9646686,9615716,9613667,9646686
9615721,9613664,9646686,9615716,9613667,1008196
9615721,9613664,9646686,9615716,9613667,9615716
9615721,9613664,9646686,9615716,9613667,9613664
9615721,9613664,9646686,9615716,9613667,9613667
9615721,9613664,9646686,9613664,9646686,9646686
9615721,9613664,9646686,9613664,9646686,1008196
9615721,9613664,9646686,9613664,9646686,9615716
9615721,9613664,9646686,9613664,9646686,9613664
9615721,9613664,9646686,9613664,9646686,9613667
9615721,9613664,9646686,9613664,1008196,9646686
9615721,9613664,9646686,9613664,1008196,1008196
9615721,9613664,9646686,9613664,1008196,9615716
9615721,9613664,9646686,9613664,1008196,9613664
9615721,9613664,9646686,9613664,1008196,9613667
9615721,9613664,9646686,9613664,9615716,9646686
9615721,9613664,9646686,9613664,9615716,1008196
9615721,9613664,9646686,9613664,9615716,9615716
9615721,9613664,9646686,9613664,9615716,9613664
9615721,9613664,9646686,9613664,9615716,9613667
9615721,9613664,9646686,9613664,9613664,9646686
9615721,9613664,9646686,9613664,9613664,1008196
9615721,9613664,9646686,9613664,9613664,9615716
9615721,9613664,9646686,9613664,9613664,9613664
9615721,9613664,9646686,9613664,9613664,9613667
9615721,9613664,9646686,9613664,9613667,9646686
9615721,9613664,9646686,9613664,9613667,1008196
9615721,9613664,9646686,9613664,9613667,9615716
9615721,9613664,9646686,9613664,9613667,9613664
9615721,9613664,9646686,9613664,9613667,9613667
9615721,9613664,9646686,9613667,9646686,9646686
9615721,9613664,9646686,9613667,9646686,1008196
9615721,9613664,9646686,9613667,9646686,9615716
9615721,9613664,9646686,9613667,9646686,9613664
9615721,9613664,9646686,9613667,9646686,9613667
9615721,9613664,9646686,9613667,1008196,9646686
9615721,9613664,9646686,9613667,1008196,1008196
9615721,9613664,9646686,9613667,1008196,9615716
9615721,9613664,9646686,9613667,1008196,9613664
9615721,9613664,9646686,9613667,1008196,9613667
9615721,9613664,9646686,9613667,9615716,9646686
9615721,9613664,9646686,9613667,9615716,1008196
9615721,9613664,9646686,9613667,9615716,9615716
9615721,9613664,9646686,9613667,9615716,9613664
9615721,9613664,9646686,9613667,9615716,9613667
9615721,9613664,9646686,9613667,9613664,9646686
9615721,9613664,9646686,9613667,9613664,1008196
9615721,9613664,9646686,9613667,9613664,9615716
9615721,9613664,9646686,9613667,9613664,9613664
9615721,9613664,9646686,9613667,9613664,9613667
9615721,9613664,9646686,9613667,9613667,9646686
9615721,9613664,9646686,9613667,9613667,1008196
9615721,9613664,9646686,9613667,9613667,9615716
9615721,9613664,9646686,9613667,9613667,9613664
9615721,9613664,9646686,9613667,9613667,9613667
9615721,9613664,1008196,9646686,9646686,9646686
9615721,9613664,1008196,9646686,9646686,1008196
9615721,9613664,1008196,9646686,9646686,9615716
9615721,9613664,1008196,9646686,9646686,9613664
9615721,9613664,1008196,9646686,9646686,9613667
9615721,9613664,1008196,9646686,1008196,9646686
9615721,9613664,1008196,9646686,1008196,1008196
9615721,9613664,1008196,9646686,1008196,9615716
9615721,9613664,1008196,9646686,1008196,9613664
9615721,9613664,1008196,9646686,1008196,9613667
9615721,9613664,1008196,9646686,9615716,9646686
9615721,9613664,1008196,9646686,9615716,1008196
9615721,9613664,1008196,9646686,9615716,9615716
9615721,9613664,1008196,9646686,9615716,9613664
9615721,9613664,1008196,9646686,9615716,9613667
9615721,9613664,1008196,9646686,9613664,9646686
9615721,9613664,1008196,9646686,9613664,1008196
9615721,9613664,1008196,9646686,9613664,9615716
9615721,9613664,1008196,9646686,9613664,9613664
9615721,9613664,1008196,9646686,9613664,9613667
9615721,9613664,1008196,9646686,9613667,9646686
9615721,9613664,1008196,9646686,9613667,1008196
9615721,9613664,1008196,9646686,9613667,9615716
9615721,9613664,1008196,9646686,9613667,9613664
9615721,9613664,1008196,9646686,9613667,9613667
9615721,9613664,1008196,1008196,9646686,9646686
9615721,9613664,1008196,1008196,9646686,1008196
9615721,9613664,1008196,1008196,9646686,9615716
9615721,9613664,1008196,1008196,9646686,9613664
9615721,9613664,1008196,1008196,9646686,9613667
9615721,9613664,1008196,1008196,1008196,9646686
9615721,9613664,1008196,1008196,1008196,1008196
9615721,9613664,1008196,1008196,1008196,9615716
9615721,9613664,1008196,1008196,1008196,9613664
9615721,9613664,1008196,1008196,1008196,9613667
9615721,9613664,1008196,1008196,9615716,9646686
9615721,9613664,1008196,1008196,9615716,1008196
9615721,9613664,1008196,1008196,9615716,9615716
9615721,9613664,1008196,1008196,9615716,9613664
9615721,9613664,1008196,1008196,9615716,9613667
9615721,9613664,1008196,1008196,9613664,9646686
9615721,9613664,1008196,1008196,9613664,1008196
9615721,9613664,1008196,1008196,9613664,9615716
9615721,9613664,1008196,1008196,9613664,9613664
9615721,9613664,1008196,1008196,9613664,9613667
9615721,9613664,1008196,1008196,9613667,9646686
9615721,9613664,1008196,1008196,9613667,1008196
9615721,9613664,1008196,1008196,9613667,9615716
9615721,9613664,1008196,1008196,9613667,9613664
9615721,9613664,1008196,1008196,9613667,9613667
9615721,9613664,1008196,9615716,9646686,9646686
9615721,9613664,1008196,9615716,9646686,1008196
9615721,9613664,1008196,9615716,9646686,9615716
9615721,9613664,1008196,9615716,9646686,9613664
9615721,9613664,1008196,9615716,9646686,9613667
9615721,9613664,1008196,9615716,1008196,9646686
9615721,9613664,1008196,9615716,1008196,1008196
9615721,9613664,1008196,9615716,1008196,9615716
9615721,9613664,1008196,9615716,1008196,9613664
9615721,9613664,1008196,9615716,1008196,9613667
9615721,9613664,1008196,9615716,9615716,9646686
9615721,9613664,1008196,9615716,9615716,1008196
9615721,9613664,1008196,9615716,9615716,9615716
9615721,9613664,1008196,9615716,9615716,9613664
9615721,9613664,1008196,9615716,9615716,9613667
9615721,9613664,1008196,9615716,9613664,9646686
9615721,9613664,1008196,9615716,9613664,1008196
9615721,9613664,1008196,9615716,9613664,9615716
9615721,9613664,1008196,9615716,9613664,9613664
9615721,9613664,1008196,9615716,9613664,9613667
9615721,9613664,1008196,9615716,9613667,9646686
9615721,9613664,1008196,9615716,9613667,1008196
9615721,9613664,1008196,9615716,9613667,9615716
9615721,9613664,1008196,9615716,9613667,9613664
9615721,9613664,1008196,9615716,9613667,9613667
9615721,9613664,1008196,9613664,9646686,9646686
9615721,9613664,1008196,9613664,9646686,1008196
9615721,9613664,1008196,9613664,9646686,9615716
9615721,9613664,1008196,9613664,9646686,9613664
9615721,9613664,1008196,9613664,9646686,9613667
9615721,9613664,1008196,9613664,1008196,9646686
9615721,9613664,1008196,9613664,1008196,1008196
9615721,9613664,1008196,9613664,1008196,9615716
9615721,9613664,1008196,9613664,1008196,9613664
9615721,9613664,1008196,9613664,1008196,9613667
9615721,9613664,1008196,9613664,9615716,9646686
9615721,9613664,1008196,9613664,9615716,1008196
9615721,9613664,1008196,9613664,9615716,9615716
9615721,9613664,1008196,9613664,9615716,9613664
9615721,9613664,1008196,9613664,9615716,9613667
9615721,9613664,1008196,9613664,9613664,9646686
9615721,9613664,1008196,9613664,9613664,1008196
9615721,9613664,1008196,9613664,9613664,9615716
9615721,9613664,1008196,9613664,9613664,9613664
9615721,9613664,1008196,9613664,9613664,9613667
9615721,9613664,1008196,9613664,9613667,9646686
9615721,9613664,1008196,9613664,9613667,1008196
9615721,9613664,1008196,9613664,9613667,9615716
9615721,9613664,1008196,9613664,9613667,9613664
9615721,9613664,1008196,9613664,9613667,9613667
9615721,9613664,1008196,9613667,9646686,9646686
9615721,9613664,1008196,9613667,9646686,1008196
9615721,9613664,1008196,9613667,9646686,9615716
9615721,9613664,1008196,9613667,9646686,9613664
9615721,9613664,1008196,9613667,9646686,9613667
9615721,9613664,1008196,9613667,1008196,9646686
9615721,9613664,1008196,9613667,1008196,1008196
9615721,9613664,1008196,9613667,1008196,9615716
9615721,9613664,1008196,9613667,1008196,9613664
9615721,9613664,1008196,9613667,1008196,9613667
9615721,9613664,1008196,9613667,9615716,9646686
9615721,9613664,1008196,9613667,9615716,1008196
9615721,9613664,1008196,9613667,9615716,9615716
9615721,9613664,1008196,9613667,9615716,9613664
9615721,9613664,1008196,9613667,9615716,9613667
9615721,9613664,1008196,9613667,9613664,9646686
9615721,9613664,1008196,9613667,9613664,1008196
9615721,9613664,1008196,9613667,9613664,9615716
9615721,9613664,1008196,9613667,9613664,9613664
9615721,9613664,1008196,9613667,9613664,9613667
9615721,9613664,1008196,9613667,9613667,9646686
9615721,9613664,1008196,9613667,9613667,1008196
9615721,9613664,1008196,9613667,9613667,9615716
9615721,9613664,1008196,9613667,9613667,9613664
9615721,9613664,1008196,9613667,9613667,9613667
9615721,9613664,9615716,9646686,9646686,9646686
9615721,9613664,9615716,9646686,9646686,1008196
9615721,9613664,9615716,9646686,9646686,9615716
9615721,9613664,9615716,9646686,9646686,9613664
9615721,9613664,9615716,9646686,9646686,9613667
9615721,9613664,9615716,9646686,1008196,9646686
9615721,9613664,9615716,9646686,1008196,1008196
9615721,9613664,9615716,9646686,1008196,9615716
9615721,9613664,9615716,9646686,1008196,9613664
9615721,9613664,9615716,9646686,1008196,9613667
9615721,9613664,9615716,9646686,9615716,9646686
9615721,9613664,9615716,9646686,9615716,1008196
9615721,9613664,9615716,9646686,9615716,9615716
9615721,9613664,9615716,9646686,9615716,9613664
9615721,9613664,9615716,9646686,9615716,9613667
9615721,9613664,9615716,9646686,9613664,9646686
9615721,9613664,9615716,9646686,9613664,1008196
9615721,9613664,9615716,9646686,9613664,9615716
9615721,9613664,9615716,9646686,9613664,9613664
9615721,9613664,9615716,9646686,9613664,9613667
9615721,9613664,9615716,9646686,9613667,9646686
9615721,9613664,9615716,9646686,9613667,1008196
9615721,9613664,9615716,9646686,9613667,9615716
9615721,9613664,9615716,9646686,9613667,9613664
9615721,9613664,9615716,9646686,9613667,9613667
9615721,9613664,9615716,1008196,9646686,9646686
9615721,9613664,9615716,1008196,9646686,1008196
9615721,9613664,9615716,1008196,9646686,9615716
9615721,9613664,9615716,1008196,9646686,9613664
9615721,9613664,9615716,1008196,9646686,9613667
9615721,9613664,9615716,1008196,1008196,9646686
9615721,9613664,9615716,1008196,1008196,1008196
9615721,9613664,9615716,1008196,1008196,9615716
9615721,9613664,9615716,1008196,1008196,9613664
9615721,9613664,9615716,1008196,1008196,9613667
9615721,9613664,9615716,1008196,9615716,9646686
9615721,9613664,9615716,1008196,9615716,1008196
9615721,9613664,9615716,1008196,9615716,9615716
9615721,9613664,9615716,1008196,9615716,9613664
9615721,9613664,9615716,1008196,9615716,9613667
9615721,9613664,9615716,1008196,9613664,9646686
9615721,9613664,9615716,1008196,9613664,1008196
9615721,9613664,9615716,1008196,9613664,9615716
9615721,9613664,9615716,1008196,9613664,9613664
9615721,9613664,9615716,1008196,9613664,9613667
9615721,9613664,9615716,1008196,9613667,9646686
9615721,9613664,9615716,1008196,9613667,1008196
9615721,9613664,9615716,1008196,9613667,9615716
9615721,9613664,9615716,1008196,9613667,9613664
9615721,9613664,9615716,1008196,9613667,9613667
9615721,9613664,9615716,9615716,9646686,9646686
9615721,9613664,9615716,9615716,9646686,1008196
9615721,9613664,9615716,9615716,9646686,9615716
9615721,9613664,9615716,9615716,9646686,9613664
9615721,9613664,9615716,9615716,9646686,9613667
9615721,9613664,9615716,9615716,1008196,9646686
9615721,9613664,9615716,9615716,1008196,1008196
9615721,9613664,9615716,9615716,1008196,9615716
9615721,9613664,9615716,9615716,1008196,9613664
9615721,9613664,9615716,9615716,1008196,9613667
9615721,9613664,9615716,9615716,9615716,9646686
9615721,9613664,9615716,9615716,9615716,1008196
9615721,9613664,9615716,9615716,9615716,9615716
9615721,9613664,9615716,9615716,9615716,9613664
9615721,9613664,9615716,9615716,9615716,9613667
9615721,9613664,9615716,9615716,9613664,9646686
9615721,9613664,9615716,9615716,9613664,1008196
9615721,9613664,9615716,9615716,9613664,9615716
9615721,9613664,9615716,9615716,9613664,9613664
9615721,9613664,9615716,9615716,9613664,9613667
9615721,9613664,9615716,9615716,9613667,9646686
9615721,9613664,9615716,9615716,9613667,1008196
9615721,9613664,9615716,9615716,9613667,9615716
9615721,9613664,9615716,9615716,9613667,9613664
9615721,9613664,9615716,9615716,9613667,9613667
9615721,9613664,9615716,9613664,9646686,9646686
9615721,9613664,9615716,9613664,9646686,1008196
9615721,9613664,9615716,9613664,9646686,9615716
9615721,9613664,9615716,9613664,9646686,9613664
9615721,9613664,9615716,9613664,9646686,9613667
9615721,9613664,9615716,9613664,1008196,9646686
9615721,9613664,9615716,9613664,1008196,1008196
9615721,9613664,9615716,9613664,1008196,9615716
9615721,9613664,9615716,9613664,1008196,9613664
9615721,9613664,9615716,9613664,1008196,9613667
9615721,9613664,9615716,9613664,9615716,9646686
9615721,9613664,9615716,9613664,9615716,1008196
9615721,9613664,9615716,9613664,9615716,9615716
9615721,9613664,9615716,9613664,9615716,9613664
9615721,9613664,9615716,9613664,9615716,9613667
9615721,9613664,9615716,9613664,9613664,9646686
9615721,9613664,9615716,9613664,9613664,1008196
9615721,9613664,9615716,9613664,9613664,9615716
9615721,9613664,9615716,9613664,9613664,9613664
9615721,9613664,9615716,9613664,9613664,9613667
9615721,9613664,9615716,9613664,9613667,9646686
9615721,9613664,9615716,9613664,9613667,1008196
9615721,9613664,9615716,9613664,9613667,9615716
9615721,9613664,9615716,9613664,9613667,9613664
9615721,9613664,9615716,9613664,9613667,9613667
9615721,9613664,9615716,9613667,9646686,9646686
9615721,9613664,9615716,9613667,9646686,1008196
9615721,9613664,9615716,9613667,9646686,9615716
9615721,9613664,9615716,9613667,9646686,9613664
9615721,9613664,9615716,9613667,9646686,9613667
9615721,9613664,9615716,9613667,1008196,9646686
9615721,9613664,9615716,9613667,1008196,1008196
9615721,9613664,9615716,9613667,1008196,9615716
9615721,9613664,9615716,9613667,1008196,9613664
9615721,9613664,9615716,9613667,1008196,9613667
9615721,9613664,9615716,9613667,9615716,9646686
9615721,9613664,9615716,9613667,9615716,1008196
9615721,9613664,9615716,9613667,9615716,9615716
9615721,9613664,9615716,9613667,9615716,9613664
9615721,9613664,9615716,9613667,9615716,9613667
9615721,9613664,9615716,9613667,9613664,9646686
9615721,9613664,9615716,9613667,9613664,1008196
9615721,9613664,9615716,9613667,9613664,9615716
9615721,9613664,9615716,9613667,9613664,9613664
9615721,9613664,9615716,9613667,9613664,9613667
9615721,9613664,9615716,9613667,9613667,9646686
9615721,9613664,9615716,9613667,9613667,1008196
9615721,9613664,9615716,9613667,9613667,9615716
9615721,9613664,9615716,9613667,9613667,9613664
9615721,9613664,9615716,9613667,9613667,9613667
9615721,9613664,9613664,9646686,9646686,9646686
9615721,9613664,9613664,9646686,9646686,1008196
9615721,9613664,9613664,9646686,9646686,9615716
9615721,9613664,9613664,9646686,9646686,9613664
9615721,9613664,9613664,9646686,9646686,9613667
9615721,9613664,9613664,9646686,1008196,9646686
9615721,9613664,9613664,9646686,1008196,1008196
9615721,9613664,9613664,9646686,1008196,9615716
9615721,9613664,9613664,9646686,1008196,9613664
9615721,9613664,9613664,9646686,1008196,9613667
9615721,9613664,9613664,9646686,9615716,9646686
9615721,9613664,9613664,9646686,9615716,1008196
9615721,9613664,9613664,9646686,9615716,9615716
9615721,9613664,9613664,9646686,9615716,9613664
9615721,9613664,9613664,9646686,9615716,9613667
9615721,9613664,9613664,9646686,9613664,9646686
9615721,9613664,9613664,9646686,9613664,1008196
9615721,9613664,9613664,9646686,9613664,9615716
9615721,9613664,9613664,9646686,9613664,9613664
9615721,9613664,9613664,9646686,9613664,9613667
9615721,9613664,9613664,9646686,9613667,9646686
9615721,9613664,9613664,9646686,9613667,1008196
9615721,9613664,9613664,9646686,9613667,9615716
9615721,9613664,9613664,9646686,9613667,9613664
9615721,9613664,9613664,9646686,9613667,9613667
9615721,9613664,9613664,1008196,9646686,9646686
9615721,9613664,9613664,1008196,9646686,1008196
9615721,9613664,9613664,1008196,9646686,9615716
9615721,9613664,9613664,1008196,9646686,9613664
9615721,9613664,9613664,1008196,9646686,9613667
9615721,9613664,9613664,1008196,1008196,9646686
9615721,9613664,9613664,1008196,1008196,1008196
9615721,9613664,9613664,1008196,1008196,9615716
9615721,9613664,9613664,1008196,1008196,9613664
9615721,9613664,9613664,1008196,1008196,9613667
9615721,9613664,9613664,1008196,9615716,9646686
9615721,9613664,9613664,1008196,9615716,1008196
9615721,9613664,9613664,1008196,9615716,9615716
9615721,9613664,9613664,1008196,9615716,9613664
9615721,9613664,9613664,1008196,9615716,9613667
9615721,9613664,9613664,1008196,9613664,9646686
9615721,9613664,9613664,1008196,9613664,1008196
9615721,9613664,9613664,1008196,9613664,9615716
9615721,9613664,9613664,1008196,9613664,9613664
9615721,9613664,9613664,1008196,9613664,9613667
9615721,9613664,9613664,1008196,9613667,9646686
9615721,9613664,9613664,1008196,9613667,1008196
9615721,9613664,9613664,1008196,9613667,9615716
9615721,9613664,9613664,1008196,9613667,9613664
9615721,9613664,9613664,1008196,9613667,9613667
9615721,9613664,9613664,9615716,9646686,9646686
9615721,9613664,9613664,9615716,9646686,1008196
9615721,9613664,9613664,9615716,9646686,9615716
9615721,9613664,9613664,9615716,9646686,9613664
9615721,9613664,9613664,9615716,9646686,9613667
9615721,9613664,9613664,9615716,1008196,9646686
9615721,9613664,9613664,9615716,1008196,1008196
9615721,9613664,9613664,9615716,1008196,9615716
9615721,9613664,9613664,9615716,1008196,9613664
9615721,9613664,9613664,9615716,1008196,9613667
9615721,9613664,9613664,9615716,9615716,9646686
9615721,9613664,9613664,9615716,9615716,1008196
9615721,9613664,9613664,9615716,9615716,9615716
9615721,9613664,9613664,9615716,9615716,9613664
9615721,9613664,9613664,9615716,9615716,9613667
9615721,9613664,9613664,9615716,9613664,9646686
9615721,9613664,9613664,9615716,9613664,1008196
9615721,9613664,9613664,9615716,9613664,9615716
9615721,9613664,9613664,9615716,9613664,9613664
9615721,9613664,9613664,9615716,9613664,9613667
9615721,9613664,9613664,9615716,9613667,9646686
9615721,9613664,9613664,9615716,9613667,1008196
9615721,9613664,9613664,9615716,9613667,9615716
9615721,9613664,9613664,9615716,9613667,9613664
9615721,9613664,9613664,9615716,9613667,9613667
9615721,9613664,9613664,9613664,9646686,9646686
9615721,9613664,9613664,9613664,9646686,1008196
9615721,9613664,9613664,9613664,9646686,9615716
9615721,9613664,9613664,9613664,9646686,9613664
9615721,9613664,9613664,9613664,9646686,9613667
9615721,9613664,9613664,9613664,1008196,9646686
9615721,9613664,9613664,9613664,1008196,1008196
9615721,9613664,9613664,9613664,1008196,9615716
9615721,9613664,9613664,9613664,1008196,9613664
9615721,9613664,9613664,9613664,1008196,9613667
9615721,9613664,9613664,9613664,9615716,9646686
9615721,9613664,9613664,9613664,9615716,1008196
9615721,9613664,9613664,9613664,9615716,9615716
9615721,9613664,9613664,9613664,9615716,9613664
9615721,9613664,9613664,9613664,9615716,9613667
9615721,9613664,9613664,9613664,9613664,9646686
9615721,9613664,9613664,9613664,9613664,1008196
9615721,9613664,9613664,9613664,9613664,9615716
9615721,9613664,9613664,9613664,9613664,9613664
9615721,9613664,9613664,9613664,9613664,9613667
9615721,9613664,9613664,9613664,9613667,9646686
9615721,9613664,9613664,9613664,9613667,1008196
9615721,9613664,9613664,9613664,9613667,9615716
9615721,9613664,9613664,9613664,9613667,9613664
9615721,9613664,9613664,9613664,9613667,9613667
9615721,9613664,9613664,9613667,9646686,9646686
9615721,9613664,9613664,9613667,9646686,1008196
9615721,9613664,9613664,9613667,9646686,9615716
9615721,9613664,9613664,9613667,9646686,9613664
9615721,9613664,9613664,9613667,9646686,9613667
9615721,9613664,9613664,9613667,1008196,9646686
9615721,9613664,9613664,9613667,1008196,1008196
9615721,9613664,9613664,9613667,1008196,9615716
9615721,9613664,9613664,9613667,1008196,9613664
9615721,9613664,9613664,9613667,1008196,9613667
9615721,9613664,9613664,9613667,9615716,9646686
9615721,9613664,9613664,9613667,9615716,1008196
9615721,9613664,9613664,9613667,9615716,9615716
9615721,9613664,9613664,9613667,9615716,9613664
9615721,9613664,9613664,9613667,9615716,9613667
9615721,9613664,9613664,9613667,9613664,9646686
9615721,9613664,9613664,9613667,9613664,1008196
9615721,9613664,9613664,9613667,9613664,9615716
9615721,9613664,9613664,9613667,9613664,9613664
9615721,9613664,9613664,9613667,9613664,9613667
9615721,9613664,9613664,9613667,9613667,9646686
9615721,9613664,9613664,9613667,9613667,1008196
9615721,9613664,9613664,9613667,9613667,9615716
9615721,9613664,9613664,9613667,9613667,9613664
9615721,9613664,9613664,9613667,9613667,9613667
9615721,9613664,9613667,9646686,9646686,9646686
9615721,9613664,9613667,9646686,9646686,1008196
9615721,9613664,9613667,9646686,9646686,9615716
9615721,9613664,9613667,9646686,9646686,9613664
9615721,9613664,9613667,9646686,9646686,9613667
9615721,9613664,9613667,9646686,1008196,9646686
9615721,9613664,9613667,9646686,1008196,1008196
9615721,9613664,9613667,9646686,1008196,9615716
9615721,9613664,9613667,9646686,1008196,9613664
9615721,9613664,9613667,9646686,1008196,9613667
9615721,9613664,9613667,9646686,9615716,9646686
9615721,9613664,9613667,9646686,9615716,1008196
9615721,9613664,9613667,9646686,9615716,9615716
9615721,9613664,9613667,9646686,9615716,9613664
9615721,9613664,9613667,9646686,9615716,9613667
9615721,9613664,9613667,9646686,9613664,9646686
9615721,9613664,9613667,9646686,9613664,1008196
9615721,9613664,9613667,9646686,9613664,9615716
9615721,9613664,9613667,9646686,9613664,9613664
9615721,9613664,9613667,9646686,9613664,9613667
9615721,9613664,9613667,9646686,9613667,9646686
9615721,9613664,9613667,9646686,9613667,1008196
9615721,9613664,9613667,9646686,9613667,9615716
9615721,9613664,9613667,9646686,9613667,9613664
9615721,9613664,9613667,9646686,9613667,9613667
9615721,9613664,9613667,1008196,9646686,9646686
9615721,9613664,9613667,1008196,9646686,1008196
9615721,9613664,9613667,1008196,9646686,9615716
9615721,9613664,9613667,1008196,9646686,9613664
9615721,9613664,9613667,1008196,9646686,9613667
9615721,9613664,9613667,1008196,1008196,9646686
9615721,9613664,9613667,1008196,1008196,1008196
9615721,9613664,9613667,1008196,1008196,9615716
9615721,9613664,9613667,1008196,1008196,9613664
9615721,9613664,9613667,1008196,1008196,9613667
9615721,9613664,9613667,1008196,9615716,9646686
9615721,9613664,9613667,1008196,9615716,1008196
9615721,9613664,9613667,1008196,9615716,9615716
9615721,9613664,9613667,1008196,9615716,9613664
9615721,9613664,9613667,1008196,9615716,9613667
9615721,9613664,9613667,1008196,9613664,9646686
9615721,9613664,9613667,1008196,9613664,1008196
9615721,9613664,9613667,1008196,9613664,9615716
9615721,9613664,9613667,1008196,9613664,9613664
9615721,9613664,9613667,1008196,9613664,9613667
9615721,9613664,9613667,1008196,9613667,9646686
9615721,9613664,9613667,1008196,9613667,1008196
9615721,9613664,9613667,1008196,9613667,9615716
9615721,9613664,9613667,1008196,9613667,9613664
9615721,9613664,9613667,1008196,9613667,9613667
9615721,9613664,9613667,9615716,9646686,9646686
9615721,9613664,9613667,9615716,9646686,1008196
9615721,9613664,9613667,9615716,9646686,9615716
9615721,9613664,9613667,9615716,9646686,9613664
9615721,9613664,9613667,9615716,9646686,9613667
9615721,9613664,9613667,9615716,1008196,9646686
9615721,9613664,9613667,9615716,1008196,1008196
9615721,9613664,9613667,9615716,1008196,9615716
9615721,9613664,9613667,9615716,1008196,9613664
9615721,9613664,9613667,9615716,1008196,9613667
9615721,9613664,9613667,9615716,9615716,9646686
9615721,9613664,9613667,9615716,9615716,1008196
9615721,9613664,9613667,9615716,9615716,9615716
9615721,9613664,9613667,9615716,9615716,9613664
9615721,9613664,9613667,9615716,9615716,9613667
9615721,9613664,9613667,9615716,9613664,9646686
9615721,9613664,9613667,9615716,9613664,1008196
9615721,9613664,9613667,9615716,9613664,9615716
9615721,9613664,9613667,9615716,9613664,9613664
9615721,9613664,9613667,9615716,9613664,9613667
9615721,9613664,9613667,9615716,9613667,9646686
9615721,9613664,9613667,9615716,9613667,1008196
9615721,9613664,9613667,9615716,9613667,9615716
9615721,9613664,9613667,9615716,9613667,9613664
9615721,9613664,9613667,9615716,9613667,9613667
9615721,9613664,9613667,9613664,9646686,9646686
9615721,9613664,9613667,9613664,9646686,1008196
9615721,9613664,9613667,9613664,9646686,9615716
9615721,9613664,9613667,9613664,9646686,9613664
9615721,9613664,9613667,9613664,9646686,9613667
9615721,9613664,9613667,9613664,1008196,9646686
9615721,9613664,9613667,9613664,1008196,1008196
9615721,9613664,9613667,9613664,1008196,9615716
9615721,9613664,9613667,9613664,1008196,9613664
9615721,9613664,9613667,9613664,1008196,9613667
9615721,9613664,9613667,9613664,9615716,9646686
9615721,9613664,9613667,9613664,9615716,1008196
9615721,9613664,9613667,9613664,9615716,9615716
9615721,9613664,9613667,9613664,9615716,9613664
9615721,9613664,9613667,9613664,9615716,9613667
9615721,9613664,9613667,9613664,9613664,9646686
9615721,9613664,9613667,9613664,9613664,1008196
9615721,9613664,9613667,9613664,9613664,9615716
9615721,9613664,9613667,9613664,9613664,9613664
9615721,9613664,9613667,9613664,9613664,9613667
9615721,9613664,9613667,9613664,9613667,9646686
9615721,9613664,9613667,9613664,9613667,1008196
9615721,9613664,9613667,9613664,9613667,9615716
9615721,9613664,9613667,9613664,9613667,9613664
9615721,9613664,9613667,9613664,9613667,9613667
9615721,9613664,9613667,9613667,9646686,9646686
9615721,9613664,9613667,9613667,9646686,1008196
9615721,9613664,9613667,9613667,9646686,9615716
9615721,9613664,9613667,9613667,9646686,9613664
9615721,9613664,9613667,9613667,9646686,9613667
9615721,9613664,9613667,9613667,1008196,9646686
9615721,9613664,9613667,9613667,1008196,1008196
9615721,9613664,9613667,9613667,1008196,9615716
9615721,9613664,9613667,9613667,1008196,9613664
9615721,9613664,9613667,9613667,1008196,9613667
9615721,9613664,9613667,9613667,9615716,9646686
9615721,9613664,9613667,9613667,9615716,1008196
9615721,9613664,9613667,9613667,9615716,9615716
9615721,9613664,9613667,9613667,9615716,9613664
9615721,9613664,9613667,9613667,9615716,9613667
9615721,9613664,9613667,9613667,9613664,9646686
9615721,9613664,9613667,9613667,9613664,1008196
9615721,9613664,9613667,9613667,9613664,9615716
9615721,9613664,9613667,9613667,9613664,9613664
9615721,9613664,9613667,9613667,9613664,9613667
9615721,9613664,9613667,9613667,9613667,9646686
9615721,9613664,9613667,9613667,9613667,1008196
9615721,9613664,9613667,9613667,9613667,9615716
9615721,9613664,9613667,9613667,9613667,9613664
9615721,9613664,9613667,9613667,9613667,9613667
9615721,9613667,9646686,9646686,9646686,9646686
9615721,9613667,9646686,9646686,9646686,1008196
9615721,9613667,9646686,9646686,9646686,9615716
9615721,9613667,9646686,9646686,9646686,9613664
9615721,9613667,9646686,9646686,9646686,9613667
9615721,9613667,9646686,9646686,1008196,9646686
9615721,9613667,9646686,9646686,1008196,1008196
9615721,9613667,9646686,9646686,1008196,9615716
9615721,9613667,9646686,9646686,1008196,9613664
9615721,9613667,9646686,9646686,1008196,9613667
9615721,9613667,9646686,9646686,9615716,9646686
9615721,9613667,9646686,9646686,9615716,1008196
9615721,9613667,9646686,9646686,9615716,9615716
9615721,9613667,9646686,9646686,9615716,9613664
9615721,9613667,9646686,9646686,9615716,9613667
9615721,9613667,9646686,9646686,9613664,9646686
9615721,9613667,9646686,9646686,9613664,1008196
9615721,9613667,9646686,9646686,9613664,9615716
9615721,9613667,9646686,9646686,9613664,9613664
9615721,9613667,9646686,9646686,9613664,9613667
9615721,9613667,9646686,9646686,9613667,9646686
9615721,9613667,9646686,9646686,9613667,1008196
9615721,9613667,9646686,9646686,9613667,9615716
9615721,9613667,9646686,9646686,9613667,9613664
9615721,9613667,9646686,9646686,9613667,9613667
9615721,9613667,9646686,1008196,9646686,9646686
9615721,9613667,9646686,1008196,9646686,1008196
9615721,9613667,9646686,1008196,9646686,9615716
9615721,9613667,9646686,1008196,9646686,9613664
9615721,9613667,9646686,1008196,9646686,9613667
9615721,9613667,9646686,1008196,1008196,9646686
9615721,9613667,9646686,1008196,1008196,1008196
9615721,9613667,9646686,1008196,1008196,9615716
9615721,9613667,9646686,1008196,1008196,9613664
9615721,9613667,9646686,1008196,1008196,9613667
9615721,9613667,9646686,1008196,9615716,9646686
9615721,9613667,9646686,1008196,9615716,1008196
9615721,9613667,9646686,1008196,9615716,9615716
9615721,9613667,9646686,1008196,9615716,9613664
9615721,9613667,9646686,1008196,9615716,9613667
9615721,9613667,9646686,1008196,9613664,9646686
9615721,9613667,9646686,1008196,9613664,1008196
9615721,9613667,9646686,1008196,9613664,9615716
9615721,9613667,9646686,1008196,9613664,9613664
9615721,9613667,9646686,1008196,9613664,9613667
9615721,9613667,9646686,1008196,9613667,9646686
9615721,9613667,9646686,1008196,9613667,1008196
9615721,9613667,9646686,1008196,9613667,9615716
9615721,9613667,9646686,1008196,9613667,9613664
9615721,9613667,9646686,1008196,9613667,9613667
9615721,9613667,9646686,9615716,9646686,9646686
9615721,9613667,9646686,9615716,9646686,1008196
9615721,9613667,9646686,9615716,9646686,9615716
9615721,9613667,9646686,9615716,9646686,9613664
9615721,9613667,9646686,9615716,9646686,9613667
9615721,9613667,9646686,9615716,1008196,9646686
9615721,9613667,9646686,9615716,1008196,1008196
9615721,9613667,9646686,9615716,1008196,9615716
9615721,9613667,9646686,9615716,1008196,9613664
9615721,9613667,9646686,9615716,1008196,9613667
9615721,9613667,9646686,9615716,9615716,9646686
9615721,9613667,9646686,9615716,9615716,1008196
9615721,9613667,9646686,9615716,9615716,9615716
9615721,9613667,9646686,9615716,9615716,9613664
9615721,9613667,9646686,9615716,9615716,9613667
9615721,9613667,9646686,9615716,9613664,9646686
9615721,9613667,9646686,9615716,9613664,1008196
9615721,9613667,9646686,9615716,9613664,9615716
9615721,9613667,9646686,9615716,9613664,9613664
9615721,9613667,9646686,9615716,9613664,9613667
9615721,9613667,9646686,9615716,9613667,9646686
9615721,9613667,9646686,9615716,9613667,1008196
9615721,9613667,9646686,9615716,9613667,9615716
9615721,9613667,9646686,9615716,9613667,9613664
9615721,9613667,9646686,9615716,9613667,9613667
9615721,9613667,9646686,9613664,9646686,9646686
9615721,9613667,9646686,9613664,9646686,1008196
9615721,9613667,9646686,9613664,9646686,9615716
9615721,9613667,9646686,9613664,9646686,9613664
9615721,9613667,9646686,9613664,9646686,9613667
9615721,9613667,9646686,9613664,1008196,9646686
9615721,9613667,9646686,9613664,1008196,1008196
9615721,9613667,9646686,9613664,1008196,9615716
9615721,9613667,9646686,9613664,1008196,9613664
9615721,9613667,9646686,9613664,1008196,9613667
9615721,9613667,9646686,9613664,9615716,9646686
9615721,9613667,9646686,9613664,9615716,1008196
9615721,9613667,9646686,9613664,9615716,9615716
9615721,9613667,9646686,9613664,9615716,9613664
9615721,9613667,9646686,9613664,9615716,9613667
9615721,9613667,9646686,9613664,9613664,9646686
9615721,9613667,9646686,9613664,9613664,1008196
9615721,9613667,9646686,9613664,9613664,9615716
9615721,9613667,9646686,9613664,9613664,9613664
9615721,9613667,9646686,9613664,9613664,9613667
9615721,9613667,9646686,9613664,9613667,9646686
9615721,9613667,9646686,9613664,9613667,1008196
9615721,9613667,9646686,9613664,9613667,9615716
9615721,9613667,9646686,9613664,9613667,9613664
9615721,9613667,9646686,9613664,9613667,9613667
9615721,9613667,9646686,9613667,9646686,9646686
9615721,9613667,9646686,9613667,9646686,1008196
9615721,9613667,9646686,9613667,9646686,9615716
9615721,9613667,9646686,9613667,9646686,9613664
9615721,9613667,9646686,9613667,9646686,9613667
9615721,9613667,9646686,9613667,1008196,9646686
9615721,9613667,9646686,9613667,1008196,1008196
9615721,9613667,9646686,9613667,1008196,9615716
9615721,9613667,9646686,9613667,1008196,9613664
9615721,9613667,9646686,9613667,1008196,9613667
9615721,9613667,9646686,9613667,9615716,9646686
9615721,9613667,9646686,9613667,9615716,1008196
9615721,9613667,9646686,9613667,9615716,9615716
9615721,9613667,9646686,9613667,9615716,9613664
9615721,9613667,9646686,9613667,9615716,9613667
9615721,9613667,9646686,9613667,9613664,9646686
9615721,9613667,9646686,9613667,9613664,1008196
9615721,9613667,9646686,9613667,9613664,9615716
9615721,9613667,9646686,9613667,9613664,9613664
9615721,9613667,9646686,9613667,9613664,9613667
9615721,9613667,9646686,9613667,9613667,9646686
9615721,9613667,9646686,9613667,9613667,1008196
9615721,9613667,9646686,9613667,9613667,9615716
9615721,9613667,9646686,9613667,9613667,9613664
9615721,9613667,9646686,9613667,9613667,9613667
9615721,9613667,1008196,9646686,9646686,9646686
9615721,9613667,1008196,9646686,9646686,1008196
9615721,9613667,1008196,9646686,9646686,9615716
9615721,9613667,1008196,9646686,9646686,9613664
9615721,9613667,1008196,9646686,9646686,9613667
9615721,9613667,1008196,9646686,1008196,9646686
9615721,9613667,1008196,9646686,1008196,1008196
9615721,9613667,1008196,9646686,1008196,9615716
9615721,9613667,1008196,9646686,1008196,9613664
9615721,9613667,1008196,9646686,1008196,9613667
9615721,9613667,1008196,9646686,9615716,9646686
9615721,9613667,1008196,9646686,9615716,1008196
9615721,9613667,1008196,9646686,9615716,9615716
9615721,9613667,1008196,9646686,9615716,9613664
9615721,9613667,1008196,9646686,9615716,9613667
9615721,9613667,1008196,9646686,9613664,9646686
9615721,9613667,1008196,9646686,9613664,1008196
9615721,9613667,1008196,9646686,9613664,9615716
9615721,9613667,1008196,9646686,9613664,9613664
9615721,9613667,1008196,9646686,9613664,9613667
9615721,9613667,1008196,9646686,9613667,9646686
9615721,9613667,1008196,9646686,9613667,1008196
9615721,9613667,1008196,9646686,9613667,9615716
9615721,9613667,1008196,9646686,9613667,9613664
9615721,9613667,1008196,9646686,9613667,9613667
9615721,9613667,1008196,1008196,9646686,9646686
9615721,9613667,1008196,1008196,9646686,1008196
9615721,9613667,1008196,1008196,9646686,9615716
9615721,9613667,1008196,1008196,9646686,9613664
9615721,9613667,1008196,1008196,9646686,9613667
9615721,9613667,1008196,1008196,1008196,9646686
9615721,9613667,1008196,1008196,1008196,1008196
9615721,9613667,1008196,1008196,1008196,9615716
9615721,9613667,1008196,1008196,1008196,9613664
9615721,9613667,1008196,1008196,1008196,9613667
9615721,9613667,1008196,1008196,9615716,9646686
9615721,9613667,1008196,1008196,9615716,1008196
9615721,9613667,1008196,1008196,9615716,9615716
9615721,9613667,1008196,1008196,9615716,9613664
9615721,9613667,1008196,1008196,9615716,9613667
9615721,9613667,1008196,1008196,9613664,9646686
9615721,9613667,1008196,1008196,9613664,1008196
9615721,9613667,1008196,1008196,9613664,9615716
9615721,9613667,1008196,1008196,9613664,9613664
9615721,9613667,1008196,1008196,9613664,9613667
9615721,9613667,1008196,1008196,9613667,9646686
9615721,9613667,1008196,1008196,9613667,1008196
9615721,9613667,1008196,1008196,9613667,9615716
9615721,9613667,1008196,1008196,9613667,9613664
9615721,9613667,1008196,1008196,9613667,9613667
9615721,9613667,1008196,9615716,9646686,9646686
9615721,9613667,1008196,9615716,9646686,1008196
9615721,9613667,1008196,9615716,9646686,9615716
9615721,9613667,1008196,9615716,9646686,9613664
9615721,9613667,1008196,9615716,9646686,9613667
9615721,9613667,1008196,9615716,1008196,9646686
9615721,9613667,1008196,9615716,1008196,1008196
9615721,9613667,1008196,9615716,1008196,9615716
9615721,9613667,1008196,9615716,1008196,9613664
9615721,9613667,1008196,9615716,1008196,9613667
9615721,9613667,1008196,9615716,9615716,9646686
9615721,9613667,1008196,9615716,9615716,1008196
9615721,9613667,1008196,9615716,9615716,9615716
9615721,9613667,1008196,9615716,9615716,9613664
9615721,9613667,1008196,9615716,9615716,9613667
9615721,9613667,1008196,9615716,9613664,9646686
9615721,9613667,1008196,9615716,9613664,1008196
9615721,9613667,1008196,9615716,9613664,9615716
9615721,9613667,1008196,9615716,9613664,9613664
9615721,9613667,1008196,9615716,9613664,9613667
9615721,9613667,1008196,9615716,9613667,9646686
9615721,9613667,1008196,9615716,9613667,1008196
9615721,9613667,1008196,9615716,9613667,9615716
9615721,9613667,1008196,9615716,9613667,9613664
9615721,9613667,1008196,9615716,9613667,9613667
9615721,9613667,1008196,9613664,9646686,9646686
9615721,9613667,1008196,9613664,9646686,1008196
9615721,9613667,1008196,9613664,9646686,9615716
9615721,9613667,1008196,9613664,9646686,9613664
9615721,9613667,1008196,9613664,9646686,9613667
9615721,9613667,1008196,9613664,1008196,9646686
9615721,9613667,1008196,9613664,1008196,1008196
9615721,9613667,1008196,9613664,1008196,9615716
9615721,9613667,1008196,9613664,1008196,9613664
9615721,9613667,1008196,9613664,1008196,9613667
9615721,9613667,1008196,9613664,9615716,9646686
9615721,9613667,1008196,9613664,9615716,1008196
9615721,9613667,1008196,9613664,9615716,9615716
9615721,9613667,1008196,9613664,9615716,9613664
9615721,9613667,1008196,9613664,9615716,9613667
9615721,9613667,1008196,9613664,9613664,9646686
9615721,9613667,1008196,9613664,9613664,1008196
9615721,9613667,1008196,9613664,9613664,9615716
9615721,9613667,1008196,9613664,9613664,9613664
9615721,9613667,1008196,9613664,9613664,9613667
9615721,9613667,1008196,9613664,9613667,9646686
9615721,9613667,1008196,9613664,9613667,1008196
9615721,9613667,1008196,9613664,9613667,9615716
9615721,9613667,1008196,9613664,9613667,9613664
9615721,9613667,1008196,9613664,9613667,9613667
9615721,9613667,1008196,9613667,9646686,9646686
9615721,9613667,1008196,9613667,9646686,1008196
9615721,9613667,1008196,9613667,9646686,9615716
9615721,9613667,1008196,9613667,9646686,9613664
9615721,9613667,1008196,9613667,9646686,9613667
9615721,9613667,1008196,9613667,1008196,9646686
9615721,9613667,1008196,9613667,1008196,1008196
9615721,9613667,1008196,9613667,1008196,9615716
9615721,9613667,1008196,9613667,1008196,9613664
9615721,9613667,1008196,9613667,1008196,9613667
9615721,9613667,1008196,9613667,9615716,9646686
9615721,9613667,1008196,9613667,9615716,1008196
9615721,9613667,1008196,9613667,9615716,9615716
9615721,9613667,1008196,9613667,9615716,9613664
9615721,9613667,1008196,9613667,9615716,9613667
9615721,9613667,1008196,9613667,9613664,9646686
9615721,9613667,1008196,9613667,9613664,1008196
9615721,9613667,1008196,9613667,9613664,9615716
9615721,9613667,1008196,9613667,9613664,9613664
9615721,9613667,1008196,9613667,9613664,9613667
9615721,9613667,1008196,9613667,9613667,9646686
9615721,9613667,1008196,9613667,9613667,1008196
9615721,9613667,1008196,9613667,9613667,9615716
9615721,9613667,1008196,9613667,9613667,9613664
9615721,9613667,1008196,9613667,9613667,9613667
9615721,9613667,9615716,9646686,9646686,9646686
9615721,9613667,9615716,9646686,9646686,1008196
9615721,9613667,9615716,9646686,9646686,9615716
9615721,9613667,9615716,9646686,9646686,9613664
9615721,9613667,9615716,9646686,9646686,9613667
9615721,9613667,9615716,9646686,1008196,9646686
9615721,9613667,9615716,9646686,1008196,1008196
9615721,9613667,9615716,9646686,1008196,9615716
9615721,9613667,9615716,9646686,1008196,9613664
9615721,9613667,9615716,9646686,1008196,9613667
9615721,9613667,9615716,9646686,9615716,9646686
9615721,9613667,9615716,9646686,9615716,1008196
9615721,9613667,9615716,9646686,9615716,9615716
9615721,9613667,9615716,9646686,9615716,9613664
9615721,9613667,9615716,9646686,9615716,9613667
9615721,9613667,9615716,9646686,9613664,9646686
9615721,9613667,9615716,9646686,9613664,1008196
9615721,9613667,9615716,9646686,9613664,9615716
9615721,9613667,9615716,9646686,9613664,9613664
9615721,9613667,9615716,9646686,9613664,9613667
9615721,9613667,9615716,9646686,9613667,9646686
9615721,9613667,9615716,9646686,9613667,1008196
9615721,9613667,9615716,9646686,9613667,9615716
9615721,9613667,9615716,9646686,9613667,9613664
9615721,9613667,9615716,9646686,9613667,9613667
9615721,9613667,9615716,1008196,9646686,9646686
9615721,9613667,9615716,1008196,9646686,1008196
9615721,9613667,9615716,1008196,9646686,9615716
9615721,9613667,9615716,1008196,9646686,9613664
9615721,9613667,9615716,1008196,9646686,9613667
9615721,9613667,9615716,1008196,1008196,9646686
9615721,9613667,9615716,1008196,1008196,1008196
9615721,9613667,9615716,1008196,1008196,9615716
9615721,9613667,9615716,1008196,1008196,9613664
9615721,9613667,9615716,1008196,1008196,9613667
9615721,9613667,9615716,1008196,9615716,9646686
9615721,9613667,9615716,1008196,9615716,1008196
9615721,9613667,9615716,1008196,9615716,9615716
9615721,9613667,9615716,1008196,9615716,9613664
9615721,9613667,9615716,1008196,9615716,9613667
9615721,9613667,9615716,1008196,9613664,9646686
9615721,9613667,9615716,1008196,9613664,1008196
9615721,9613667,9615716,1008196,9613664,9615716
9615721,9613667,9615716,1008196,9613664,9613664
9615721,9613667,9615716,1008196,9613664,9613667
9615721,9613667,9615716,1008196,9613667,9646686
9615721,9613667,9615716,1008196,9613667,1008196
9615721,9613667,9615716,1008196,9613667,9615716
9615721,9613667,9615716,1008196,9613667,9613664
9615721,9613667,9615716,1008196,9613667,9613667
9615721,9613667,9615716,9615716,9646686,9646686
9615721,9613667,9615716,9615716,9646686,1008196
9615721,9613667,9615716,9615716,9646686,9615716
9615721,9613667,9615716,9615716,9646686,9613664
9615721,9613667,9615716,9615716,9646686,9613667
9615721,9613667,9615716,9615716,1008196,9646686
9615721,9613667,9615716,9615716,1008196,1008196
9615721,9613667,9615716,9615716,1008196,9615716
9615721,9613667,9615716,9615716,1008196,9613664
9615721,9613667,9615716,9615716,1008196,9613667
9615721,9613667,9615716,9615716,9615716,9646686
9615721,9613667,9615716,9615716,9615716,1008196
9615721,9613667,9615716,9615716,9615716,9615716
9615721,9613667,9615716,9615716,9615716,9613664
9615721,9613667,9615716,9615716,9615716,9613667
9615721,9613667,9615716,9615716,9613664,9646686
9615721,9613667,9615716,9615716,9613664,1008196
9615721,9613667,9615716,9615716,9613664,9615716
9615721,9613667,9615716,9615716,9613664,9613664
9615721,9613667,9615716,9615716,9613664,9613667
9615721,9613667,9615716,9615716,9613667,9646686
9615721,9613667,9615716,9615716,9613667,1008196
9615721,9613667,9615716,9615716,9613667,9615716
9615721,9613667,9615716,9615716,9613667,9613664
9615721,9613667,9615716,9615716,9613667,9613667
9615721,9613667,9615716,9613664,9646686,9646686
9615721,9613667,9615716,9613664,9646686,1008196
9615721,9613667,9615716,9613664,9646686,9615716
9615721,9613667,9615716,9613664,9646686,9613664
9615721,9613667,9615716,9613664,9646686,9613667
9615721,9613667,9615716,9613664,1008196,9646686
9615721,9613667,9615716,9613664,1008196,1008196
9615721,9613667,9615716,9613664,1008196,9615716
9615721,9613667,9615716,9613664,1008196,9613664
9615721,9613667,9615716,9613664,1008196,9613667
9615721,9613667,9615716,9613664,9615716,9646686
9615721,9613667,9615716,9613664,9615716,1008196
9615721,9613667,9615716,9613664,9615716,9615716
9615721,9613667,9615716,9613664,9615716,9613664
9615721,9613667,9615716,9613664,9615716,9613667
9615721,9613667,9615716,9613664,9613664,9646686
9615721,9613667,9615716,9613664,9613664,1008196
9615721,9613667,9615716,9613664,9613664,9615716
9615721,9613667,9615716,9613664,9613664,9613664
9615721,9613667,9615716,9613664,9613664,9613667
9615721,9613667,9615716,9613664,9613667,9646686
9615721,9613667,9615716,9613664,9613667,1008196
9615721,9613667,9615716,9613664,9613667,9615716
9615721,9613667,9615716,9613664,9613667,9613664
9615721,9613667,9615716,9613664,9613667,9613667
9615721,9613667,9615716,9613667,9646686,9646686
9615721,9613667,9615716,9613667,9646686,1008196
9615721,9613667,9615716,9613667,9646686,9615716
9615721,9613667,9615716,9613667,9646686,9613664
9615721,9613667,9615716,9613667,9646686,9613667
9615721,9613667,9615716,9613667,1008196,9646686
9615721,9613667,9615716,9613667,1008196,1008196
9615721,9613667,9615716,9613667,1008196,9615716
9615721,9613667,9615716,9613667,1008196,9613664
9615721,9613667,9615716,9613667,1008196,9613667
9615721,9613667,9615716,9613667,9615716,9646686
9615721,9613667,9615716,9613667,9615716,1008196
9615721,9613667,9615716,9613667,9615716,9615716
9615721,9613667,9615716,9613667,9615716,9613664
9615721,9613667,9615716,9613667,9615716,9613667
9615721,9613667,9615716,9613667,9613664,9646686
9615721,9613667,9615716,9613667,9613664,1008196
9615721,9613667,9615716,9613667,9613664,9615716
9615721,9613667,9615716,9613667,9613664,9613664
9615721,9613667,9615716,9613667,9613664,9613667
9615721,9613667,9615716,9613667,9613667,9646686
9615721,9613667,9615716,9613667,9613667,1008196
9615721,9613667,9615716,9613667,9613667,9615716
9615721,9613667,9615716,9613667,9613667,9613664
9615721,9613667,9615716,9613667,9613667,9613667
9615721,9613667,9613664,9646686,9646686,9646686
9615721,9613667,9613664,9646686,9646686,1008196
9615721,9613667,9613664,9646686,9646686,9615716
9615721,9613667,9613664,9646686,9646686,9613664
9615721,9613667,9613664,9646686,9646686,9613667
9615721,9613667,9613664,9646686,1008196,9646686
9615721,9613667,9613664,9646686,1008196,1008196
9615721,9613667,9613664,9646686,1008196,9615716
9615721,9613667,9613664,9646686,1008196,9613664
9615721,9613667,9613664,9646686,1008196,9613667
9615721,9613667,9613664,9646686,9615716,9646686
9615721,9613667,9613664,9646686,9615716,1008196
9615721,9613667,9613664,9646686,9615716,9615716
9615721,9613667,9613664,9646686,9615716,9613664
9615721,9613667,9613664,9646686,9615716,9613667
9615721,9613667,9613664,9646686,9613664,9646686
9615721,9613667,9613664,9646686,9613664,1008196
9615721,9613667,9613664,9646686,9613664,9615716
9615721,9613667,9613664,9646686,9613664,9613664
9615721,9613667,9613664,9646686,9613664,9613667
9615721,9613667,9613664,9646686,9613667,9646686
9615721,9613667,9613664,9646686,9613667,1008196
9615721,9613667,9613664,9646686,9613667,9615716
9615721,9613667,9613664,9646686,9613667,9613664
9615721,9613667,9613664,9646686,9613667,9613667
9615721,9613667,9613664,1008196,9646686,9646686
9615721,9613667,9613664,1008196,9646686,1008196
9615721,9613667,9613664,1008196,9646686,9615716
9615721,9613667,9613664,1008196,9646686,9613664
9615721,9613667,9613664,1008196,9646686,9613667
9615721,9613667,9613664,1008196,1008196,9646686
9615721,9613667,9613664,1008196,1008196,1008196
9615721,9613667,9613664,1008196,1008196,9615716
9615721,9613667,9613664,1008196,1008196,9613664
9615721,9613667,9613664,1008196,1008196,9613667
9615721,9613667,9613664,1008196,9615716,9646686
9615721,9613667,9613664,1008196,9615716,1008196
9615721,9613667,9613664,1008196,9615716,9615716
9615721,9613667,9613664,1008196,9615716,9613664
9615721,9613667,9613664,1008196,9615716,9613667
9615721,9613667,9613664,1008196,9613664,9646686
9615721,9613667,9613664,1008196,9613664,1008196
9615721,9613667,9613664,1008196,9613664,9615716
9615721,9613667,9613664,1008196,9613664,9613664
9615721,9613667,9613664,1008196,9613664,9613667
9615721,9613667,9613664,1008196,9613667,9646686
9615721,9613667,9613664,1008196,9613667,1008196
9615721,9613667,9613664,1008196,9613667,9615716
9615721,9613667,9613664,1008196,9613667,9613664
9615721,9613667,9613664,1008196,9613667,9613667
9615721,9613667,9613664,9615716,9646686,9646686
9615721,9613667,9613664,9615716,9646686,1008196
9615721,9613667,9613664,9615716,9646686,9615716
9615721,9613667,9613664,9615716,9646686,9613664
9615721,9613667,9613664,9615716,9646686,9613667
9615721,9613667,9613664,9615716,1008196,9646686
9615721,9613667,9613664,9615716,1008196,1008196
9615721,9613667,9613664,9615716,1008196,9615716
9615721,9613667,9613664,9615716,1008196,9613664
9615721,9613667,9613664,9615716,1008196,9613667
9615721,9613667,9613664,9615716,9615716,9646686
9615721,9613667,9613664,9615716,9615716,1008196
9615721,9613667,9613664,9615716,9615716,9615716
9615721,9613667,9613664,9615716,9615716,9613664
9615721,9613667,9613664,9615716,9615716,9613667
9615721,9613667,9613664,9615716,9613664,9646686
9615721,9613667,9613664,9615716,9613664,1008196
9615721,9613667,9613664,9615716,9613664,9615716
9615721,9613667,9613664,9615716,9613664,9613664
9615721,9613667,9613664,9615716,9613664,9613667
9615721,9613667,9613664,9615716,9613667,9646686
9615721,9613667,9613664,9615716,9613667,1008196
9615721,9613667,9613664,9615716,9613667,9615716
9615721,9613667,9613664,9615716,9613667,9613664
9615721,9613667,9613664,9615716,9613667,9613667
9615721,9613667,9613664,9613664,9646686,9646686
9615721,9613667,9613664,9613664,9646686,1008196
9615721,9613667,9613664,9613664,9646686,9615716
9615721,9613667,9613664,9613664,9646686,9613664
9615721,9613667,9613664,9613664,9646686,9613667
9615721,9613667,9613664,9613664,1008196,9646686
9615721,9613667,9613664,9613664,1008196,1008196
9615721,9613667,9613664,9613664,1008196,9615716
9615721,9613667,9613664,9613664,1008196,9613664
9615721,9613667,9613664,9613664,1008196,9613667
9615721,9613667,9613664,9613664,9615716,9646686
9615721,9613667,9613664,9613664,9615716,1008196
9615721,9613667,9613664,9613664,9615716,9615716
9615721,9613667,9613664,9613664,9615716,9613664
9615721,9613667,9613664,9613664,9615716,9613667
9615721,9613667,9613664,9613664,9613664,9646686
9615721,9613667,9613664,9613664,9613664,1008196
9615721,9613667,9613664,9613664,9613664,9615716
9615721,9613667,9613664,9613664,9613664,9613664
9615721,9613667,9613664,9613664,9613664,9613667
9615721,9613667,9613664,9613664,9613667,9646686
9615721,9613667,9613664,9613664,9613667,1008196
9615721,9613667,9613664,9613664,9613667,9615716
9615721,9613667,9613664,9613664,9613667,9613664
9615721,9613667,9613664,9613664,9613667,9613667
9615721,9613667,9613664,9613667,9646686,9646686
9615721,9613667,9613664,9613667,9646686,1008196
9615721,9613667,9613664,9613667,9646686,9615716
9615721,9613667,9613664,9613667,9646686,9613664
9615721,9613667,9613664,9613667,9646686,9613667
9615721,9613667,9613664,9613667,1008196,9646686
9615721,9613667,9613664,9613667,1008196,1008196
9615721,9613667,9613664,9613667,1008196,9615716
9615721,9613667,9613664,9613667,1008196,9613664
9615721,9613667,9613664,9613667,1008196,9613667
9615721,9613667,9613664,9613667,9615716,9646686
9615721,9613667,9613664,9613667,9615716,1008196
9615721,9613667,9613664,9613667,9615716,9615716
9615721,9613667,9613664,9613667,9615716,9613664
9615721,9613667,9613664,9613667,9615716,9613667
9615721,9613667,9613664,9613667,9613664,9646686
9615721,9613667,9613664,9613667,9613664,1008196
9615721,9613667,9613664,9613667,9613664,9615716
9615721,9613667,9613664,9613667,9613664,9613664
9615721,9613667,9613664,9613667,9613664,9613667
9615721,9613667,9613664,9613667,9613667,9646686
9615721,9613667,9613664,9613667,9613667,1008196
9615721,9613667,9613664,9613667,9613667,9615716
9615721,9613667,9613664,9613667,9613667,9613664
9615721,9613667,9613664,9613667,9613667,9613667
9615721,9613667,9613667,9646686,9646686,9646686
9615721,9613667,9613667,9646686,9646686,1008196
9615721,9613667,9613667,9646686,9646686,9615716
9615721,9613667,9613667,9646686,9646686,9613664
9615721,9613667,9613667,9646686,9646686,9613667
9615721,9613667,9613667,9646686,1008196,9646686
9615721,9613667,9613667,9646686,1008196,1008196
9615721,9613667,9613667,9646686,1008196,9615716
9615721,9613667,9613667,9646686,1008196,9613664
9615721,9613667,9613667,9646686,1008196,9613667
9615721,9613667,9613667,9646686,9615716,9646686
9615721,9613667,9613667,9646686,9615716,1008196
9615721,9613667,9613667,9646686,9615716,9615716
9615721,9613667,9613667,9646686,9615716,9613664
9615721,9613667,9613667,9646686,9615716,9613667
9615721,9613667,9613667,9646686,9613664,9646686
9615721,9613667,9613667,9646686,9613664,1008196
9615721,9613667,9613667,9646686,9613664,9615716
9615721,9613667,9613667,9646686,9613664,9613664
9615721,9613667,9613667,9646686,9613664,9613667
9615721,9613667,9613667,9646686,9613667,9646686
9615721,9613667,9613667,9646686,9613667,1008196
9615721,9613667,9613667,9646686,9613667,9615716
9615721,9613667,9613667,9646686,9613667,9613664
9615721,9613667,9613667,9646686,9613667,9613667
9615721,9613667,9613667,1008196,9646686,9646686
9615721,9613667,9613667,1008196,9646686,1008196
9615721,9613667,9613667,1008196,9646686,9615716
9615721,9613667,9613667,1008196,9646686,9613664
9615721,9613667,9613667,1008196,9646686,9613667
9615721,9613667,9613667,1008196,1008196,9646686
9615721,9613667,9613667,1008196,1008196,1008196
9615721,9613667,9613667,1008196,1008196,9615716
9615721,9613667,9613667,1008196,1008196,9613664
9615721,9613667,9613667,1008196,1008196,9613667
9615721,9613667,9613667,1008196,9615716,9646686
9615721,9613667,9613667,1008196,9615716,1008196
9615721,9613667,9613667,1008196,9615716,9615716
9615721,9613667,9613667,1008196,9615716,9613664
9615721,9613667,9613667,1008196,9615716,9613667
9615721,9613667,9613667,1008196,9613664,9646686
9615721,9613667,9613667,1008196,9613664,1008196
9615721,9613667,9613667,1008196,9613664,9615716
9615721,9613667,9613667,1008196,9613664,9613664
9615721,9613667,9613667,1008196,9613664,9613667
9615721,9613667,9613667,1008196,9613667,9646686
9615721,9613667,9613667,1008196,9613667,1008196
9615721,9613667,9613667,1008196,9613667,9615716
9615721,9613667,9613667,1008196,9613667,9613664
9615721,9613667,9613667,1008196,9613667,9613667
9615721,9613667,9613667,9615716,9646686,9646686
9615721,9613667,9613667,9615716,9646686,1008196
9615721,9613667,9613667,9615716,9646686,9615716
9615721,9613667,9613667,9615716,9646686,9613664
9615721,9613667,9613667,9615716,9646686,9613667
9615721,9613667,9613667,9615716,1008196,9646686
9615721,9613667,9613667,9615716,1008196,1008196
9615721,9613667,9613667,9615716,1008196,9615716
9615721,9613667,9613667,9615716,1008196,9613664
9615721,9613667,9613667,9615716,1008196,9613667
9615721,9613667,9613667,9615716,9615716,9646686
9615721,9613667,9613667,9615716,9615716,1008196
9615721,9613667,9613667,9615716,9615716,9615716
9615721,9613667,9613667,9615716,9615716,9613664
9615721,9613667,9613667,9615716,9615716,9613667
9615721,9613667,9613667,9615716,9613664,9646686
9615721,9613667,9613667,9615716,9613664,1008196
9615721,9613667,9613667,9615716,9613664,9615716
9615721,9613667,9613667,9615716,9613664,9613664
9615721,9613667,9613667,9615716,9613664,9613667
9615721,9613667,9613667,9615716,9613667,9646686
9615721,9613667,9613667,9615716,9613667,1008196
9615721,9613667,9613667,9615716,9613667,9615716
9615721,9613667,9613667,9615716,9613667,9613664
9615721,9613667,9613667,9615716,9613667,9613667
9615721,9613667,9613667,9613664,9646686,9646686
9615721,9613667,9613667,9613664,9646686,1008196
9615721,9613667,9613667,9613664,9646686,9615716
9615721,9613667,9613667,9613664,9646686,9613664
9615721,9613667,9613667,9613664,9646686,9613667
9615721,9613667,9613667,9613664,1008196,9646686
9615721,9613667,9613667,9613664,1008196,1008196
9615721,9613667,9613667,9613664,1008196,9615716
9615721,9613667,9613667,9613664,1008196,9613664
9615721,9613667,9613667,9613664,1008196,9613667
9615721,9613667,9613667,9613664,9615716,9646686
9615721,9613667,9613667,9613664,9615716,1008196
9615721,9613667,9613667,9613664,9615716,9615716
9615721,9613667,9613667,9613664,9615716,9613664
9615721,9613667,9613667,9613664,9615716,9613667
9615721,9613667,9613667,9613664,9613664,9646686
9615721,9613667,9613667,9613664,9613664,1008196
9615721,9613667,9613667,9613664,9613664,9615716
9615721,9613667,9613667,9613664,9613664,9613664
9615721,9613667,9613667,9613664,9613664,9613667
9615721,9613667,9613667,9613664,9613667,9646686
9615721,9613667,9613667,9613664,9613667,1008196
9615721,9613667,9613667,9613664,9613667,9615716
9615721,9613667,9613667,9613664,9613667,9613664
9615721,9613667,9613667,9613664,9613667,9613667
9615721,9613667,9613667,9613667,9646686,9646686
9615721,9613667,9613667,9613667,9646686,1008196
9615721,9613667,9613667,9613667,9646686,9615716
9615721,9613667,9613667,9613667,9646686,9613664
9615721,9613667,9613667,9613667,9646686,9613667
9615721,9613667,9613667,9613667,1008196,9646686
9615721,9613667,9613667,9613667,1008196,1008196
9615721,9613667,9613667,9613667,1008196,9615716
9615721,9613667,9613667,9613667,1008196,9613664
9615721,9613667,9613667,9613667,1008196,9613667
9615721,9613667,9613667,9613667,9615716,9646686
9615721,9613667,9613667,9613667,9615716,1008196
9615721,9613667,9613667,9613667,9615716,9615716
9615721,9613667,9613667,9613667,9615716,9613664
9615721,9613667,9613667,9613667,9615716,9613667
9615721,9613667,9613667,9613667,9613664,9646686
9615721,9613667,9613667,9613667,9613664,1008196
9615721,9613667,9613667,9613667,9613664,9615716
9615721,9613667,9613667,9613667,9613664,9613664
9615721,9613667,9613667,9613667,9613664,9613667
9615721,9613667,9613667,9613667,9613667,9646686
9615721,9613667,9613667,9613667,9613667,1008196
9615721,9613667,9613667,9613667,9613667,9615716
9615721,9613667,9613667,9613667,9613667,9613664
9615721,9613667,9613667,9613667,9613667,9613667
9613352,9613337,9613337,9613337,9613337,9613337
9613352,9613337,9613337,9613337,9613337,9613345
9613352,9613337,9613337,9613337,9613345,9613337
9613352,9613337,9613337,9613337,9613345,9613345
9613352,9613337,9613337,9613345,9613337,9613337
9613352,9613337,9613337,9613345,9613337,9613345
9613352,9613337,9613337,9613345,9613345,9613337
9613352,9613337,9613337,9613345,9613345,9613345
9613352,9613337,9613345,9613337,9613337,9613337
9613352,9613337,9613345,9613337,9613337,9613345
9613352,9613337,9613345,9613337,9613345,9613337
9613352,9613337,9613345,9613337,9613345,9613345
9613352,9613337,9613345,9613345,9613337,9613337
9613352,9613337,9613345,9613345,9613337,9613345
9613352,9613337,9613345,9613345,9613345,9613337
9613352,9613337,9613345,9613345,9613345,9613345
9613352,9613345,9613337,9613337,9613337,9613337
9613352,9613345,9613337,9613337,9613337,9613345
9613352,9613345,9613337,9613337,9613345,9613337
9613352,9613345,9613337,9613337,9613345,9613345
9613352,9613345,9613337,9613345,9613337,9613337
9613352,9613345,9613337,9613345,9613337,9613345
9613352,9613345,9613337,9613345,9613345,9613337
9613352,9613345,9613337,9613345,9613345,9613345
9613352,9613345,9613345,9613337,9613337,9613337
9613352,9613345,9613345,9613337,9613337,9613345
9613352,9613345,9613345,9613337,9613345,9613337
9613352,9613345,9613345,9613337,9613345,9613345
9613352,9613345,9613345,9613345,9613337,9613337
9613352,9613345,9613345,9613345,9613337,9613345
9613352,9613345,9613345,9613345,9613345,9613337
9613352,9613345,9613345,9613345,9613345,9613345
9613356,9613341,9613341,9613341,9613341,9613341
9613356,9613341,9613341,9613341,9613341,9613335
9613356,9613341,9613341,9613341,9613335,9613341
9613356,9613341,9613341,9613341,9613335,9613335
9613356,9613341,9613341,9613335,9613341,9613341
9613356,9613341,9613341,9613335,9613341,9613335
9613356,9613341,9613341,9613335,9613335,9613341
9613356,9613341,9613341,9613335,9613335,9613335
9613356,9613341,9613335,9613341,9613341,9613341
9613356,9613341,9613335,9613341,9613341,9613335
9613356,9613341,9613335,9613341,9613335,9613341
9613356,9613341,9613335,9613341,9613335,9613335
9613356,9613341,9613335,9613335,9613341,9613341
9613356,9613341,9613335,9613335,9613341,9613335
9613356,9613341,9613335,9613335,9613335,9613341
9613356,9613341,9613335,9613335,9613335,9613335
9613356,9613335,9613341,9613341,9613341,9613341
9613356,9613335,9613341,9613341,9613341,9613335
9613356,9613335,9613341,9613341,9613335,9613341
9613356,9613335,9613341,9613341,9613335,9613335
9613356,9613335,9613341,9613335,9613341,9613341
9613356,9613335,9613341,9613335,9613341,9613335
9613356,9613335,9613341,9613335,9613335,9613341
9613356,9613335,9613341,9613335,9613335,9613335
9613356,9613335,9613335,9613341,9613341,9613341
9613356,9613335,9613335,9613341,9613341,9613335
9613356,9613335,9613335,9613341,9613335,9613341
9613356,9613335,9613335,9613341,9613335,9613335
9613356,9613335,9613335,9613335,9613341,9613341
9613356,9613335,9613335,9613335,9613341,9613335
9613356,9613335,9613335,9613335,9613335,9613341
9613356,9613335,9613335,9613335,9613335,9613335
9646347,9641128,9641128,9641128,9641128,9641128
9646347,9641128,9641128,9641128,9641128,9665106
9646347,9641128,9641128,9641128,9641128,9641112
9646347,9641128,9641128,9641128,9641128,9641129
9646347,9641128,9641128,9641128,9641128,9641125
9646347,9641128,9641128,9641128,9641128,9641126
9646347,9641128,9641128,9641128,9665106,9641128
9646347,9641128,9641128,9641128,9665106,9665106
9646347,9641128,9641128,9641128,9665106,9641112
9646347,9641128,9641128,9641128,9665106,9641129
9646347,9641128,9641128,9641128,9665106,9641125
9646347,9641128,9641128,9641128,9665106,9641126
9646347,9641128,9641128,9641128,9641112,9641128
9646347,9641128,9641128,9641128,9641112,9665106
9646347,9641128,9641128,9641128,9641112,9641112
9646347,9641128,9641128,9641128,9641112,9641129
9646347,9641128,9641128,9641128,9641112,9641125
9646347,9641128,9641128,9641128,9641112,9641126
9646347,9641128,9641128,9641128,9641129,9641128
9646347,9641128,9641128,9641128,9641129,9665106
9646347,9641128,9641128,9641128,9641129,9641112
9646347,9641128,9641128,9641128,9641129,9641129
9646347,9641128,9641128,9641128,9641129,9641125
9646347,9641128,9641128,9641128,9641129,9641126
9646347,9641128,9641128,9641128,9641125,9641128
9646347,9641128,9641128,9641128,9641125,9665106
9646347,9641128,9641128,9641128,9641125,9641112
9646347,9641128,9641128,9641128,9641125,9641129
9646347,9641128,9641128,9641128,9641125,9641125
9646347,9641128,9641128,9641128,9641125,9641126
9646347,9641128,9641128,9641128,9641126,9641128
9646347,9641128,9641128,9641128,9641126,9665106
9646347,9641128,9641128,9641128,9641126,9641112
9646347,9641128,9641128,9641128,9641126,9641129
9646347,9641128,9641128,9641128,9641126,9641125
9646347,9641128,9641128,9641128,9641126,9641126
9646347,9641128,9641128,9665106,9641128,9641128
9646347,9641128,9641128,9665106,9641128,9665106
9646347,9641128,9641128,9665106,9641128,9641112
9646347,9641128,9641128,9665106,9641128,9641129
9646347,9641128,9641128,9665106,9641128,9641125
9646347,9641128,9641128,9665106,9641128,9641126
9646347,9641128,9641128,9665106,9665106,9641128
9646347,9641128,9641128,9665106,9665106,9665106
9646347,9641128,9641128,9665106,9665106,9641112
9646347,9641128,9641128,9665106,9665106,9641129
9646347,9641128,9641128,9665106,9665106,9641125
9646347,9641128,9641128,9665106,9665106,9641126
9646347,9641128,9641128,9665106,9641112,9641128
9646347,9641128,9641128,9665106,9641112,9665106
9646347,9641128,9641128,9665106,9641112,9641112
9646347,9641128,9641128,9665106,9641112,9641129
9646347,9641128,9641128,9665106,9641112,9641125
9646347,9641128,9641128,9665106,9641112,9641126
9646347,9641128,9641128,9665106,9641129,9641128
9646347,9641128,9641128,9665106,9641129,9665106
9646347,9641128,9641128,9665106,9641129,9641112
9646347,9641128,9641128,9665106,9641129,9641129
9646347,9641128,9641128,9665106,9641129,9641125
9646347,9641128,9641128,9665106,9641129,9641126
9646347,9641128,9641128,9665106,9641125,9641128
9646347,9641128,9641128,9665106,9641125,9665106
9646347,9641128,9641128,9665106,9641125,9641112
9646347,9641128,9641128,9665106,9641125,9641129
9646347,9641128,9641128,9665106,9641125,9641125
9646347,9641128,9641128,9665106,9641125,9641126
9646347,9641128,9641128,9665106,9641126,9641128
9646347,9641128,9641128,9665106,9641126,9665106
9646347,9641128,9641128,9665106,9641126,9641112
9646347,9641128,9641128,9665106,9641126,9641129
9646347,9641128,9641128,9665106,9641126,9641125
9646347,9641128,9641128,9665106,9641126,9641126
9646347,9641128,9641128,9641112,9641128,9641128
9646347,9641128,9641128,9641112,9641128,9665106
9646347,9641128,9641128,9641112,9641128,9641112
9646347,9641128,9641128,9641112,9641128,9641129
9646347,9641128,9641128,9641112,9641128,9641125
9646347,9641128,9641128,9641112,9641128,9641126
9646347,9641128,9641128,9641112,9665106,9641128
9646347,9641128,9641128,9641112,9665106,9665106
9646347,9641128,9641128,9641112,9665106,9641112
9646347,9641128,9641128,9641112,9665106,9641129
9646347,9641128,9641128,9641112,9665106,9641125
9646347,9641128,9641128,9641112,9665106,9641126
9646347,9641128,9641128,9641112,9641112,9641128
9646347,9641128,9641128,9641112,9641112,9665106
9646347,9641128,9641128,9641112,9641112,9641112
9646347,9641128,9641128,9641112,9641112,9641129
9646347,9641128,9641128,9641112,9641112,9641125
9646347,9641128,9641128,9641112,9641112,9641126
9646347,9641128,9641128,9641112,9641129,9641128
9646347,9641128,9641128,9641112,9641129,9665106
9646347,9641128,9641128,9641112,9641129,9641112
9646347,9641128,9641128,9641112,9641129,9641129
9646347,9641128,9641128,9641112,9641129,9641125
9646347,9641128,9641128,9641112,9641129,9641126
9646347,9641128,9641128,9641112,9641125,9641128
9646347,9641128,9641128,9641112,9641125,9665106
9646347,9641128,9641128,9641112,9641125,9641112
9646347,9641128,9641128,9641112,9641125,9641129
9646347,9641128,9641128,9641112,9641125,9641125
9646347,9641128,9641128,9641112,9641125,9641126
9646347,9641128,9641128,9641112,9641126,9641128
9646347,9641128,9641128,9641112,9641126,9665106
9646347,9641128,9641128,9641112,9641126,9641112
9646347,9641128,9641128,9641112,9641126,9641129
9646347,9641128,9641128,9641112,9641126,9641125
9646347,9641128,9641128,9641112,9641126,9641126
9646347,9641128,9641128,9641129,9641128,9641128
9646347,9641128,9641128,9641129,9641128,9665106
9646347,9641128,9641128,9641129,9641128,9641112
9646347,9641128,9641128,9641129,9641128,9641129
9646347,9641128,9641128,9641129,9641128,9641125
9646347,9641128,9641128,9641129,9641128,9641126
9646347,9641128,9641128,9641129,9665106,9641128
9646347,9641128,9641128,9641129,9665106,9665106
9646347,9641128,9641128,9641129,9665106,9641112
9646347,9641128,9641128,9641129,9665106,9641129
9646347,9641128,9641128,9641129,9665106,9641125
9646347,9641128,9641128,9641129,9665106,9641126
9646347,9641128,9641128,9641129,9641112,9641128
9646347,9641128,9641128,9641129,9641112,9665106
9646347,9641128,9641128,9641129,9641112,9641112
9646347,9641128,9641128,9641129,9641112,9641129
9646347,9641128,9641128,9641129,9641112,9641125
9646347,9641128,9641128,9641129,9641112,9641126
9646347,9641128,9641128,9641129,9641129,9641128
9646347,9641128,9641128,9641129,9641129,9665106
9646347,9641128,9641128,9641129,9641129,9641112
9646347,9641128,9641128,9641129,9641129,9641129
9646347,9641128,9641128,9641129,9641129,9641125
9646347,9641128,9641128,9641129,9641129,9641126
9646347,9641128,9641128,9641129,9641125,9641128
9646347,9641128,9641128,9641129,9641125,9665106
9646347,9641128,9641128,9641129,9641125,9641112
9646347,9641128,9641128,9641129,9641125,9641129
9646347,9641128,9641128,9641129,9641125,9641125
9646347,9641128,9641128,9641129,9641125,9641126
9646347,9641128,9641128,9641129,9641126,9641128
9646347,9641128,9641128,9641129,9641126,9665106
9646347,9641128,9641128,9641129,9641126,9641112
9646347,9641128,9641128,9641129,9641126,9641129
9646347,9641128,9641128,9641129,9641126,9641125
9646347,9641128,9641128,9641129,9641126,9641126
9646347,9641128,9641128,9641125,9641128,9641128
9646347,9641128,9641128,9641125,9641128,9665106
9646347,9641128,9641128,9641125,9641128,9641112
9646347,9641128,9641128,9641125,9641128,9641129
9646347,9641128,9641128,9641125,9641128,9641125
9646347,9641128,9641128,9641125,9641128,9641126
9646347,9641128,9641128,9641125,9665106,9641128
9646347,9641128,9641128,9641125,9665106,9665106
9646347,9641128,9641128,9641125,9665106,9641112
9646347,9641128,9641128,9641125,9665106,9641129
9646347,9641128,9641128,9641125,9665106,9641125
9646347,9641128,9641128,9641125,9665106,9641126
9646347,9641128,9641128,9641125,9641112,9641128
9646347,9641128,9641128,9641125,9641112,9665106
9646347,9641128,9641128,9641125,9641112,9641112
9646347,9641128,9641128,9641125,9641112,9641129
9646347,9641128,9641128,9641125,9641112,9641125
9646347,9641128,9641128,9641125,9641112,9641126
9646347,9641128,9641128,9641125,9641129,9641128
9646347,9641128,9641128,9641125,9641129,9665106
9646347,9641128,9641128,9641125,9641129,9641112
9646347,9641128,9641128,9641125,9641129,9641129
9646347,9641128,9641128,9641125,9641129,9641125
9646347,9641128,9641128,9641125,9641129,9641126
9646347,9641128,9641128,9641125,9641125,9641128
9646347,9641128,9641128,9641125,9641125,9665106
9646347,9641128,9641128,9641125,9641125,9641112
9646347,9641128,9641128,9641125,9641125,9641129
9646347,9641128,9641128,9641125,9641125,9641125
9646347,9641128,9641128,9641125,9641125,9641126
9646347,9641128,9641128,9641125,9641126,9641128
9646347,9641128,9641128,9641125,9641126,9665106
9646347,9641128,9641128,9641125,9641126,9641112
9646347,9641128,9641128,9641125,9641126,9641129
9646347,9641128,9641128,9641125,9641126,9641125
9646347,9641128,9641128,9641125,9641126,9641126
9646347,9641128,9641128,9641126,9641128,9641128
9646347,9641128,9641128,9641126,9641128,9665106
9646347,9641128,9641128,9641126,9641128,9641112
9646347,9641128,9641128,9641126,9641128,9641129
9646347,9641128,9641128,9641126,9641128,9641125
9646347,9641128,9641128,9641126,9641128,9641126
9646347,9641128,9641128,9641126,9665106,9641128
9646347,9641128,9641128,9641126,9665106,9665106
9646347,9641128,9641128,9641126,9665106,9641112
9646347,9641128,9641128,9641126,9665106,9641129
9646347,9641128,9641128,9641126,9665106,9641125
9646347,9641128,9641128,9641126,9665106,9641126
9646347,9641128,9641128,9641126,9641112,9641128
9646347,9641128,9641128,9641126,9641112,9665106
9646347,9641128,9641128,9641126,9641112,9641112
9646347,9641128,9641128,9641126,9641112,9641129
9646347,9641128,9641128,9641126,9641112,9641125
9646347,9641128,9641128,9641126,9641112,9641126
9646347,9641128,9641128,9641126,9641129,9641128
9646347,9641128,9641128,9641126,9641129,9665106
9646347,9641128,9641128,9641126,9641129,9641112
9646347,9641128,9641128,9641126,9641129,9641129
9646347,9641128,9641128,9641126,9641129,9641125
9646347,9641128,9641128,9641126,9641129,9641126
9646347,9641128,9641128,9641126,9641125,9641128
9646347,9641128,9641128,9641126,9641125,9665106
9646347,9641128,9641128,9641126,9641125,9641112
9646347,9641128,9641128,9641126,9641125,9641129
9646347,9641128,9641128,9641126,9641125,9641125
9646347,9641128,9641128,9641126,9641125,9641126
9646347,9641128,9641128,9641126,9641126,9641128
9646347,9641128,9641128,9641126,9641126,9665106
9646347,9641128,9641128,9641126,9641126,9641112
9646347,9641128,9641128,9641126,9641126,9641129
9646347,9641128,9641128,9641126,9641126,9641125
9646347,9641128,9641128,9641126,9641126,9641126
9646347,9641128,9665106,9641128,9641128,9641128
9646347,9641128,9665106,9641128,9641128,9665106
9646347,9641128,9665106,9641128,9641128,9641112
9646347,9641128,9665106,9641128,9641128,9641129
9646347,9641128,9665106,9641128,9641128,9641125
9646347,9641128,9665106,9641128,9641128,9641126
9646347,9641128,9665106,9641128,9665106,9641128
9646347,9641128,9665106,9641128,9665106,9665106
9646347,9641128,9665106,9641128,9665106,9641112
9646347,9641128,9665106,9641128,9665106,9641129
9646347,9641128,9665106,9641128,9665106,9641125
9646347,9641128,9665106,9641128,9665106,9641126
9646347,9641128,9665106,9641128,9641112,9641128
9646347,9641128,9665106,9641128,9641112,9665106
9646347,9641128,9665106,9641128,9641112,9641112
9646347,9641128,9665106,9641128,9641112,9641129
9646347,9641128,9665106,9641128,9641112,9641125
9646347,9641128,9665106,9641128,9641112,9641126
9646347,9641128,9665106,9641128,9641129,9641128
9646347,9641128,9665106,9641128,9641129,9665106
9646347,9641128,9665106,9641128,9641129,9641112
9646347,9641128,9665106,9641128,9641129,9641129
9646347,9641128,9665106,9641128,9641129,9641125
9646347,9641128,9665106,9641128,9641129,9641126
9646347,9641128,9665106,9641128,9641125,9641128
9646347,9641128,9665106,9641128,9641125,9665106
9646347,9641128,9665106,9641128,9641125,9641112
9646347,9641128,9665106,9641128,9641125,9641129
9646347,9641128,9665106,9641128,9641125,9641125
9646347,9641128,9665106,9641128,9641125,9641126
9646347,9641128,9665106,9641128,9641126,9641128
9646347,9641128,9665106,9641128,9641126,9665106
9646347,9641128,9665106,9641128,9641126,9641112
9646347,9641128,9665106,9641128,9641126,9641129
9646347,9641128,9665106,9641128,9641126,9641125
9646347,9641128,9665106,9641128,9641126,9641126
9646347,9641128,9665106,9665106,9641128,9641128
9646347,9641128,9665106,9665106,9641128,9665106
9646347,9641128,9665106,9665106,9641128,9641112
9646347,9641128,9665106,9665106,9641128,9641129
9646347,9641128,9665106,9665106,9641128,9641125
9646347,9641128,9665106,9665106,9641128,9641126
9646347,9641128,9665106,9665106,9665106,9641128
9646347,9641128,9665106,9665106,9665106,9665106
9646347,9641128,9665106,9665106,9665106,9641112
9646347,9641128,9665106,9665106,9665106,9641129
9646347,9641128,9665106,9665106,9665106,9641125
9646347,9641128,9665106,9665106,9665106,9641126
9646347,9641128,9665106,9665106,9641112,9641128
9646347,9641128,9665106,9665106,9641112,9665106
9646347,9641128,9665106,9665106,9641112,9641112
9646347,9641128,9665106,9665106,9641112,9641129
9646347,9641128,9665106,9665106,9641112,9641125
9646347,9641128,9665106,9665106,9641112,9641126
9646347,9641128,9665106,9665106,9641129,9641128
9646347,9641128,9665106,9665106,9641129,9665106
9646347,9641128,9665106,9665106,9641129,9641112
9646347,9641128,9665106,9665106,9641129,9641129
9646347,9641128,9665106,9665106,9641129,9641125
9646347,9641128,9665106,9665106,9641129,9641126
9646347,9641128,9665106,9665106,9641125,9641128
9646347,9641128,9665106,9665106,9641125,9665106
9646347,9641128,9665106,9665106,9641125,9641112
9646347,9641128,9665106,9665106,9641125,9641129
9646347,9641128,9665106,9665106,9641125,9641125
9646347,9641128,9665106,9665106,9641125,9641126
9646347,9641128,9665106,9665106,9641126,9641128
9646347,9641128,9665106,9665106,9641126,9665106
9646347,9641128,9665106,9665106,9641126,9641112
9646347,9641128,9665106,9665106,9641126,9641129
9646347,9641128,9665106,9665106,9641126,9641125
9646347,9641128,9665106,9665106,9641126,9641126
9646347,9641128,9665106,9641112,9641128,9641128
9646347,9641128,9665106,9641112,9641128,9665106
9646347,9641128,9665106,9641112,9641128,9641112
9646347,9641128,9665106,9641112,9641128,9641129
9646347,9641128,9665106,9641112,9641128,9641125
9646347,9641128,9665106,9641112,9641128,9641126
9646347,9641128,9665106,9641112,9665106,9641128
9646347,9641128,9665106,9641112,9665106,9665106
9646347,9641128,9665106,9641112,9665106,9641112
9646347,9641128,9665106,9641112,9665106,9641129
9646347,9641128,9665106,9641112,9665106,9641125
9646347,9641128,9665106,9641112,9665106,9641126
9646347,9641128,9665106,9641112,9641112,9641128
9646347,9641128,9665106,9641112,9641112,9665106
9646347,9641128,9665106,9641112,9641112,9641112
9646347,9641128,9665106,9641112,9641112,9641129
9646347,9641128,9665106,9641112,9641112,9641125
9646347,9641128,9665106,9641112,9641112,9641126
9646347,9641128,9665106,9641112,9641129,9641128
9646347,9641128,9665106,9641112,9641129,9665106
9646347,9641128,9665106,9641112,9641129,9641112
9646347,9641128,9665106,9641112,9641129,9641129
9646347,9641128,9665106,9641112,9641129,9641125
9646347,9641128,9665106,9641112,9641129,9641126
9646347,9641128,9665106,9641112,9641125,9641128
9646347,9641128,9665106,9641112,9641125,9665106
9646347,9641128,9665106,9641112,9641125,9641112
9646347,9641128,9665106,9641112,9641125,9641129
9646347,9641128,9665106,9641112,9641125,9641125
9646347,9641128,9665106,9641112,9641125,9641126
9646347,9641128,9665106,9641112,9641126,9641128
9646347,9641128,9665106,9641112,9641126,9665106
9646347,9641128,9665106,9641112,9641126,9641112
9646347,9641128,9665106,9641112,9641126,9641129
9646347,9641128,9665106,9641112,9641126,9641125
9646347,9641128,9665106,9641112,9641126,9641126
9646347,9641128,9665106,9641129,9641128,9641128
9646347,9641128,9665106,9641129,9641128,9665106
9646347,9641128,9665106,9641129,9641128,9641112
9646347,9641128,9665106,9641129,9641128,9641129
9646347,9641128,9665106,9641129,9641128,9641125
9646347,9641128,9665106,9641129,9641128,9641126
9646347,9641128,9665106,9641129,9665106,9641128
9646347,9641128,9665106,9641129,9665106,9665106
9646347,9641128,9665106,9641129,9665106,9641112
9646347,9641128,9665106,9641129,9665106,9641129
9646347,9641128,9665106,9641129,9665106,9641125
9646347,9641128,9665106,9641129,9665106,9641126
9646347,9641128,9665106,9641129,9641112,9641128
9646347,9641128,9665106,9641129,9641112,9665106
9646347,9641128,9665106,9641129,9641112,9641112
9646347,9641128,9665106,9641129,9641112,9641129
9646347,9641128,9665106,9641129,9641112,9641125
9646347,9641128,9665106,9641129,9641112,9641126
9646347,9641128,9665106,9641129,9641129,9641128
9646347,9641128,9665106,9641129,9641129,9665106
9646347,9641128,9665106,9641129,9641129,9641112
9646347,9641128,9665106,9641129,9641129,9641129
9646347,9641128,9665106,9641129,9641129,9641125
9646347,9641128,9665106,9641129,9641129,9641126
9646347,9641128,9665106,9641129,9641125,9641128
9646347,9641128,9665106,9641129,9641125,9665106
9646347,9641128,9665106,9641129,9641125,9641112
9646347,9641128,9665106,9641129,9641125,9641129
9646347,9641128,9665106,9641129,9641125,9641125
9646347,9641128,9665106,9641129,9641125,9641126
9646347,9641128,9665106,9641129,9641126,9641128
9646347,9641128,9665106,9641129,9641126,9665106
9646347,9641128,9665106,9641129,9641126,9641112
9646347,9641128,9665106,9641129,9641126,9641129
9646347,9641128,9665106,9641129,9641126,9641125
9646347,9641128,9665106,9641129,9641126,9641126
9646347,9641128,9665106,9641125,9641128,9641128
9646347,9641128,9665106,9641125,9641128,9665106
9646347,9641128,9665106,9641125,9641128,9641112
9646347,9641128,9665106,9641125,9641128,9641129
9646347,9641128,9665106,9641125,9641128,9641125
9646347,9641128,9665106,9641125,9641128,9641126
9646347,9641128,9665106,9641125,9665106,9641128
9646347,9641128,9665106,9641125,9665106,9665106
9646347,9641128,9665106,9641125,9665106,9641112
9646347,9641128,9665106,9641125,9665106,9641129
9646347,9641128,9665106,9641125,9665106,9641125
9646347,9641128,9665106,9641125,9665106,9641126
9646347,9641128,9665106,9641125,9641112,9641128
9646347,9641128,9665106,9641125,9641112,9665106
9646347,9641128,9665106,9641125,9641112,9641112
9646347,9641128,9665106,9641125,9641112,9641129
9646347,9641128,9665106,9641125,9641112,9641125
9646347,9641128,9665106,9641125,9641112,9641126
9646347,9641128,9665106,9641125,9641129,9641128
9646347,9641128,9665106,9641125,9641129,9665106
9646347,9641128,9665106,9641125,9641129,9641112
9646347,9641128,9665106,9641125,9641129,9641129
9646347,9641128,9665106,9641125,9641129,9641125
9646347,9641128,9665106,9641125,9641129,9641126
9646347,9641128,9665106,9641125,9641125,9641128
9646347,9641128,9665106,9641125,9641125,9665106
9646347,9641128,9665106,9641125,9641125,9641112
9646347,9641128,9665106,9641125,9641125,9641129
9646347,9641128,9665106,9641125,9641125,9641125
9646347,9641128,9665106,9641125,9641125,9641126
9646347,9641128,9665106,9641125,9641126,9641128
9646347,9641128,9665106,9641125,9641126,9665106
9646347,9641128,9665106,9641125,9641126,9641112
9646347,9641128,9665106,9641125,9641126,9641129
9646347,9641128,9665106,9641125,9641126,9641125
9646347,9641128,9665106,9641125,9641126,9641126
9646347,9641128,9665106,9641126,9641128,9641128
9646347,9641128,9665106,9641126,9641128,9665106
9646347,9641128,9665106,9641126,9641128,9641112
9646347,9641128,9665106,9641126,9641128,9641129
9646347,9641128,9665106,9641126,9641128,9641125
9646347,9641128,9665106,9641126,9641128,9641126
9646347,9641128,9665106,9641126,9665106,9641128
9646347,9641128,9665106,9641126,9665106,9665106
9646347,9641128,9665106,9641126,9665106,9641112
9646347,9641128,9665106,9641126,9665106,9641129
9646347,9641128,9665106,9641126,9665106,9641125
9646347,9641128,9665106,9641126,9665106,9641126
9646347,9641128,9665106,9641126,9641112,9641128
9646347,9641128,9665106,9641126,9641112,9665106
9646347,9641128,9665106,9641126,9641112,9641112
9646347,9641128,9665106,9641126,9641112,9641129
9646347,9641128,9665106,9641126,9641112,9641125
9646347,9641128,9665106,9641126,9641112,9641126
9646347,9641128,9665106,9641126,9641129,9641128
9646347,9641128,9665106,9641126,9641129,9665106
9646347,9641128,9665106,9641126,9641129,9641112
9646347,9641128,9665106,9641126,9641129,9641129
9646347,9641128,9665106,9641126,9641129,9641125
9646347,9641128,9665106,9641126,9641129,9641126
9646347,9641128,9665106,9641126,9641125,9641128
9646347,9641128,9665106,9641126,9641125,9665106
9646347,9641128,9665106,9641126,9641125,9641112
9646347,9641128,9665106,9641126,9641125,9641129
9646347,9641128,9665106,9641126,9641125,9641125
9646347,9641128,9665106,9641126,9641125,9641126
9646347,9641128,9665106,9641126,9641126,9641128
9646347,9641128,9665106,9641126,9641126,9665106
9646347,9641128,9665106,9641126,9641126,9641112
9646347,9641128,9665106,9641126,9641126,9641129
9646347,9641128,9665106,9641126,9641126,9641125
9646347,9641128,9665106,9641126,9641126,9641126
9646347,9641128,9641112,9641128,9641128,9641128
9646347,9641128,9641112,9641128,9641128,9665106
9646347,9641128,9641112,9641128,9641128,9641112
9646347,9641128,9641112,9641128,9641128,9641129
9646347,9641128,9641112,9641128,9641128,9641125
9646347,9641128,9641112,9641128,9641128,9641126
9646347,9641128,9641112,9641128,9665106,9641128
9646347,9641128,9641112,9641128,9665106,9665106
9646347,9641128,9641112,9641128,9665106,9641112
9646347,9641128,9641112,9641128,9665106,9641129
9646347,9641128,9641112,9641128,9665106,9641125
9646347,9641128,9641112,9641128,9665106,9641126
9646347,9641128,9641112,9641128,9641112,9641128
9646347,9641128,9641112,9641128,9641112,9665106
9646347,9641128,9641112,9641128,9641112,9641112
9646347,9641128,9641112,9641128,9641112,9641129
9646347,9641128,9641112,9641128,9641112,9641125
9646347,9641128,9641112,9641128,9641112,9641126
9646347,9641128,9641112,9641128,9641129,9641128
9646347,9641128,9641112,9641128,9641129,9665106
9646347,9641128,9641112,9641128,9641129,9641112
9646347,9641128,9641112,9641128,9641129,9641129
9646347,9641128,9641112,9641128,9641129,9641125
9646347,9641128,9641112,9641128,9641129,9641126
9646347,9641128,9641112,9641128,9641125,9641128
9646347,9641128,9641112,9641128,9641125,9665106
9646347,9641128,9641112,9641128,9641125,9641112
9646347,9641128,9641112,9641128,9641125,9641129
9646347,9641128,9641112,9641128,9641125,9641125
9646347,9641128,9641112,9641128,9641125,9641126
9646347,9641128,9641112,9641128,9641126,9641128
9646347,9641128,9641112,9641128,9641126,9665106
9646347,9641128,9641112,9641128,9641126,9641112
9646347,9641128,9641112,9641128,9641126,9641129
9646347,9641128,9641112,9641128,9641126,9641125
9646347,9641128,9641112,9641128,9641126,9641126
9646347,9641128,9641112,9665106,9641128,9641128
9646347,9641128,9641112,9665106,9641128,9665106
9646347,9641128,9641112,9665106,9641128,9641112
9646347,9641128,9641112,9665106,9641128,9641129
9646347,9641128,9641112,9665106,9641128,9641125
9646347,9641128,9641112,9665106,9641128,9641126
9646347,9641128,9641112,9665106,9665106,9641128
9646347,9641128,9641112,9665106,9665106,9665106
9646347,9641128,9641112,9665106,9665106,9641112
9646347,9641128,9641112,9665106,9665106,9641129
9646347,9641128,9641112,9665106,9665106,9641125
9646347,9641128,9641112,9665106,9665106,9641126
9646347,9641128,9641112,9665106,9641112,9641128
9646347,9641128,9641112,9665106,9641112,9665106
9646347,9641128,9641112,9665106,9641112,9641112
9646347,9641128,9641112,9665106,9641112,9641129
9646347,9641128,9641112,9665106,9641112,9641125
9646347,9641128,9641112,9665106,9641112,9641126
9646347,9641128,9641112,9665106,9641129,9641128
9646347,9641128,9641112,9665106,9641129,9665106
9646347,9641128,9641112,9665106,9641129,9641112
9646347,9641128,9641112,9665106,9641129,9641129
9646347,9641128,9641112,9665106,9641129,9641125
9646347,9641128,9641112,9665106,9641129,9641126
9646347,9641128,9641112,9665106,9641125,9641128
9646347,9641128,9641112,9665106,9641125,9665106
9646347,9641128,9641112,9665106,9641125,9641112
9646347,9641128,9641112,9665106,9641125,9641129
9646347,9641128,9641112,9665106,9641125,9641125
9646347,9641128,9641112,9665106,9641125,9641126
9646347,9641128,9641112,9665106,9641126,9641128
9646347,9641128,9641112,9665106,9641126,9665106
9646347,9641128,9641112,9665106,9641126,9641112
9646347,9641128,9641112,9665106,9641126,9641129
9646347,9641128,9641112,9665106,9641126,9641125
9646347,9641128,9641112,9665106,9641126,9641126
9646347,9641128,9641112,9641112,9641128,9641128
9646347,9641128,9641112,9641112,9641128,9665106
9646347,9641128,9641112,9641112,9641128,9641112
9646347,9641128,9641112,9641112,9641128,9641129
9646347,9641128,9641112,9641112,9641128,9641125
9646347,9641128,9641112,9641112,9641128,9641126
9646347,9641128,9641112,9641112,9665106,9641128
9646347,9641128,9641112,9641112,9665106,9665106
9646347,9641128,9641112,9641112,9665106,9641112
9646347,9641128,9641112,9641112,9665106,9641129
9646347,9641128,9641112,9641112,9665106,9641125
9646347,9641128,9641112,9641112,9665106,9641126
9646347,9641128,9641112,9641112,9641112,9641128
9646347,9641128,9641112,9641112,9641112,9665106
9646347,9641128,9641112,9641112,9641112,9641112
9646347,9641128,9641112,9641112,9641112,9641129
9646347,9641128,9641112,9641112,9641112,9641125
9646347,9641128,9641112,9641112,9641112,9641126
9646347,9641128,9641112,9641112,9641129,9641128
9646347,9641128,9641112,9641112,9641129,9665106
9646347,9641128,9641112,9641112,9641129,9641112
9646347,9641128,9641112,9641112,9641129,9641129
9646347,9641128,9641112,9641112,9641129,9641125
9646347,9641128,9641112,9641112,9641129,9641126
9646347,9641128,9641112,9641112,9641125,9641128
9646347,9641128,9641112,9641112,9641125,9665106
9646347,9641128,9641112,9641112,9641125,9641112
9646347,9641128,9641112,9641112,9641125,9641129
9646347,9641128,9641112,9641112,9641125,9641125
9646347,9641128,9641112,9641112,9641125,9641126
9646347,9641128,9641112,9641112,9641126,9641128
9646347,9641128,9641112,9641112,9641126,9665106
9646347,9641128,9641112,9641112,9641126,9641112
9646347,9641128,9641112,9641112,9641126,9641129
9646347,9641128,9641112,9641112,9641126,9641125
9646347,9641128,9641112,9641112,9641126,9641126
9646347,9641128,9641112,9641129,9641128,9641128
9646347,9641128,9641112,9641129,9641128,9665106
9646347,9641128,9641112,9641129,9641128,9641112
9646347,9641128,9641112,9641129,9641128,9641129
9646347,9641128,9641112,9641129,9641128,9641125
9646347,9641128,9641112,9641129,9641128,9641126
9646347,9641128,9641112,9641129,9665106,9641128
9646347,9641128,9641112,9641129,9665106,9665106
9646347,9641128,9641112,9641129,9665106,9641112
9646347,9641128,9641112,9641129,9665106,9641129
9646347,9641128,9641112,9641129,9665106,9641125
9646347,9641128,9641112,9641129,9665106,9641126
9646347,9641128,9641112,9641129,9641112,9641128
9646347,9641128,9641112,9641129,9641112,9665106
9646347,9641128,9641112,9641129,9641112,9641112
9646347,9641128,9641112,9641129,9641112,9641129
9646347,9641128,9641112,9641129,9641112,9641125
9646347,9641128,9641112,9641129,9641112,9641126
9646347,9641128,9641112,9641129,9641129,9641128
9646347,9641128,9641112,9641129,9641129,9665106
9646347,9641128,9641112,9641129,9641129,9641112
9646347,9641128,9641112,9641129,9641129,9641129
9646347,9641128,9641112,9641129,9641129,9641125
9646347,9641128,9641112,9641129,9641129,9641126
9646347,9641128,9641112,9641129,9641125,9641128
9646347,9641128,9641112,9641129,9641125,9665106
9646347,9641128,9641112,9641129,9641125,9641112
9646347,9641128,9641112,9641129,9641125,9641129
9646347,9641128,9641112,9641129,9641125,9641125
9646347,9641128,9641112,9641129,9641125,9641126
9646347,9641128,9641112,9641129,9641126,9641128
9646347,9641128,9641112,9641129,9641126,9665106
9646347,9641128,9641112,9641129,9641126,9641112
9646347,9641128,9641112,9641129,9641126,9641129
9646347,9641128,9641112,9641129,9641126,9641125
9646347,9641128,9641112,9641129,9641126,9641126
9646347,9641128,9641112,9641125,9641128,9641128
9646347,9641128,9641112,9641125,9641128,9665106
9646347,9641128,9641112,9641125,9641128,9641112
9646347,9641128,9641112,9641125,9641128,9641129
9646347,9641128,9641112,9641125,9641128,9641125
9646347,9641128,9641112,9641125,9641128,9641126
9646347,9641128,9641112,9641125,9665106,9641128
9646347,9641128,9641112,9641125,9665106,9665106
9646347,9641128,9641112,9641125,9665106,9641112
9646347,9641128,9641112,9641125,9665106,9641129
9646347,9641128,9641112,9641125,9665106,9641125
9646347,9641128,9641112,9641125,9665106,9641126
9646347,9641128,9641112,9641125,9641112,9641128
9646347,9641128,9641112,9641125,9641112,9665106
9646347,9641128,9641112,9641125,9641112,9641112
9646347,9641128,9641112,9641125,9641112,9641129
9646347,9641128,9641112,9641125,9641112,9641125
9646347,9641128,9641112,9641125,9641112,9641126
9646347,9641128,9641112,9641125,9641129,9641128
9646347,9641128,9641112,9641125,9641129,9665106
9646347,9641128,9641112,9641125,9641129,9641112
9646347,9641128,9641112,9641125,9641129,9641129
9646347,9641128,9641112,9641125,9641129,9641125
9646347,9641128,9641112,9641125,9641129,9641126
9646347,9641128,9641112,9641125,9641125,9641128
9646347,9641128,9641112,9641125,9641125,9665106
9646347,9641128,9641112,9641125,9641125,9641112
9646347,9641128,9641112,9641125,9641125,9641129
9646347,9641128,9641112,9641125,9641125,9641125
9646347,9641128,9641112,9641125,9641125,9641126
9646347,9641128,9641112,9641125,9641126,9641128
9646347,9641128,9641112,9641125,9641126,9665106
9646347,9641128,9641112,9641125,9641126,9641112
9646347,9641128,9641112,9641125,9641126,9641129
9646347,9641128,9641112,9641125,9641126,9641125
9646347,9641128,9641112,9641125,9641126,9641126
9646347,9641128,9641112,9641126,9641128,9641128
9646347,9641128,9641112,9641126,9641128,9665106
9646347,9641128,9641112,9641126,9641128,9641112
9646347,9641128,9641112,9641126,9641128,9641129
9646347,9641128,9641112,9641126,9641128,9641125
9646347,9641128,9641112,9641126,9641128,9641126
9646347,9641128,9641112,9641126,9665106,9641128
9646347,9641128,9641112,9641126,9665106,9665106
9646347,9641128,9641112,9641126,9665106,9641112
9646347,9641128,9641112,9641126,9665106,9641129
9646347,9641128,9641112,9641126,9665106,9641125
9646347,9641128,9641112,9641126,9665106,9641126
9646347,9641128,9641112,9641126,9641112,9641128
9646347,9641128,9641112,9641126,9641112,9665106
9646347,9641128,9641112,9641126,9641112,9641112
9646347,9641128,9641112,9641126,9641112,9641129
9646347,9641128,9641112,9641126,9641112,9641125
9646347,9641128,9641112,9641126,9641112,9641126
9646347,9641128,9641112,9641126,9641129,9641128
9646347,9641128,9641112,9641126,9641129,9665106
9646347,9641128,9641112,9641126,9641129,9641112
9646347,9641128,9641112,9641126,9641129,9641129
9646347,9641128,9641112,9641126,9641129,9641125
9646347,9641128,9641112,9641126,9641129,9641126
9646347,9641128,9641112,9641126,9641125,9641128
9646347,9641128,9641112,9641126,9641125,9665106
9646347,9641128,9641112,9641126,9641125,9641112
9646347,9641128,9641112,9641126,9641125,9641129
9646347,9641128,9641112,9641126,9641125,9641125
9646347,9641128,9641112,9641126,9641125,9641126
9646347,9641128,9641112,9641126,9641126,9641128
9646347,9641128,9641112,9641126,9641126,9665106
9646347,9641128,9641112,9641126,9641126,9641112
9646347,9641128,9641112,9641126,9641126,9641129
9646347,9641128,9641112,9641126,9641126,9641125
9646347,9641128,9641112,9641126,9641126,9641126
9646347,9641128,9641129,9641128,9641128,9641128
9646347,9641128,9641129,9641128,9641128,9665106
9646347,9641128,9641129,9641128,9641128,9641112
9646347,9641128,9641129,9641128,9641128,9641129
9646347,9641128,9641129,9641128,9641128,9641125
9646347,9641128,9641129,9641128,9641128,9641126
9646347,9641128,9641129,9641128,9665106,9641128
9646347,9641128,9641129,9641128,9665106,9665106
9646347,9641128,9641129,9641128,9665106,9641112
9646347,9641128,9641129,9641128,9665106,9641129
9646347,9641128,9641129,9641128,9665106,9641125
9646347,9641128,9641129,9641128,9665106,9641126
9646347,9641128,9641129,9641128,9641112,9641128
9646347,9641128,9641129,9641128,9641112,9665106
9646347,9641128,9641129,9641128,9641112,9641112
9646347,9641128,9641129,9641128,9641112,9641129
9646347,9641128,9641129,9641128,9641112,9641125
9646347,9641128,9641129,9641128,9641112,9641126
9646347,9641128,9641129,9641128,9641129,9641128
9646347,9641128,9641129,9641128,9641129,9665106
9646347,9641128,9641129,9641128,9641129,9641112
9646347,9641128,9641129,9641128,9641129,9641129
9646347,9641128,9641129,9641128,9641129,9641125
9646347,9641128,9641129,9641128,9641129,9641126
9646347,9641128,9641129,9641128,9641125,9641128
9646347,9641128,9641129,9641128,9641125,9665106
9646347,9641128,9641129,9641128,9641125,9641112
9646347,9641128,9641129,9641128,9641125,9641129
9646347,9641128,9641129,9641128,9641125,9641125
9646347,9641128,9641129,9641128,9641125,9641126
9646347,9641128,9641129,9641128,9641126,9641128
9646347,9641128,9641129,9641128,9641126,9665106
9646347,9641128,9641129,9641128,9641126,9641112
9646347,9641128,9641129,9641128,9641126,9641129
9646347,9641128,9641129,9641128,9641126,9641125
9646347,9641128,9641129,9641128,9641126,9641126
9646347,9641128,9641129,9665106,9641128,9641128
9646347,9641128,9641129,9665106,9641128,9665106
9646347,9641128,9641129,9665106,9641128,9641112
9646347,9641128,9641129,9665106,9641128,9641129
9646347,9641128,9641129,9665106,9641128,9641125
9646347,9641128,9641129,9665106,9641128,9641126
9646347,9641128,9641129,9665106,9665106,9641128
9646347,9641128,9641129,9665106,9665106,9665106
9646347,9641128,9641129,9665106,9665106,9641112
9646347,9641128,9641129,9665106,9665106,9641129
9646347,9641128,9641129,9665106,9665106,9641125
9646347,9641128,9641129,9665106,9665106,9641126
9646347,9641128,9641129,9665106,9641112,9641128
9646347,9641128,9641129,9665106,9641112,9665106
9646347,9641128,9641129,9665106,9641112,9641112
9646347,9641128,9641129,9665106,9641112,9641129
9646347,9641128,9641129,9665106,9641112,9641125
9646347,9641128,9641129,9665106,9641112,9641126
9646347,9641128,9641129,9665106,9641129,9641128
9646347,9641128,9641129,9665106,9641129,9665106
9646347,9641128,9641129,9665106,9641129,9641112
9646347,9641128,9641129,9665106,9641129,9641129
9646347,9641128,9641129,9665106,9641129,9641125
9646347,9641128,9641129,9665106,9641129,9641126
9646347,9641128,9641129,9665106,9641125,9641128
9646347,9641128,9641129,9665106,9641125,9665106
9646347,9641128,9641129,9665106,9641125,9641112
9646347,9641128,9641129,9665106,9641125,9641129
9646347,9641128,9641129,9665106,9641125,9641125
9646347,9641128,9641129,9665106,9641125,9641126
9646347,9641128,9641129,9665106,9641126,9641128
9646347,9641128,9641129,9665106,9641126,9665106
9646347,9641128,9641129,9665106,9641126,9641112
9646347,9641128,9641129,9665106,9641126,9641129
9646347,9641128,9641129,9665106,9641126,9641125
9646347,9641128,9641129,9665106,9641126,9641126
9646347,9641128,9641129,9641112,9641128,9641128
9646347,9641128,9641129,9641112,9641128,9665106
9646347,9641128,9641129,9641112,9641128,9641112
9646347,9641128,9641129,9641112,9641128,9641129
9646347,9641128,9641129,9641112,9641128,9641125
9646347,9641128,9641129,9641112,9641128,9641126
9646347,9641128,9641129,9641112,9665106,9641128
9646347,9641128,9641129,9641112,9665106,9665106
9646347,9641128,9641129,9641112,9665106,9641112
9646347,9641128,9641129,9641112,9665106,9641129
9646347,9641128,9641129,9641112,9665106,9641125
9646347,9641128,9641129,9641112,9665106,9641126
9646347,9641128,9641129,9641112,9641112,9641128
9646347,9641128,9641129,9641112,9641112,9665106
9646347,9641128,9641129,9641112,9641112,9641112
9646347,9641128,9641129,9641112,9641112,9641129
9646347,9641128,9641129,9641112,9641112,9641125
9646347,9641128,9641129,9641112,9641112,9641126
9646347,9641128,9641129,9641112,9641129,9641128
9646347,9641128,9641129,9641112,9641129,9665106
9646347,9641128,9641129,9641112,9641129,9641112
9646347,9641128,9641129,9641112,9641129,9641129
9646347,9641128,9641129,9641112,9641129,9641125
9646347,9641128,9641129,9641112,9641129,9641126
9646347,9641128,9641129,9641112,9641125,9641128
9646347,9641128,9641129,9641112,9641125,9665106
9646347,9641128,9641129,9641112,9641125,9641112
9646347,9641128,9641129,9641112,9641125,9641129
9646347,9641128,9641129,9641112,9641125,9641125
9646347,9641128,9641129,9641112,9641125,9641126
9646347,9641128,9641129,9641112,9641126,9641128
9646347,9641128,9641129,9641112,9641126,9665106
9646347,9641128,9641129,9641112,9641126,9641112
9646347,9641128,9641129,9641112,9641126,9641129
9646347,9641128,9641129,9641112,9641126,9641125
9646347,9641128,9641129,9641112,9641126,9641126
9646347,9641128,9641129,9641129,9641128,9641128
9646347,9641128,9641129,9641129,9641128,9665106
9646347,9641128,9641129,9641129,9641128,9641112
9646347,9641128,9641129,9641129,9641128,9641129
9646347,9641128,9641129,9641129,9641128,9641125
9646347,9641128,9641129,9641129,9641128,9641126
9646347,9641128,9641129,9641129,9665106,9641128
9646347,9641128,9641129,9641129,9665106,9665106
9646347,9641128,9641129,9641129,9665106,9641112
9646347,9641128,9641129,9641129,9665106,9641129
9646347,9641128,9641129,9641129,9665106,9641125
9646347,9641128,9641129,9641129,9665106,9641126
9646347,9641128,9641129,9641129,9641112,9641128
9646347,9641128,9641129,9641129,9641112,9665106
9646347,9641128,9641129,9641129,9641112,9641112
9646347,9641128,9641129,9641129,9641112,9641129
9646347,9641128,9641129,9641129,9641112,9641125
9646347,9641128,9641129,9641129,9641112,9641126
9646347,9641128,9641129,9641129,9641129,9641128
9646347,9641128,9641129,9641129,9641129,9665106
9646347,9641128,9641129,9641129,9641129,9641112
9646347,9641128,9641129,9641129,9641129,9641129
9646347,9641128,9641129,9641129,9641129,9641125
9646347,9641128,9641129,9641129,9641129,9641126
9646347,9641128,9641129,9641129,9641125,9641128
9646347,9641128,9641129,9641129,9641125,9665106
9646347,9641128,9641129,9641129,9641125,9641112
9646347,9641128,9641129,9641129,9641125,9641129
9646347,9641128,9641129,9641129,9641125,9641125
9646347,9641128,9641129,9641129,9641125,9641126
9646347,9641128,9641129,9641129,9641126,9641128
9646347,9641128,9641129,9641129,9641126,9665106
9646347,9641128,9641129,9641129,9641126,9641112
9646347,9641128,9641129,9641129,9641126,9641129
9646347,9641128,9641129,9641129,9641126,9641125
9646347,9641128,9641129,9641129,9641126,9641126
9646347,9641128,9641129,9641125,9641128,9641128
9646347,9641128,9641129,9641125,9641128,9665106
9646347,9641128,9641129,9641125,9641128,9641112
9646347,9641128,9641129,9641125,9641128,9641129
9646347,9641128,9641129,9641125,9641128,9641125
9646347,9641128,9641129,9641125,9641128,9641126
9646347,9641128,9641129,9641125,9665106,9641128
9646347,9641128,9641129,9641125,9665106,9665106
9646347,9641128,9641129,9641125,9665106,9641112
9646347,9641128,9641129,9641125,9665106,9641129
9646347,9641128,9641129,9641125,9665106,9641125
9646347,9641128,9641129,9641125,9665106,9641126
9646347,9641128,9641129,9641125,9641112,9641128
9646347,9641128,9641129,9641125,9641112,9665106
9646347,9641128,9641129,9641125,9641112,9641112
9646347,9641128,9641129,9641125,9641112,9641129
9646347,9641128,9641129,9641125,9641112,9641125
9646347,9641128,9641129,9641125,9641112,9641126
9646347,9641128,9641129,9641125,9641129,9641128
9646347,9641128,9641129,9641125,9641129,9665106
9646347,9641128,9641129,9641125,9641129,9641112
9646347,9641128,9641129,9641125,9641129,9641129
9646347,9641128,9641129,9641125,9641129,9641125
9646347,9641128,9641129,9641125,9641129,9641126
9646347,9641128,9641129,9641125,9641125,9641128
9646347,9641128,9641129,9641125,9641125,9665106
9646347,9641128,9641129,9641125,9641125,9641112
9646347,9641128,9641129,9641125,9641125,9641129
9646347,9641128,9641129,9641125,9641125,9641125
9646347,9641128,9641129,9641125,9641125,9641126
9646347,9641128,9641129,9641125,9641126,9641128
9646347,9641128,9641129,9641125,9641126,9665106
9646347,9641128,9641129,9641125,9641126,9641112
9646347,9641128,9641129,9641125,9641126,9641129
9646347,9641128,9641129,9641125,9641126,9641125
9646347,9641128,9641129,9641125,9641126,9641126
9646347,9641128,9641129,9641126,9641128,9641128
9646347,9641128,9641129,9641126,9641128,9665106
9646347,9641128,9641129,9641126,9641128,9641112
9646347,9641128,9641129,9641126,9641128,9641129
9646347,9641128,9641129,9641126,9641128,9641125
9646347,9641128,9641129,9641126,9641128,9641126
9646347,9641128,9641129,9641126,9665106,9641128
9646347,9641128,9641129,9641126,9665106,9665106
9646347,9641128,9641129,9641126,9665106,9641112
9646347,9641128,9641129,9641126,9665106,9641129
9646347,9641128,9641129,9641126,9665106,9641125
9646347,9641128,9641129,9641126,9665106,9641126
9646347,9641128,9641129,9641126,9641112,9641128
9646347,9641128,9641129,9641126,9641112,9665106
9646347,9641128,9641129,9641126,9641112,9641112
9646347,9641128,9641129,9641126,9641112,9641129
9646347,9641128,9641129,9641126,9641112,9641125
9646347,9641128,9641129,9641126,9641112,9641126
9646347,9641128,9641129,9641126,9641129,9641128
9646347,9641128,9641129,9641126,9641129,9665106
9646347,9641128,9641129,9641126,9641129,9641112
9646347,9641128,9641129,9641126,9641129,9641129
9646347,9641128,9641129,9641126,9641129,9641125
9646347,9641128,9641129,9641126,9641129,9641126
9646347,9641128,9641129,9641126,9641125,9641128
9646347,9641128,9641129,9641126,9641125,9665106
9646347,9641128,9641129,9641126,9641125,9641112
9646347,9641128,9641129,9641126,9641125,9641129
9646347,9641128,9641129,9641126,9641125,9641125
9646347,9641128,9641129,9641126,9641125,9641126
9646347,9641128,9641129,9641126,9641126,9641128
9646347,9641128,9641129,9641126,9641126,9665106
9646347,9641128,9641129,9641126,9641126,9641112
9646347,9641128,9641129,9641126,9641126,9641129
9646347,9641128,9641129,9641126,9641126,9641125
9646347,9641128,9641129,9641126,9641126,9641126
9646347,9641128,9641125,9641128,9641128,9641128
9646347,9641128,9641125,9641128,9641128,9665106
9646347,9641128,9641125,9641128,9641128,9641112
9646347,9641128,9641125,9641128,9641128,9641129
9646347,9641128,9641125,9641128,9641128,9641125
9646347,9641128,9641125,9641128,9641128,9641126
9646347,9641128,9641125,9641128,9665106,9641128
9646347,9641128,9641125,9641128,9665106,9665106
9646347,9641128,9641125,9641128,9665106,9641112
9646347,9641128,9641125,9641128,9665106,9641129
9646347,9641128,9641125,9641128,9665106,9641125
9646347,9641128,9641125,9641128,9665106,9641126
9646347,9641128,9641125,9641128,9641112,9641128
9646347,9641128,9641125,9641128,9641112,9665106
9646347,9641128,9641125,9641128,9641112,9641112
9646347,9641128,9641125,9641128,9641112,9641129
9646347,9641128,9641125,9641128,9641112,9641125
9646347,9641128,9641125,9641128,9641112,9641126
9646347,9641128,9641125,9641128,9641129,9641128
9646347,9641128,9641125,9641128,9641129,9665106
9646347,9641128,9641125,9641128,9641129,9641112
9646347,9641128,9641125,9641128,9641129,9641129
9646347,9641128,9641125,9641128,9641129,9641125
9646347,9641128,9641125,9641128,9641129,9641126
9646347,9641128,9641125,9641128,9641125,9641128
9646347,9641128,9641125,9641128,9641125,9665106
9646347,9641128,9641125,9641128,9641125,9641112
9646347,9641128,9641125,9641128,9641125,9641129
9646347,9641128,9641125,9641128,9641125,9641125
9646347,9641128,9641125,9641128,9641125,9641126
9646347,9641128,9641125,9641128,9641126,9641128
9646347,9641128,9641125,9641128,9641126,9665106
9646347,9641128,9641125,9641128,9641126,9641112
9646347,9641128,9641125,9641128,9641126,9641129
9646347,9641128,9641125,9641128,9641126,9641125
9646347,9641128,9641125,9641128,9641126,9641126
9646347,9641128,9641125,9665106,9641128,9641128
9646347,9641128,9641125,9665106,9641128,9665106
9646347,9641128,9641125,9665106,9641128,9641112
9646347,9641128,9641125,9665106,9641128,9641129
9646347,9641128,9641125,9665106,9641128,9641125
9646347,9641128,9641125,9665106,9641128,9641126
9646347,9641128,9641125,9665106,9665106,9641128
9646347,9641128,9641125,9665106,9665106,9665106
9646347,9641128,9641125,9665106,9665106,9641112
9646347,9641128,9641125,9665106,9665106,9641129
9646347,9641128,9641125,9665106,9665106,9641125
9646347,9641128,9641125,9665106,9665106,9641126
9646347,9641128,9641125,9665106,9641112,9641128
9646347,9641128,9641125,9665106,9641112,9665106
9646347,9641128,9641125,9665106,9641112,9641112
9646347,9641128,9641125,9665106,9641112,9641129
9646347,9641128,9641125,9665106,9641112,9641125
9646347,9641128,9641125,9665106,9641112,9641126
9646347,9641128,9641125,9665106,9641129,9641128
9646347,9641128,9641125,9665106,9641129,9665106
9646347,9641128,9641125,9665106,9641129,9641112
9646347,9641128,9641125,9665106,9641129,9641129
9646347,9641128,9641125,9665106,9641129,9641125
9646347,9641128,9641125,9665106,9641129,9641126
9646347,9641128,9641125,9665106,9641125,9641128
9646347,9641128,9641125,9665106,9641125,9665106
9646347,9641128,9641125,9665106,9641125,9641112
9646347,9641128,9641125,9665106,9641125,9641129
9646347,9641128,9641125,9665106,9641125,9641125
9646347,9641128,9641125,9665106,9641125,9641126
9646347,9641128,9641125,9665106,9641126,9641128
9646347,9641128,9641125,9665106,9641126,9665106
9646347,9641128,9641125,9665106,9641126,9641112
9646347,9641128,9641125,9665106,9641126,9641129
9646347,9641128,9641125,9665106,9641126,9641125
9646347,9641128,9641125,9665106,9641126,9641126
9646347,9641128,9641125,9641112,9641128,9641128
9646347,9641128,9641125,9641112,9641128,9665106
9646347,9641128,9641125,9641112,9641128,9641112
9646347,9641128,9641125,9641112,9641128,9641129
9646347,9641128,9641125,9641112,9641128,9641125
9646347,9641128,9641125,9641112,9641128,9641126
9646347,9641128,9641125,9641112,9665106,9641128
9646347,9641128,9641125,9641112,9665106,9665106
9646347,9641128,9641125,9641112,9665106,9641112
9646347,9641128,9641125,9641112,9665106,9641129
9646347,9641128,9641125,9641112,9665106,9641125
9646347,9641128,9641125,9641112,9665106,9641126
9646347,9641128,9641125,9641112,9641112,9641128
9646347,9641128,9641125,9641112,9641112,9665106
9646347,9641128,9641125,9641112,9641112,9641112
9646347,9641128,9641125,9641112,9641112,9641129
9646347,9641128,9641125,9641112,9641112,9641125
9646347,9641128,9641125,9641112,9641112,9641126
9646347,9641128,9641125,9641112,9641129,9641128
9646347,9641128,9641125,9641112,9641129,9665106
9646347,9641128,9641125,9641112,9641129,9641112
9646347,9641128,9641125,9641112,9641129,9641129
9646347,9641128,9641125,9641112,9641129,9641125
9646347,9641128,9641125,9641112,9641129,9641126
9646347,9641128,9641125,9641112,9641125,9641128
9646347,9641128,9641125,9641112,9641125,9665106
9646347,9641128,9641125,9641112,9641125,9641112
9646347,9641128,9641125,9641112,9641125,9641129
9646347,9641128,9641125,9641112,9641125,9641125
9646347,9641128,9641125,9641112,9641125,9641126
9646347,9641128,9641125,9641112,9641126,9641128
9646347,9641128,9641125,9641112,9641126,9665106
9646347,9641128,9641125,9641112,9641126,9641112
9646347,9641128,9641125,9641112,9641126,9641129
9646347,9641128,9641125,9641112,9641126,9641125
9646347,9641128,9641125,9641112,9641126,9641126
9646347,9641128,9641125,9641129,9641128,9641128
9646347,9641128,9641125,9641129,9641128,9665106
9646347,9641128,9641125,9641129,9641128,9641112
9646347,9641128,9641125,9641129,9641128,9641129
9646347,9641128,9641125,9641129,9641128,9641125
9646347,9641128,9641125,9641129,9641128,9641126
9646347,9641128,9641125,9641129,9665106,9641128
9646347,9641128,9641125,9641129,9665106,9665106
9646347,9641128,9641125,9641129,9665106,9641112
9646347,9641128,9641125,9641129,9665106,9641129
9646347,9641128,9641125,9641129,9665106,9641125
9646347,9641128,9641125,9641129,9665106,9641126
9646347,9641128,9641125,9641129,9641112,9641128
9646347,9641128,9641125,9641129,9641112,9665106
9646347,9641128,9641125,9641129,9641112,9641112
9646347,9641128,9641125,9641129,9641112,9641129
9646347,9641128,9641125,9641129,9641112,9641125
9646347,9641128,9641125,9641129,9641112,9641126
9646347,9641128,9641125,9641129,9641129,9641128
9646347,9641128,9641125,9641129,9641129,9665106
9646347,9641128,9641125,9641129,9641129,9641112
9646347,9641128,9641125,9641129,9641129,9641129
9646347,9641128,9641125,9641129,9641129,9641125
9646347,9641128,9641125,9641129,9641129,9641126
9646347,9641128,9641125,9641129,9641125,9641128
9646347,9641128,9641125,9641129,9641125,9665106
9646347,9641128,9641125,9641129,9641125,9641112
9646347,9641128,9641125,9641129,9641125,9641129
9646347,9641128,9641125,9641129,9641125,9641125
9646347,9641128,9641125,9641129,9641125,9641126
9646347,9641128,9641125,9641129,9641126,9641128
9646347,9641128,9641125,9641129,9641126,9665106
9646347,9641128,9641125,9641129,9641126,9641112
9646347,9641128,9641125,9641129,9641126,9641129
9646347,9641128,9641125,9641129,9641126,9641125
9646347,9641128,9641125,9641129,9641126,9641126
9646347,9641128,9641125,9641125,9641128,9641128
9646347,9641128,9641125,9641125,9641128,9665106
9646347,9641128,9641125,9641125,9641128,9641112
9646347,9641128,9641125,9641125,9641128,9641129
9646347,9641128,9641125,9641125,9641128,9641125
9646347,9641128,9641125,9641125,9641128,9641126
9646347,9641128,9641125,9641125,9665106,9641128
9646347,9641128,9641125,9641125,9665106,9665106
9646347,9641128,9641125,9641125,9665106,9641112
9646347,9641128,9641125,9641125,9665106,9641129
9646347,9641128,9641125,9641125,9665106,9641125
9646347,9641128,9641125,9641125,9665106,9641126
9646347,9641128,9641125,9641125,9641112,9641128
9646347,9641128,9641125,9641125,9641112,9665106
9646347,9641128,9641125,9641125,9641112,9641112
9646347,9641128,9641125,9641125,9641112,9641129
9646347,9641128,9641125,9641125,9641112,9641125
9646347,9641128,9641125,9641125,9641112,9641126
9646347,9641128,9641125,9641125,9641129,9641128
9646347,9641128,9641125,9641125,9641129,9665106
9646347,9641128,9641125,9641125,9641129,9641112
9646347,9641128,9641125,9641125,9641129,9641129
9646347,9641128,9641125,9641125,9641129,9641125
9646347,9641128,9641125,9641125,9641129,9641126
9646347,9641128,9641125,9641125,9641125,9641128
9646347,9641128,9641125,9641125,9641125,9665106
9646347,9641128,9641125,9641125,9641125,9641112
9646347,9641128,9641125,9641125,9641125,9641129
9646347,9641128,9641125,9641125,9641125,9641125
9646347,9641128,9641125,9641125,9641125,9641126
9646347,9641128,9641125,9641125,9641126,9641128
9646347,9641128,9641125,9641125,9641126,9665106
9646347,9641128,9641125,9641125,9641126,9641112
9646347,9641128,9641125,9641125,9641126,9641129
9646347,9641128,9641125,9641125,9641126,9641125
9646347,9641128,9641125,9641125,9641126,9641126
9646347,9641128,9641125,9641126,9641128,9641128
9646347,9641128,9641125,9641126,9641128,9665106
9646347,9641128,9641125,9641126,9641128,9641112
9646347,9641128,9641125,9641126,9641128,9641129
9646347,9641128,9641125,9641126,9641128,9641125
9646347,9641128,9641125,9641126,9641128,9641126
9646347,9641128,9641125,9641126,9665106,9641128
9646347,9641128,9641125,9641126,9665106,9665106
9646347,9641128,9641125,9641126,9665106,9641112
9646347,9641128,9641125,9641126,9665106,9641129
9646347,9641128,9641125,9641126,9665106,9641125
9646347,9641128,9641125,9641126,9665106,9641126
9646347,9641128,9641125,9641126,9641112,9641128
9646347,9641128,9641125,9641126,9641112,9665106
9646347,9641128,9641125,9641126,9641112,9641112
9646347,9641128,9641125,9641126,9641112,9641129
9646347,9641128,9641125,9641126,9641112,9641125
9646347,9641128,9641125,9641126,9641112,9641126
9646347,9641128,9641125,9641126,9641129,9641128
9646347,9641128,9641125,9641126,9641129,9665106
9646347,9641128,9641125,9641126,9641129,9641112
9646347,9641128,9641125,9641126,9641129,9641129
9646347,9641128,9641125,9641126,9641129,9641125
9646347,9641128,9641125,9641126,9641129,9641126
9646347,9641128,9641125,9641126,9641125,9641128
9646347,9641128,9641125,9641126,9641125,9665106
9646347,9641128,9641125,9641126,9641125,9641112
9646347,9641128,9641125,9641126,9641125,9641129
9646347,9641128,9641125,9641126,9641125,9641125
9646347,9641128,9641125,9641126,9641125,9641126
9646347,9641128,9641125,9641126,9641126,9641128
9646347,9641128,9641125,9641126,9641126,9665106
9646347,9641128,9641125,9641126,9641126,9641112
9646347,9641128,9641125,9641126,9641126,9641129
9646347,9641128,9641125,9641126,9641126,9641125
9646347,9641128,9641125,9641126,9641126,9641126
9646347,9641128,9641126,9641128,9641128,9641128
9646347,9641128,9641126,9641128,9641128,9665106
9646347,9641128,9641126,9641128,9641128,9641112
9646347,9641128,9641126,9641128,9641128,9641129
9646347,9641128,9641126,9641128,9641128,9641125
9646347,9641128,9641126,9641128,9641128,9641126
9646347,9641128,9641126,9641128,9665106,9641128
9646347,9641128,9641126,9641128,9665106,9665106
9646347,9641128,9641126,9641128,9665106,9641112
9646347,9641128,9641126,9641128,9665106,9641129
9646347,9641128,9641126,9641128,9665106,9641125
9646347,9641128,9641126,9641128,9665106,9641126
9646347,9641128,9641126,9641128,9641112,9641128
9646347,9641128,9641126,9641128,9641112,9665106
9646347,9641128,9641126,9641128,9641112,9641112
9646347,9641128,9641126,9641128,9641112,9641129
9646347,9641128,9641126,9641128,9641112,9641125
9646347,9641128,9641126,9641128,9641112,9641126
9646347,9641128,9641126,9641128,9641129,9641128
9646347,9641128,9641126,9641128,9641129,9665106
9646347,9641128,9641126,9641128,9641129,9641112
9646347,9641128,9641126,9641128,9641129,9641129
9646347,9641128,9641126,9641128,9641129,9641125
9646347,9641128,9641126,9641128,9641129,9641126
9646347,9641128,9641126,9641128,9641125,9641128
9646347,9641128,9641126,9641128,9641125,9665106
9646347,9641128,9641126,9641128,9641125,9641112
9646347,9641128,9641126,9641128,9641125,9641129
9646347,9641128,9641126,9641128,9641125,9641125
9646347,9641128,9641126,9641128,9641125,9641126
9646347,9641128,9641126,9641128,9641126,9641128
9646347,9641128,9641126,9641128,9641126,9665106
9646347,9641128,9641126,9641128,9641126,9641112
9646347,9641128,9641126,9641128,9641126,9641129
9646347,9641128,9641126,9641128,9641126,9641125
9646347,9641128,9641126,9641128,9641126,9641126
9646347,9641128,9641126,9665106,9641128,9641128
9646347,9641128,9641126,9665106,9641128,9665106
9646347,9641128,9641126,9665106,9641128,9641112
9646347,9641128,9641126,9665106,9641128,9641129
9646347,9641128,9641126,9665106,9641128,9641125
9646347,9641128,9641126,9665106,9641128,9641126
9646347,9641128,9641126,9665106,9665106,9641128
9646347,9641128,9641126,9665106,9665106,9665106
9646347,9641128,9641126,9665106,9665106,9641112
9646347,9641128,9641126,9665106,9665106,9641129
9646347,9641128,9641126,9665106,9665106,9641125
9646347,9641128,9641126,9665106,9665106,9641126
9646347,9641128,9641126,9665106,9641112,9641128
9646347,9641128,9641126,9665106,9641112,9665106
9646347,9641128,9641126,9665106,9641112,9641112
9646347,9641128,9641126,9665106,9641112,9641129
9646347,9641128,9641126,9665106,9641112,9641125
9646347,9641128,9641126,9665106,9641112,9641126
9646347,9641128,9641126,9665106,9641129,9641128
9646347,9641128,9641126,9665106,9641129,9665106
9646347,9641128,9641126,9665106,9641129,9641112
9646347,9641128,9641126,9665106,9641129,9641129
9646347,9641128,9641126,9665106,9641129,9641125
9646347,9641128,9641126,9665106,9641129,9641126
9646347,9641128,9641126,9665106,9641125,9641128
9646347,9641128,9641126,9665106,9641125,9665106
9646347,9641128,9641126,9665106,9641125,9641112
9646347,9641128,9641126,9665106,9641125,9641129
9646347,9641128,9641126,9665106,9641125,9641125
9646347,9641128,9641126,9665106,9641125,9641126
9646347,9641128,9641126,9665106,9641126,9641128
9646347,9641128,9641126,9665106,9641126,9665106
9646347,9641128,9641126,9665106,9641126,9641112
9646347,9641128,9641126,9665106,9641126,9641129
9646347,9641128,9641126,9665106,9641126,9641125
9646347,9641128,9641126,9665106,9641126,9641126
9646347,9641128,9641126,9641112,9641128,9641128
9646347,9641128,9641126,9641112,9641128,9665106
9646347,9641128,9641126,9641112,9641128,9641112
9646347,9641128,9641126,9641112,9641128,9641129
9646347,9641128,9641126,9641112,9641128,9641125
9646347,9641128,9641126,9641112,9641128,9641126
9646347,9641128,9641126,9641112,9665106,9641128
9646347,9641128,9641126,9641112,9665106,9665106
9646347,9641128,9641126,9641112,9665106,9641112
9646347,9641128,9641126,9641112,9665106,9641129
9646347,9641128,9641126,9641112,9665106,9641125
9646347,9641128,9641126,9641112,9665106,9641126
9646347,9641128,9641126,9641112,9641112,9641128
9646347,9641128,9641126,9641112,9641112,9665106
9646347,9641128,9641126,9641112,9641112,9641112
9646347,9641128,9641126,9641112,9641112,9641129
9646347,9641128,9641126,9641112,9641112,9641125
9646347,9641128,9641126,9641112,9641112,9641126
9646347,9641128,9641126,9641112,9641129,9641128
9646347,9641128,9641126,9641112,9641129,9665106
9646347,9641128,9641126,9641112,9641129,9641112
9646347,9641128,9641126,9641112,9641129,9641129
9646347,9641128,9641126,9641112,9641129,9641125
9646347,9641128,9641126,9641112,9641129,9641126
9646347,9641128,9641126,9641112,9641125,9641128
9646347,9641128,9641126,9641112,9641125,9665106
9646347,9641128,9641126,9641112,9641125,9641112
9646347,9641128,9641126,9641112,9641125,9641129
9646347,9641128,9641126,9641112,9641125,9641125
9646347,9641128,9641126,9641112,9641125,9641126
9646347,9641128,9641126,9641112,9641126,9641128
9646347,9641128,9641126,9641112,9641126,9665106
9646347,9641128,9641126,9641112,9641126,9641112
9646347,9641128,9641126,9641112,9641126,9641129
9646347,9641128,9641126,9641112,9641126,9641125
9646347,9641128,9641126,9641112,9641126,9641126
9646347,9641128,9641126,9641129,9641128,9641128
9646347,9641128,9641126,9641129,9641128,9665106
9646347,9641128,9641126,9641129,9641128,9641112
9646347,9641128,9641126,9641129,9641128,9641129
9646347,9641128,9641126,9641129,9641128,9641125
9646347,9641128,9641126,9641129,9641128,9641126
9646347,9641128,9641126,9641129,9665106,9641128
9646347,9641128,9641126,9641129,9665106,9665106
9646347,9641128,9641126,9641129,9665106,9641112
9646347,9641128,9641126,9641129,9665106,9641129
9646347,9641128,9641126,9641129,9665106,9641125
9646347,9641128,9641126,9641129,9665106,9641126
9646347,9641128,9641126,9641129,9641112,9641128
9646347,9641128,9641126,9641129,9641112,9665106
9646347,9641128,9641126,9641129,9641112,9641112
9646347,9641128,9641126,9641129,9641112,9641129
9646347,9641128,9641126,9641129,9641112,9641125
9646347,9641128,9641126,9641129,9641112,9641126
9646347,9641128,9641126,9641129,9641129,9641128
9646347,9641128,9641126,9641129,9641129,9665106
9646347,9641128,9641126,9641129,9641129,9641112
9646347,9641128,9641126,9641129,9641129,9641129
9646347,9641128,9641126,9641129,9641129,9641125
9646347,9641128,9641126,9641129,9641129,9641126
9646347,9641128,9641126,9641129,9641125,9641128
9646347,9641128,9641126,9641129,9641125,9665106
9646347,9641128,9641126,9641129,9641125,9641112
9646347,9641128,9641126,9641129,9641125,9641129
9646347,9641128,9641126,9641129,9641125,9641125
9646347,9641128,9641126,9641129,9641125,9641126
9646347,9641128,9641126,9641129,9641126,9641128
9646347,9641128,9641126,9641129,9641126,9665106
9646347,9641128,9641126,9641129,9641126,9641112
9646347,9641128,9641126,9641129,9641126,9641129
9646347,9641128,9641126,9641129,9641126,9641125
9646347,9641128,9641126,9641129,9641126,9641126
9646347,9641128,9641126,9641125,9641128,9641128
9646347,9641128,9641126,9641125,9641128,9665106
9646347,9641128,9641126,9641125,9641128,9641112
9646347,9641128,9641126,9641125,9641128,9641129
9646347,9641128,9641126,9641125,9641128,9641125
9646347,9641128,9641126,9641125,9641128,9641126
9646347,9641128,9641126,9641125,9665106,9641128
9646347,9641128,9641126,9641125,9665106,9665106
9646347,9641128,9641126,9641125,9665106,9641112
9646347,9641128,9641126,9641125,9665106,9641129
9646347,9641128,9641126,9641125,9665106,9641125
9646347,9641128,9641126,9641125,9665106,9641126
9646347,9641128,9641126,9641125,9641112,9641128
9646347,9641128,9641126,9641125,9641112,9665106
9646347,9641128,9641126,9641125,9641112,9641112
9646347,9641128,9641126,9641125,9641112,9641129
9646347,9641128,9641126,9641125,9641112,9641125
9646347,9641128,9641126,9641125,9641112,9641126
9646347,9641128,9641126,9641125,9641129,9641128
9646347,9641128,9641126,9641125,9641129,9665106
9646347,9641128,9641126,9641125,9641129,9641112
9646347,9641128,9641126,9641125,9641129,9641129
9646347,9641128,9641126,9641125,9641129,9641125
9646347,9641128,9641126,9641125,9641129,9641126
9646347,9641128,9641126,9641125,9641125,9641128
9646347,9641128,9641126,9641125,9641125,9665106
9646347,9641128,9641126,9641125,9641125,9641112
9646347,9641128,9641126,9641125,9641125,9641129
9646347,9641128,9641126,9641125,9641125,9641125
9646347,9641128,9641126,9641125,9641125,9641126
9646347,9641128,9641126,9641125,9641126,9641128
9646347,9641128,9641126,9641125,9641126,9665106
9646347,9641128,9641126,9641125,9641126,9641112
9646347,9641128,9641126,9641125,9641126,9641129
9646347,9641128,9641126,9641125,9641126,9641125
9646347,9641128,9641126,9641125,9641126,9641126
9646347,9641128,9641126,9641126,9641128,9641128
9646347,9641128,9641126,9641126,9641128,9665106
9646347,9641128,9641126,9641126,9641128,9641112
9646347,9641128,9641126,9641126,9641128,9641129
9646347,9641128,9641126,9641126,9641128,9641125
9646347,9641128,9641126,9641126,9641128,9641126
9646347,9641128,9641126,9641126,9665106,9641128
9646347,9641128,9641126,9641126,9665106,9665106
9646347,9641128,9641126,9641126,9665106,9641112
9646347,9641128,9641126,9641126,9665106,9641129
9646347,9641128,9641126,9641126,9665106,9641125
9646347,9641128,9641126,9641126,9665106,9641126
9646347,9641128,9641126,9641126,9641112,9641128
9646347,9641128,9641126,9641126,9641112,9665106
9646347,9641128,9641126,9641126,9641112,9641112
9646347,9641128,9641126,9641126,9641112,9641129
9646347,9641128,9641126,9641126,9641112,9641125
9646347,9641128,9641126,9641126,9641112,9641126
9646347,9641128,9641126,9641126,9641129,9641128
9646347,9641128,9641126,9641126,9641129,9665106
9646347,9641128,9641126,9641126,9641129,9641112
9646347,9641128,9641126,9641126,9641129,9641129
9646347,9641128,9641126,9641126,9641129,9641125
9646347,9641128,9641126,9641126,9641129,9641126
9646347,9641128,9641126,9641126,9641125,9641128
9646347,9641128,9641126,9641126,9641125,9665106
9646347,9641128,9641126,9641126,9641125,9641112
9646347,9641128,9641126,9641126,9641125,9641129
9646347,9641128,9641126,9641126,9641125,9641125
9646347,9641128,9641126,9641126,9641125,9641126
9646347,9641128,9641126,9641126,9641126,9641128
9646347,9641128,9641126,9641126,9641126,9665106
9646347,9641128,9641126,9641126,9641126,9641112
9646347,9641128,9641126,9641126,9641126,9641129
9646347,9641128,9641126,9641126,9641126,9641125
9646347,9641128,9641126,9641126,9641126,9641126
9646347,9665106,9641128,9641128,9641128,9641128
9646347,9665106,9641128,9641128,9641128,9665106
9646347,9665106,9641128,9641128,9641128,9641112
9646347,9665106,9641128,9641128,9641128,9641129
9646347,9665106,9641128,9641128,9641128,9641125
9646347,9665106,9641128,9641128,9641128,9641126
9646347,9665106,9641128,9641128,9665106,9641128
9646347,9665106,9641128,9641128,9665106,9665106
9646347,9665106,9641128,9641128,9665106,9641112
9646347,9665106,9641128,9641128,9665106,9641129
9646347,9665106,9641128,9641128,9665106,9641125
9646347,9665106,9641128,9641128,9665106,9641126
9646347,9665106,9641128,9641128,9641112,9641128
9646347,9665106,9641128,9641128,9641112,9665106
9646347,9665106,9641128,9641128,9641112,9641112
9646347,9665106,9641128,9641128,9641112,9641129
9646347,9665106,9641128,9641128,9641112,9641125
9646347,9665106,9641128,9641128,9641112,9641126
9646347,9665106,9641128,9641128,9641129,9641128
9646347,9665106,9641128,9641128,9641129,9665106
9646347,9665106,9641128,9641128,9641129,9641112
9646347,9665106,9641128,9641128,9641129,9641129
9646347,9665106,9641128,9641128,9641129,9641125
9646347,9665106,9641128,9641128,9641129,9641126
9646347,9665106,9641128,9641128,9641125,9641128
9646347,9665106,9641128,9641128,9641125,9665106
9646347,9665106,9641128,9641128,9641125,9641112
9646347,9665106,9641128,9641128,9641125,9641129
9646347,9665106,9641128,9641128,9641125,9641125
9646347,9665106,9641128,9641128,9641125,9641126
9646347,9665106,9641128,9641128,9641126,9641128
9646347,9665106,9641128,9641128,9641126,9665106
9646347,9665106,9641128,9641128,9641126,9641112
9646347,9665106,9641128,9641128,9641126,9641129
9646347,9665106,9641128,9641128,9641126,9641125
9646347,9665106,9641128,9641128,9641126,9641126
9646347,9665106,9641128,9665106,9641128,9641128
9646347,9665106,9641128,9665106,9641128,9665106
9646347,9665106,9641128,9665106,9641128,9641112
9646347,9665106,9641128,9665106,9641128,9641129
9646347,9665106,9641128,9665106,9641128,9641125
9646347,9665106,9641128,9665106,9641128,9641126
9646347,9665106,9641128,9665106,9665106,9641128
9646347,9665106,9641128,9665106,9665106,9665106
9646347,9665106,9641128,9665106,9665106,9641112
9646347,9665106,9641128,9665106,9665106,9641129
9646347,9665106,9641128,9665106,9665106,9641125
9646347,9665106,9641128,9665106,9665106,9641126
9646347,9665106,9641128,9665106,9641112,9641128
9646347,9665106,9641128,9665106,9641112,9665106
9646347,9665106,9641128,9665106,9641112,9641112
9646347,9665106,9641128,9665106,9641112,9641129
9646347,9665106,9641128,9665106,9641112,9641125
9646347,9665106,9641128,9665106,9641112,9641126
9646347,9665106,9641128,9665106,9641129,9641128
9646347,9665106,9641128,9665106,9641129,9665106
9646347,9665106,9641128,9665106,9641129,9641112
9646347,9665106,9641128,9665106,9641129,9641129
9646347,9665106,9641128,9665106,9641129,9641125
9646347,9665106,9641128,9665106,9641129,9641126
9646347,9665106,9641128,9665106,9641125,9641128
9646347,9665106,9641128,9665106,9641125,9665106
9646347,9665106,9641128,9665106,9641125,9641112
9646347,9665106,9641128,9665106,9641125,9641129
9646347,9665106,9641128,9665106,9641125,9641125
9646347,9665106,9641128,9665106,9641125,9641126
9646347,9665106,9641128,9665106,9641126,9641128
9646347,9665106,9641128,9665106,9641126,9665106
9646347,9665106,9641128,9665106,9641126,9641112
9646347,9665106,9641128,9665106,9641126,9641129
9646347,9665106,9641128,9665106,9641126,9641125
9646347,9665106,9641128,9665106,9641126,9641126
9646347,9665106,9641128,9641112,9641128,9641128
9646347,9665106,9641128,9641112,9641128,9665106
9646347,9665106,9641128,9641112,9641128,9641112
9646347,9665106,9641128,9641112,9641128,9641129
9646347,9665106,9641128,9641112,9641128,9641125
9646347,9665106,9641128,9641112,9641128,9641126
9646347,9665106,9641128,9641112,9665106,9641128
9646347,9665106,9641128,9641112,9665106,9665106
9646347,9665106,9641128,9641112,9665106,9641112
9646347,9665106,9641128,9641112,9665106,9641129
9646347,9665106,9641128,9641112,9665106,9641125
9646347,9665106,9641128,9641112,9665106,9641126
9646347,9665106,9641128,9641112,9641112,9641128
9646347,9665106,9641128,9641112,9641112,9665106
9646347,9665106,9641128,9641112,9641112,9641112
9646347,9665106,9641128,9641112,9641112,9641129
9646347,9665106,9641128,9641112,9641112,9641125
9646347,9665106,9641128,9641112,9641112,9641126
9646347,9665106,9641128,9641112,9641129,9641128
9646347,9665106,9641128,9641112,9641129,9665106
9646347,9665106,9641128,9641112,9641129,9641112
9646347,9665106,9641128,9641112,9641129,9641129
9646347,9665106,9641128,9641112,9641129,9641125
9646347,9665106,9641128,9641112,9641129,9641126
9646347,9665106,9641128,9641112,9641125,9641128
9646347,9665106,9641128,9641112,9641125,9665106
9646347,9665106,9641128,9641112,9641125,9641112
9646347,9665106,9641128,9641112,9641125,9641129
9646347,9665106,9641128,9641112,9641125,9641125
9646347,9665106,9641128,9641112,9641125,9641126
9646347,9665106,9641128,9641112,9641126,9641128
9646347,9665106,9641128,9641112,9641126,9665106
9646347,9665106,9641128,9641112,9641126,9641112
9646347,9665106,9641128,9641112,9641126,9641129
9646347,9665106,9641128,9641112,9641126,9641125
9646347,9665106,9641128,9641112,9641126,9641126
9646347,9665106,9641128,9641129,9641128,9641128
9646347,9665106,9641128,9641129,9641128,9665106
9646347,9665106,9641128,9641129,9641128,9641112
9646347,9665106,9641128,9641129,9641128,9641129
9646347,9665106,9641128,9641129,9641128,9641125
9646347,9665106,9641128,9641129,9641128,9641126
9646347,9665106,9641128,9641129,9665106,9641128
9646347,9665106,9641128,9641129,9665106,9665106
9646347,9665106,9641128,9641129,9665106,9641112
9646347,9665106,9641128,9641129,9665106,9641129
9646347,9665106,9641128,9641129,9665106,9641125
9646347,9665106,9641128,9641129,9665106,9641126
9646347,9665106,9641128,9641129,9641112,9641128
9646347,9665106,9641128,9641129,9641112,9665106
9646347,9665106,9641128,9641129,9641112,9641112
9646347,9665106,9641128,9641129,9641112,9641129
9646347,9665106,9641128,9641129,9641112,9641125
9646347,9665106,9641128,9641129,9641112,9641126
9646347,9665106,9641128,9641129,9641129,9641128
9646347,9665106,9641128,9641129,9641129,9665106
9646347,9665106,9641128,9641129,9641129,9641112
9646347,9665106,9641128,9641129,9641129,9641129
9646347,9665106,9641128,9641129,9641129,9641125
9646347,9665106,9641128,9641129,9641129,9641126
9646347,9665106,9641128,9641129,9641125,9641128
9646347,9665106,9641128,9641129,9641125,9665106
9646347,9665106,9641128,9641129,9641125,9641112
9646347,9665106,9641128,9641129,9641125,9641129
9646347,9665106,9641128,9641129,9641125,9641125
9646347,9665106,9641128,9641129,9641125,9641126
9646347,9665106,9641128,9641129,9641126,9641128
9646347,9665106,9641128,9641129,9641126,9665106
9646347,9665106,9641128,9641129,9641126,9641112
9646347,9665106,9641128,9641129,9641126,9641129
9646347,9665106,9641128,9641129,9641126,9641125
9646347,9665106,9641128,9641129,9641126,9641126
9646347,9665106,9641128,9641125,9641128,9641128
9646347,9665106,9641128,9641125,9641128,9665106
9646347,9665106,9641128,9641125,9641128,9641112
9646347,9665106,9641128,9641125,9641128,9641129
9646347,9665106,9641128,9641125,9641128,9641125
9646347,9665106,9641128,9641125,9641128,9641126
9646347,9665106,9641128,9641125,9665106,9641128
9646347,9665106,9641128,9641125,9665106,9665106
9646347,9665106,9641128,9641125,9665106,9641112
9646347,9665106,9641128,9641125,9665106,9641129
9646347,9665106,9641128,9641125,9665106,9641125
9646347,9665106,9641128,9641125,9665106,9641126
9646347,9665106,9641128,9641125,9641112,9641128
9646347,9665106,9641128,9641125,9641112,9665106
9646347,9665106,9641128,9641125,9641112,9641112
9646347,9665106,9641128,9641125,9641112,9641129
9646347,9665106,9641128,9641125,9641112,9641125
9646347,9665106,9641128,9641125,9641112,9641126
9646347,9665106,9641128,9641125,9641129,9641128
9646347,9665106,9641128,9641125,9641129,9665106
9646347,9665106,9641128,9641125,9641129,9641112
9646347,9665106,9641128,9641125,9641129,9641129
9646347,9665106,9641128,9641125,9641129,9641125
9646347,9665106,9641128,9641125,9641129,9641126
9646347,9665106,9641128,9641125,9641125,9641128
9646347,9665106,9641128,9641125,9641125,9665106
9646347,9665106,9641128,9641125,9641125,9641112
9646347,9665106,9641128,9641125,9641125,9641129
9646347,9665106,9641128,9641125,9641125,9641125
9646347,9665106,9641128,9641125,9641125,9641126
9646347,9665106,9641128,9641125,9641126,9641128
9646347,9665106,9641128,9641125,9641126,9665106
9646347,9665106,9641128,9641125,9641126,9641112
9646347,9665106,9641128,9641125,9641126,9641129
9646347,9665106,9641128,9641125,9641126,9641125
9646347,9665106,9641128,9641125,9641126,9641126
9646347,9665106,9641128,9641126,9641128,9641128
9646347,9665106,9641128,9641126,9641128,9665106
9646347,9665106,9641128,9641126,9641128,9641112
9646347,9665106,9641128,9641126,9641128,9641129
9646347,9665106,9641128,9641126,9641128,9641125
9646347,9665106,9641128,9641126,9641128,9641126
9646347,9665106,9641128,9641126,9665106,9641128
9646347,9665106,9641128,9641126,9665106,9665106
9646347,9665106,9641128,9641126,9665106,9641112
9646347,9665106,9641128,9641126,9665106,9641129
9646347,9665106,9641128,9641126,9665106,9641125
9646347,9665106,9641128,9641126,9665106,9641126
9646347,9665106,9641128,9641126,9641112,9641128
9646347,9665106,9641128,9641126,9641112,9665106
9646347,9665106,9641128,9641126,9641112,9641112
9646347,9665106,9641128,9641126,9641112,9641129
9646347,9665106,9641128,9641126,9641112,9641125
9646347,9665106,9641128,9641126,9641112,9641126
9646347,9665106,9641128,9641126,9641129,9641128
9646347,9665106,9641128,9641126,9641129,9665106
9646347,9665106,9641128,9641126,9641129,9641112
9646347,9665106,9641128,9641126,9641129,9641129
9646347,9665106,9641128,9641126,9641129,9641125
9646347,9665106,9641128,9641126,9641129,9641126
9646347,9665106,9641128,9641126,9641125,9641128
9646347,9665106,9641128,9641126,9641125,9665106
9646347,9665106,9641128,9641126,9641125,9641112
9646347,9665106,9641128,9641126,9641125,9641129
9646347,9665106,9641128,9641126,9641125,9641125
9646347,9665106,9641128,9641126,9641125,9641126
9646347,9665106,9641128,9641126,9641126,9641128
9646347,9665106,9641128,9641126,9641126,9665106
9646347,9665106,9641128,9641126,9641126,9641112
9646347,9665106,9641128,9641126,9641126,9641129
9646347,9665106,9641128,9641126,9641126,9641125
9646347,9665106,9641128,9641126,9641126,9641126
9646347,9665106,9665106,9641128,9641128,9641128
9646347,9665106,9665106,9641128,9641128,9665106
9646347,9665106,9665106,9641128,9641128,9641112
9646347,9665106,9665106,9641128,9641128,9641129
9646347,9665106,9665106,9641128,9641128,9641125
9646347,9665106,9665106,9641128,9641128,9641126
9646347,9665106,9665106,9641128,9665106,9641128
9646347,9665106,9665106,9641128,9665106,9665106
9646347,9665106,9665106,9641128,9665106,9641112
9646347,9665106,9665106,9641128,9665106,9641129
9646347,9665106,9665106,9641128,9665106,9641125
9646347,9665106,9665106,9641128,9665106,9641126
9646347,9665106,9665106,9641128,9641112,9641128
9646347,9665106,9665106,9641128,9641112,9665106
9646347,9665106,9665106,9641128,9641112,9641112
9646347,9665106,9665106,9641128,9641112,9641129
9646347,9665106,9665106,9641128,9641112,9641125
9646347,9665106,9665106,9641128,9641112,9641126
9646347,9665106,9665106,9641128,9641129,9641128
9646347,9665106,9665106,9641128,9641129,9665106
9646347,9665106,9665106,9641128,9641129,9641112
9646347,9665106,9665106,9641128,9641129,9641129
9646347,9665106,9665106,9641128,9641129,9641125
9646347,9665106,9665106,9641128,9641129,9641126
9646347,9665106,9665106,9641128,9641125,9641128
9646347,9665106,9665106,9641128,9641125,9665106
9646347,9665106,9665106,9641128,9641125,9641112
9646347,9665106,9665106,9641128,9641125,9641129
9646347,9665106,9665106,9641128,9641125,9641125
9646347,9665106,9665106,9641128,9641125,9641126
9646347,9665106,9665106,9641128,9641126,9641128
9646347,9665106,9665106,9641128,9641126,9665106
9646347,9665106,9665106,9641128,9641126,9641112
9646347,9665106,9665106,9641128,9641126,9641129
9646347,9665106,9665106,9641128,9641126,9641125
9646347,9665106,9665106,9641128,9641126,9641126
9646347,9665106,9665106,9665106,9641128,9641128
9646347,9665106,9665106,9665106,9641128,9665106
9646347,9665106,9665106,9665106,9641128,9641112
9646347,9665106,9665106,9665106,9641128,9641129
9646347,9665106,9665106,9665106,9641128,9641125
9646347,9665106,9665106,9665106,9641128,9641126
9646347,9665106,9665106,9665106,9665106,9641128
9646347,9665106,9665106,9665106,9665106,9665106
9646347,9665106,9665106,9665106,9665106,9641112
9646347,9665106,9665106,9665106,9665106,9641129
9646347,9665106,9665106,9665106,9665106,9641125
9646347,9665106,9665106,9665106,9665106,9641126
9646347,9665106,9665106,9665106,9641112,9641128
9646347,9665106,9665106,9665106,9641112,9665106
9646347,9665106,9665106,9665106,9641112,9641112
9646347,9665106,9665106,9665106,9641112,9641129
9646347,9665106,9665106,9665106,9641112,9641125
9646347,9665106,9665106,9665106,9641112,9641126
9646347,9665106,9665106,9665106,9641129,9641128
9646347,9665106,9665106,9665106,9641129,9665106
9646347,9665106,9665106,9665106,9641129,9641112
9646347,9665106,9665106,9665106,9641129,9641129
9646347,9665106,9665106,9665106,9641129,9641125
9646347,9665106,9665106,9665106,9641129,9641126
9646347,9665106,9665106,9665106,9641125,9641128
9646347,9665106,9665106,9665106,9641125,9665106
9646347,9665106,9665106,9665106,9641125,9641112
9646347,9665106,9665106,9665106,9641125,9641129
9646347,9665106,9665106,9665106,9641125,9641125
9646347,9665106,9665106,9665106,9641125,9641126
9646347,9665106,9665106,9665106,9641126,9641128
9646347,9665106,9665106,9665106,9641126,9665106
9646347,9665106,9665106,9665106,9641126,9641112
9646347,9665106,9665106,9665106,9641126,9641129
9646347,9665106,9665106,9665106,9641126,9641125
9646347,9665106,9665106,9665106,9641126,9641126
9646347,9665106,9665106,9641112,9641128,9641128
9646347,9665106,9665106,9641112,9641128,9665106
9646347,9665106,9665106,9641112,9641128,9641112
9646347,9665106,9665106,9641112,9641128,9641129
9646347,9665106,9665106,9641112,9641128,9641125
9646347,9665106,9665106,9641112,9641128,9641126
9646347,9665106,9665106,9641112,9665106,9641128
9646347,9665106,9665106,9641112,9665106,9665106
9646347,9665106,9665106,9641112,9665106,9641112
9646347,9665106,9665106,9641112,9665106,9641129
9646347,9665106,9665106,9641112,9665106,9641125
9646347,9665106,9665106,9641112,9665106,9641126
9646347,9665106,9665106,9641112,9641112,9641128
9646347,9665106,9665106,9641112,9641112,9665106
9646347,9665106,9665106,9641112,9641112,9641112
9646347,9665106,9665106,9641112,9641112,9641129
9646347,9665106,9665106,9641112,9641112,9641125
9646347,9665106,9665106,9641112,9641112,9641126
9646347,9665106,9665106,9641112,9641129,9641128
9646347,9665106,9665106,9641112,9641129,9665106
9646347,9665106,9665106,9641112,9641129,9641112
9646347,9665106,9665106,9641112,9641129,9641129
9646347,9665106,9665106,9641112,9641129,9641125
9646347,9665106,9665106,9641112,9641129,9641126
9646347,9665106,9665106,9641112,9641125,9641128
9646347,9665106,9665106,9641112,9641125,9665106
9646347,9665106,9665106,9641112,9641125,9641112
9646347,9665106,9665106,9641112,9641125,9641129
9646347,9665106,9665106,9641112,9641125,9641125
9646347,9665106,9665106,9641112,9641125,9641126
9646347,9665106,9665106,9641112,9641126,9641128
9646347,9665106,9665106,9641112,9641126,9665106
9646347,9665106,9665106,9641112,9641126,9641112
9646347,9665106,9665106,9641112,9641126,9641129
9646347,9665106,9665106,9641112,9641126,9641125
9646347,9665106,9665106,9641112,9641126,9641126
9646347,9665106,9665106,9641129,9641128,9641128
9646347,9665106,9665106,9641129,9641128,9665106
9646347,9665106,9665106,9641129,9641128,9641112
9646347,9665106,9665106,9641129,9641128,9641129
9646347,9665106,9665106,9641129,9641128,9641125
9646347,9665106,9665106,9641129,9641128,9641126
9646347,9665106,9665106,9641129,9665106,9641128
9646347,9665106,9665106,9641129,9665106,9665106
9646347,9665106,9665106,9641129,9665106,9641112
9646347,9665106,9665106,9641129,9665106,9641129
9646347,9665106,9665106,9641129,9665106,9641125
9646347,9665106,9665106,9641129,9665106,9641126
9646347,9665106,9665106,9641129,9641112,9641128
9646347,9665106,9665106,9641129,9641112,9665106
9646347,9665106,9665106,9641129,9641112,9641112
9646347,9665106,9665106,9641129,9641112,9641129
9646347,9665106,9665106,9641129,9641112,9641125
9646347,9665106,9665106,9641129,9641112,9641126
9646347,9665106,9665106,9641129,9641129,9641128
9646347,9665106,9665106,9641129,9641129,9665106
9646347,9665106,9665106,9641129,9641129,9641112
9646347,9665106,9665106,9641129,9641129,9641129
9646347,9665106,9665106,9641129,9641129,9641125
9646347,9665106,9665106,9641129,9641129,9641126
9646347,9665106,9665106,9641129,9641125,9641128
9646347,9665106,9665106,9641129,9641125,9665106
9646347,9665106,9665106,9641129,9641125,9641112
9646347,9665106,9665106,9641129,9641125,9641129
9646347,9665106,9665106,9641129,9641125,9641125
9646347,9665106,9665106,9641129,9641125,9641126
9646347,9665106,9665106,9641129,9641126,9641128
9646347,9665106,9665106,9641129,9641126,9665106
9646347,9665106,9665106,9641129,9641126,9641112
9646347,9665106,9665106,9641129,9641126,9641129
9646347,9665106,9665106,9641129,9641126,9641125
9646347,9665106,9665106,9641129,9641126,9641126
9646347,9665106,9665106,9641125,9641128,9641128
9646347,9665106,9665106,9641125,9641128,9665106
9646347,9665106,9665106,9641125,9641128,9641112
9646347,9665106,9665106,9641125,9641128,9641129
9646347,9665106,9665106,9641125,9641128,9641125
9646347,9665106,9665106,9641125,9641128,9641126
9646347,9665106,9665106,9641125,9665106,9641128
9646347,9665106,9665106,9641125,9665106,9665106
9646347,9665106,9665106,9641125,9665106,9641112
9646347,9665106,9665106,9641125,9665106,9641129
9646347,9665106,9665106,9641125,9665106,9641125
9646347,9665106,9665106,9641125,9665106,9641126
9646347,9665106,9665106,9641125,9641112,9641128
9646347,9665106,9665106,9641125,9641112,9665106
9646347,9665106,9665106,9641125,9641112,9641112
9646347,9665106,9665106,9641125,9641112,9641129
9646347,9665106,9665106,9641125,9641112,9641125
9646347,9665106,9665106,9641125,9641112,9641126
9646347,9665106,9665106,9641125,9641129,9641128
9646347,9665106,9665106,9641125,9641129,9665106
9646347,9665106,9665106,9641125,9641129,9641112
9646347,9665106,9665106,9641125,9641129,9641129
9646347,9665106,9665106,9641125,9641129,9641125
9646347,9665106,9665106,9641125,9641129,9641126
9646347,9665106,9665106,9641125,9641125,9641128
9646347,9665106,9665106,9641125,9641125,9665106
9646347,9665106,9665106,9641125,9641125,9641112
9646347,9665106,9665106,9641125,9641125,9641129
9646347,9665106,9665106,9641125,9641125,9641125
9646347,9665106,9665106,9641125,9641125,9641126
9646347,9665106,9665106,9641125,9641126,9641128
9646347,9665106,9665106,9641125,9641126,9665106
9646347,9665106,9665106,9641125,9641126,9641112
9646347,9665106,9665106,9641125,9641126,9641129
9646347,9665106,9665106,9641125,9641126,9641125
9646347,9665106,9665106,9641125,9641126,9641126
9646347,9665106,9665106,9641126,9641128,9641128
9646347,9665106,9665106,9641126,9641128,9665106
9646347,9665106,9665106,9641126,9641128,9641112
9646347,9665106,9665106,9641126,9641128,9641129
9646347,9665106,9665106,9641126,9641128,9641125
9646347,9665106,9665106,9641126,9641128,9641126
9646347,9665106,9665106,9641126,9665106,9641128
9646347,9665106,9665106,9641126,9665106,9665106
9646347,9665106,9665106,9641126,9665106,9641112
9646347,9665106,9665106,9641126,9665106,9641129
9646347,9665106,9665106,9641126,9665106,9641125
9646347,9665106,9665106,9641126,9665106,9641126
9646347,9665106,9665106,9641126,9641112,9641128
9646347,9665106,9665106,9641126,9641112,9665106
9646347,9665106,9665106,9641126,9641112,9641112
9646347,9665106,9665106,9641126,9641112,9641129
9646347,9665106,9665106,9641126,9641112,9641125
9646347,9665106,9665106,9641126,9641112,9641126
9646347,9665106,9665106,9641126,9641129,9641128
9646347,9665106,9665106,9641126,9641129,9665106
9646347,9665106,9665106,9641126,9641129,9641112
9646347,9665106,9665106,9641126,9641129,9641129
9646347,9665106,9665106,9641126,9641129,9641125
9646347,9665106,9665106,9641126,9641129,9641126
9646347,9665106,9665106,9641126,9641125,9641128
9646347,9665106,9665106,9641126,9641125,9665106
9646347,9665106,9665106,9641126,9641125,9641112
9646347,9665106,9665106,9641126,9641125,9641129
9646347,9665106,9665106,9641126,9641125,9641125
9646347,9665106,9665106,9641126,9641125,9641126
9646347,9665106,9665106,9641126,9641126,9641128
9646347,9665106,9665106,9641126,9641126,9665106
9646347,9665106,9665106,9641126,9641126,9641112
9646347,9665106,9665106,9641126,9641126,9641129
9646347,9665106,9665106,9641126,9641126,9641125
9646347,9665106,9665106,9641126,9641126,9641126
9646347,9665106,9641112,9641128,9641128,9641128
9646347,9665106,9641112,9641128,9641128,9665106
9646347,9665106,9641112,9641128,9641128,9641112
9646347,9665106,9641112,9641128,9641128,9641129
9646347,9665106,9641112,9641128,9641128,9641125
9646347,9665106,9641112,9641128,9641128,9641126
9646347,9665106,9641112,9641128,9665106,9641128
9646347,9665106,9641112,9641128,9665106,9665106
9646347,9665106,9641112,9641128,9665106,9641112
9646347,9665106,9641112,9641128,9665106,9641129
9646347,9665106,9641112,9641128,9665106,9641125
9646347,9665106,9641112,9641128,9665106,9641126
9646347,9665106,9641112,9641128,9641112,9641128
9646347,9665106,9641112,9641128,9641112,9665106
9646347,9665106,9641112,9641128,9641112,9641112
9646347,9665106,9641112,9641128,9641112,9641129
9646347,9665106,9641112,9641128,9641112,9641125
9646347,9665106,9641112,9641128,9641112,9641126
9646347,9665106,9641112,9641128,9641129,9641128
9646347,9665106,9641112,9641128,9641129,9665106
9646347,9665106,9641112,9641128,9641129,9641112
9646347,9665106,9641112,9641128,9641129,9641129
9646347,9665106,9641112,9641128,9641129,9641125
9646347,9665106,9641112,9641128,9641129,9641126
9646347,9665106,9641112,9641128,9641125,9641128
9646347,9665106,9641112,9641128,9641125,9665106
9646347,9665106,9641112,9641128,9641125,9641112
9646347,9665106,9641112,9641128,9641125,9641129
9646347,9665106,9641112,9641128,9641125,9641125
9646347,9665106,9641112,9641128,9641125,9641126
9646347,9665106,9641112,9641128,9641126,9641128
9646347,9665106,9641112,9641128,9641126,9665106
9646347,9665106,9641112,9641128,9641126,9641112
9646347,9665106,9641112,9641128,9641126,9641129
9646347,9665106,9641112,9641128,9641126,9641125
9646347,9665106,9641112,9641128,9641126,9641126
9646347,9665106,9641112,9665106,9641128,9641128
9646347,9665106,9641112,9665106,9641128,9665106
9646347,9665106,9641112,9665106,9641128,9641112
9646347,9665106,9641112,9665106,9641128,9641129
9646347,9665106,9641112,9665106,9641128,9641125
9646347,9665106,9641112,9665106,9641128,9641126
9646347,9665106,9641112,9665106,9665106,9641128
9646347,9665106,9641112,9665106,9665106,9665106
9646347,9665106,9641112,9665106,9665106,9641112
9646347,9665106,9641112,9665106,9665106,9641129
9646347,9665106,9641112,9665106,9665106,9641125
9646347,9665106,9641112,9665106,9665106,9641126
9646347,9665106,9641112,9665106,9641112,9641128
9646347,9665106,9641112,9665106,9641112,9665106
9646347,9665106,9641112,9665106,9641112,9641112
9646347,9665106,9641112,9665106,9641112,9641129
9646347,9665106,9641112,9665106,9641112,9641125
9646347,9665106,9641112,9665106,9641112,9641126
9646347,9665106,9641112,9665106,9641129,9641128
9646347,9665106,9641112,9665106,9641129,9665106
9646347,9665106,9641112,9665106,9641129,9641112
9646347,9665106,9641112,9665106,9641129,9641129
9646347,9665106,9641112,9665106,9641129,9641125
9646347,9665106,9641112,9665106,9641129,9641126
9646347,9665106,9641112,9665106,9641125,9641128
9646347,9665106,9641112,9665106,9641125,9665106
9646347,9665106,9641112,9665106,9641125,9641112
9646347,9665106,9641112,9665106,9641125,9641129
9646347,9665106,9641112,9665106,9641125,9641125
9646347,9665106,9641112,9665106,9641125,9641126
9646347,9665106,9641112,9665106,9641126,9641128
9646347,9665106,9641112,9665106,9641126,9665106
9646347,9665106,9641112,9665106,9641126,9641112
9646347,9665106,9641112,9665106,9641126,9641129
9646347,9665106,9641112,9665106,9641126,9641125
9646347,9665106,9641112,9665106,9641126,9641126
9646347,9665106,9641112,9641112,9641128,9641128
9646347,9665106,9641112,9641112,9641128,9665106
9646347,9665106,9641112,9641112,9641128,9641112
9646347,9665106,9641112,9641112,9641128,9641129
9646347,9665106,9641112,9641112,9641128,9641125
9646347,9665106,9641112,9641112,9641128,9641126
9646347,9665106,9641112,9641112,9665106,9641128
9646347,9665106,9641112,9641112,9665106,9665106
9646347,9665106,9641112,9641112,9665106,9641112
9646347,9665106,9641112,9641112,9665106,9641129
9646347,9665106,9641112,9641112,9665106,9641125
9646347,9665106,9641112,9641112,9665106,9641126
9646347,9665106,9641112,9641112,9641112,9641128
9646347,9665106,9641112,9641112,9641112,9665106
9646347,9665106,9641112,9641112,9641112,9641112
9646347,9665106,9641112,9641112,9641112,9641129
9646347,9665106,9641112,9641112,9641112,9641125
9646347,9665106,9641112,9641112,9641112,9641126
9646347,9665106,9641112,9641112,9641129,9641128
9646347,9665106,9641112,9641112,9641129,9665106
9646347,9665106,9641112,9641112,9641129,9641112
9646347,9665106,9641112,9641112,9641129,9641129
9646347,9665106,9641112,9641112,9641129,9641125
9646347,9665106,9641112,9641112,9641129,9641126
9646347,9665106,9641112,9641112,9641125,9641128
9646347,9665106,9641112,9641112,9641125,9665106
9646347,9665106,9641112,9641112,9641125,9641112
9646347,9665106,9641112,9641112,9641125,9641129
9646347,9665106,9641112,9641112,9641125,9641125
9646347,9665106,9641112,9641112,9641125,9641126
9646347,9665106,9641112,9641112,9641126,9641128
9646347,9665106,9641112,9641112,9641126,9665106
9646347,9665106,9641112,9641112,9641126,9641112
9646347,9665106,9641112,9641112,9641126,9641129
9646347,9665106,9641112,9641112,9641126,9641125
9646347,9665106,9641112,9641112,9641126,9641126
9646347,9665106,9641112,9641129,9641128,9641128
9646347,9665106,9641112,9641129,9641128,9665106
9646347,9665106,9641112,9641129,9641128,9641112
9646347,9665106,9641112,9641129,9641128,9641129
9646347,9665106,9641112,9641129,9641128,9641125
9646347,9665106,9641112,9641129,9641128,9641126
9646347,9665106,9641112,9641129,9665106,9641128
9646347,9665106,9641112,9641129,9665106,9665106
9646347,9665106,9641112,9641129,9665106,9641112
9646347,9665106,9641112,9641129,9665106,9641129
9646347,9665106,9641112,9641129,9665106,9641125
9646347,9665106,9641112,9641129,9665106,9641126
9646347,9665106,9641112,9641129,9641112,9641128
9646347,9665106,9641112,9641129,9641112,9665106
9646347,9665106,9641112,9641129,9641112,9641112
9646347,9665106,9641112,9641129,9641112,9641129
9646347,9665106,9641112,9641129,9641112,9641125
9646347,9665106,9641112,9641129,9641112,9641126
9646347,9665106,9641112,9641129,9641129,9641128
9646347,9665106,9641112,9641129,9641129,9665106
9646347,9665106,9641112,9641129,9641129,9641112
9646347,9665106,9641112,9641129,9641129,9641129
9646347,9665106,9641112,9641129,9641129,9641125
9646347,9665106,9641112,9641129,9641129,9641126
9646347,9665106,9641112,9641129,9641125,9641128
9646347,9665106,9641112,9641129,9641125,9665106
9646347,9665106,9641112,9641129,9641125,9641112
9646347,9665106,9641112,9641129,9641125,9641129
9646347,9665106,9641112,9641129,9641125,9641125
9646347,9665106,9641112,9641129,9641125,9641126
9646347,9665106,9641112,9641129,9641126,9641128
9646347,9665106,9641112,9641129,9641126,9665106
9646347,9665106,9641112,9641129,9641126,9641112
9646347,9665106,9641112,9641129,9641126,9641129
9646347,9665106,9641112,9641129,9641126,9641125
9646347,9665106,9641112,9641129,9641126,9641126
9646347,9665106,9641112,9641125,9641128,9641128
9646347,9665106,9641112,9641125,9641128,9665106
9646347,9665106,9641112,9641125,9641128,9641112
9646347,9665106,9641112,9641125,9641128,9641129
9646347,9665106,9641112,9641125,9641128,9641125
9646347,9665106,9641112,9641125,9641128,9641126
9646347,9665106,9641112,9641125,9665106,9641128
9646347,9665106,9641112,9641125,9665106,9665106
9646347,9665106,9641112,9641125,9665106,9641112
9646347,9665106,9641112,9641125,9665106,9641129
9646347,9665106,9641112,9641125,9665106,9641125
9646347,9665106,9641112,9641125,9665106,9641126
9646347,9665106,9641112,9641125,9641112,9641128
9646347,9665106,9641112,9641125,9641112,9665106
9646347,9665106,9641112,9641125,9641112,9641112
9646347,9665106,9641112,9641125,9641112,9641129
9646347,9665106,9641112,9641125,9641112,9641125
9646347,9665106,9641112,9641125,9641112,9641126
9646347,9665106,9641112,9641125,9641129,9641128
9646347,9665106,9641112,9641125,9641129,9665106
9646347,9665106,9641112,9641125,9641129,9641112
9646347,9665106,9641112,9641125,9641129,9641129
9646347,9665106,9641112,9641125,9641129,9641125
9646347,9665106,9641112,9641125,9641129,9641126
9646347,9665106,9641112,9641125,9641125,9641128
9646347,9665106,9641112,9641125,9641125,9665106
9646347,9665106,9641112,9641125,9641125,9641112
9646347,9665106,9641112,9641125,9641125,9641129
9646347,9665106,9641112,9641125,9641125,9641125
9646347,9665106,9641112,9641125,9641125,9641126
9646347,9665106,9641112,9641125,9641126,9641128
9646347,9665106,9641112,9641125,9641126,9665106
9646347,9665106,9641112,9641125,9641126,9641112
9646347,9665106,9641112,9641125,9641126,9641129
9646347,9665106,9641112,9641125,9641126,9641125
9646347,9665106,9641112,9641125,9641126,9641126
9646347,9665106,9641112,9641126,9641128,9641128
9646347,9665106,9641112,9641126,9641128,9665106
9646347,9665106,9641112,9641126,9641128,9641112
9646347,9665106,9641112,9641126,9641128,9641129
9646347,9665106,9641112,9641126,9641128,9641125
9646347,9665106,9641112,9641126,9641128,9641126
9646347,9665106,9641112,9641126,9665106,9641128
9646347,9665106,9641112,9641126,9665106,9665106
9646347,9665106,9641112,9641126,9665106,9641112
9646347,9665106,9641112,9641126,9665106,9641129
9646347,9665106,9641112,9641126,9665106,9641125
9646347,9665106,9641112,9641126,9665106,9641126
9646347,9665106,9641112,9641126,9641112,9641128
9646347,9665106,9641112,9641126,9641112,9665106
9646347,9665106,9641112,9641126,9641112,9641112
9646347,9665106,9641112,9641126,9641112,9641129
9646347,9665106,9641112,9641126,9641112,9641125
9646347,9665106,9641112,9641126,9641112,9641126
9646347,9665106,9641112,9641126,9641129,9641128
9646347,9665106,9641112,9641126,9641129,9665106
9646347,9665106,9641112,9641126,9641129,9641112
9646347,9665106,9641112,9641126,9641129,9641129
9646347,9665106,9641112,9641126,9641129,9641125
9646347,9665106,9641112,9641126,9641129,9641126
9646347,9665106,9641112,9641126,9641125,9641128
9646347,9665106,9641112,9641126,9641125,9665106
9646347,9665106,9641112,9641126,9641125,9641112
9646347,9665106,9641112,9641126,9641125,9641129
9646347,9665106,9641112,9641126,9641125,9641125
9646347,9665106,9641112,9641126,9641125,9641126
9646347,9665106,9641112,9641126,9641126,9641128
9646347,9665106,9641112,9641126,9641126,9665106
9646347,9665106,9641112,9641126,9641126,9641112
9646347,9665106,9641112,9641126,9641126,9641129
9646347,9665106,9641112,9641126,9641126,9641125
9646347,9665106,9641112,9641126,9641126,9641126
9646347,9665106,9641129,9641128,9641128,9641128
9646347,9665106,9641129,9641128,9641128,9665106
9646347,9665106,9641129,9641128,9641128,9641112
9646347,9665106,9641129,9641128,9641128,9641129
9646347,9665106,9641129,9641128,9641128,9641125
9646347,9665106,9641129,9641128,9641128,9641126
9646347,9665106,9641129,9641128,9665106,9641128
9646347,9665106,9641129,9641128,9665106,9665106
9646347,9665106,9641129,9641128,9665106,9641112
9646347,9665106,9641129,9641128,9665106,9641129
9646347,9665106,9641129,9641128,9665106,9641125
9646347,9665106,9641129,9641128,9665106,9641126
9646347,9665106,9641129,9641128,9641112,9641128
9646347,9665106,9641129,9641128,9641112,9665106
9646347,9665106,9641129,9641128,9641112,9641112
9646347,9665106,9641129,9641128,9641112,9641129
9646347,9665106,9641129,9641128,9641112,9641125
9646347,9665106,9641129,9641128,9641112,9641126
9646347,9665106,9641129,9641128,9641129,9641128
9646347,9665106,9641129,9641128,9641129,9665106
9646347,9665106,9641129,9641128,9641129,9641112
9646347,9665106,9641129,9641128,9641129,9641129
9646347,9665106,9641129,9641128,9641129,9641125
9646347,9665106,9641129,9641128,9641129,9641126
9646347,9665106,9641129,9641128,9641125,9641128
9646347,9665106,9641129,9641128,9641125,9665106
9646347,9665106,9641129,9641128,9641125,9641112
9646347,9665106,9641129,9641128,9641125,9641129
9646347,9665106,9641129,9641128,9641125,9641125
9646347,9665106,9641129,9641128,9641125,9641126
9646347,9665106,9641129,9641128,9641126,9641128
9646347,9665106,9641129,9641128,9641126,9665106
9646347,9665106,9641129,9641128,9641126,9641112
9646347,9665106,9641129,9641128,9641126,9641129
9646347,9665106,9641129,9641128,9641126,9641125
9646347,9665106,9641129,9641128,9641126,9641126
9646347,9665106,9641129,9665106,9641128,9641128
9646347,9665106,9641129,9665106,9641128,9665106
9646347,9665106,9641129,9665106,9641128,9641112
9646347,9665106,9641129,9665106,9641128,9641129
9646347,9665106,9641129,9665106,9641128,9641125
9646347,9665106,9641129,9665106,9641128,9641126
9646347,9665106,9641129,9665106,9665106,9641128
9646347,9665106,9641129,9665106,9665106,9665106
9646347,9665106,9641129,9665106,9665106,9641112
9646347,9665106,9641129,9665106,9665106,9641129
9646347,9665106,9641129,9665106,9665106,9641125
9646347,9665106,9641129,9665106,9665106,9641126
9646347,9665106,9641129,9665106,9641112,9641128
9646347,9665106,9641129,9665106,9641112,9665106
9646347,9665106,9641129,9665106,9641112,9641112
9646347,9665106,9641129,9665106,9641112,9641129
9646347,9665106,9641129,9665106,9641112,9641125
9646347,9665106,9641129,9665106,9641112,9641126
9646347,9665106,9641129,9665106,9641129,9641128
9646347,9665106,9641129,9665106,9641129,9665106
9646347,9665106,9641129,9665106,9641129,9641112
9646347,9665106,9641129,9665106,9641129,9641129
9646347,9665106,9641129,9665106,9641129,9641125
9646347,9665106,9641129,9665106,9641129,9641126
9646347,9665106,9641129,9665106,9641125,9641128
9646347,9665106,9641129,9665106,9641125,9665106
9646347,9665106,9641129,9665106,9641125,9641112
9646347,9665106,9641129,9665106,9641125,9641129
9646347,9665106,9641129,9665106,9641125,9641125
9646347,9665106,9641129,9665106,9641125,9641126
9646347,9665106,9641129,9665106,9641126,9641128
9646347,9665106,9641129,9665106,9641126,9665106
9646347,9665106,9641129,9665106,9641126,9641112
9646347,9665106,9641129,9665106,9641126,9641129
9646347,9665106,9641129,9665106,9641126,9641125
9646347,9665106,9641129,9665106,9641126,9641126
9646347,9665106,9641129,9641112,9641128,9641128
9646347,9665106,9641129,9641112,9641128,9665106
9646347,9665106,9641129,9641112,9641128,9641112
9646347,9665106,9641129,9641112,9641128,9641129
9646347,9665106,9641129,9641112,9641128,9641125
9646347,9665106,9641129,9641112,9641128,9641126
9646347,9665106,9641129,9641112,9665106,9641128
9646347,9665106,9641129,9641112,9665106,9665106
9646347,9665106,9641129,9641112,9665106,9641112
9646347,9665106,9641129,9641112,9665106,9641129
9646347,9665106,9641129,9641112,9665106,9641125
9646347,9665106,9641129,9641112,9665106,9641126
9646347,9665106,9641129,9641112,9641112,9641128
9646347,9665106,9641129,9641112,9641112,9665106
9646347,9665106,9641129,9641112,9641112,9641112
9646347,9665106,9641129,9641112,9641112,9641129
9646347,9665106,9641129,9641112,9641112,9641125
9646347,9665106,9641129,9641112,9641112,9641126
9646347,9665106,9641129,9641112,9641129,9641128
9646347,9665106,9641129,9641112,9641129,9665106
9646347,9665106,9641129,9641112,9641129,9641112
9646347,9665106,9641129,9641112,9641129,9641129
9646347,9665106,9641129,9641112,9641129,9641125
9646347,9665106,9641129,9641112,9641129,9641126
9646347,9665106,9641129,9641112,9641125,9641128
9646347,9665106,9641129,9641112,9641125,9665106
9646347,9665106,9641129,9641112,9641125,9641112
9646347,9665106,9641129,9641112,9641125,9641129
9646347,9665106,9641129,9641112,9641125,9641125
9646347,9665106,9641129,9641112,9641125,9641126
9646347,9665106,9641129,9641112,9641126,9641128
9646347,9665106,9641129,9641112,9641126,9665106
9646347,9665106,9641129,9641112,9641126,9641112
9646347,9665106,9641129,9641112,9641126,9641129
9646347,9665106,9641129,9641112,9641126,9641125
9646347,9665106,9641129,9641112,9641126,9641126
9646347,9665106,9641129,9641129,9641128,9641128
9646347,9665106,9641129,9641129,9641128,9665106
9646347,9665106,9641129,9641129,9641128,9641112
9646347,9665106,9641129,9641129,9641128,9641129
9646347,9665106,9641129,9641129,9641128,9641125
9646347,9665106,9641129,9641129,9641128,9641126
9646347,9665106,9641129,9641129,9665106,9641128
9646347,9665106,9641129,9641129,9665106,9665106
9646347,9665106,9641129,9641129,9665106,9641112
9646347,9665106,9641129,9641129,9665106,9641129
9646347,9665106,9641129,9641129,9665106,9641125
9646347,9665106,9641129,9641129,9665106,9641126
9646347,9665106,9641129,9641129,9641112,9641128
9646347,9665106,9641129,9641129,9641112,9665106
9646347,9665106,9641129,9641129,9641112,9641112
9646347,9665106,9641129,9641129,9641112,9641129
9646347,9665106,9641129,9641129,9641112,9641125
9646347,9665106,9641129,9641129,9641112,9641126
9646347,9665106,9641129,9641129,9641129,9641128
9646347,9665106,9641129,9641129,9641129,9665106
9646347,9665106,9641129,9641129,9641129,9641112
9646347,9665106,9641129,9641129,9641129,9641129
9646347,9665106,9641129,9641129,9641129,9641125
9646347,9665106,9641129,9641129,9641129,9641126
9646347,9665106,9641129,9641129,9641125,9641128
9646347,9665106,9641129,9641129,9641125,9665106
9646347,9665106,9641129,9641129,9641125,9641112
9646347,9665106,9641129,9641129,9641125,9641129
9646347,9665106,9641129,9641129,9641125,9641125
9646347,9665106,9641129,9641129,9641125,9641126
9646347,9665106,9641129,9641129,9641126,9641128
9646347,9665106,9641129,9641129,9641126,9665106
9646347,9665106,9641129,9641129,9641126,9641112
9646347,9665106,9641129,9641129,9641126,9641129
9646347,9665106,9641129,9641129,9641126,9641125
9646347,9665106,9641129,9641129,9641126,9641126
9646347,9665106,9641129,9641125,9641128,9641128
9646347,9665106,9641129,9641125,9641128,9665106
9646347,9665106,9641129,9641125,9641128,9641112
9646347,9665106,9641129,9641125,9641128,9641129
9646347,9665106,9641129,9641125,9641128,9641125
9646347,9665106,9641129,9641125,9641128,9641126
9646347,9665106,9641129,9641125,9665106,9641128
9646347,9665106,9641129,9641125,9665106,9665106
9646347,9665106,9641129,9641125,9665106,9641112
9646347,9665106,9641129,9641125,9665106,9641129
9646347,9665106,9641129,9641125,9665106,9641125
9646347,9665106,9641129,9641125,9665106,9641126
9646347,9665106,9641129,9641125,9641112,9641128
9646347,9665106,9641129,9641125,9641112,9665106
9646347,9665106,9641129,9641125,9641112,9641112
9646347,9665106,9641129,9641125,9641112,9641129
9646347,9665106,9641129,9641125,9641112,9641125
9646347,9665106,9641129,9641125,9641112,9641126
9646347,9665106,9641129,9641125,9641129,9641128
9646347,9665106,9641129,9641125,9641129,9665106
9646347,9665106,9641129,9641125,9641129,9641112
9646347,9665106,9641129,9641125,9641129,9641129
9646347,9665106,9641129,9641125,9641129,9641125
9646347,9665106,9641129,9641125,9641129,9641126
9646347,9665106,9641129,9641125,9641125,9641128
9646347,9665106,9641129,9641125,9641125,9665106
9646347,9665106,9641129,9641125,9641125,9641112
9646347,9665106,9641129,9641125,9641125,9641129
9646347,9665106,9641129,9641125,9641125,9641125
9646347,9665106,9641129,9641125,9641125,9641126
9646347,9665106,9641129,9641125,9641126,9641128
9646347,9665106,9641129,9641125,9641126,9665106
9646347,9665106,9641129,9641125,9641126,9641112
9646347,9665106,9641129,9641125,9641126,9641129
9646347,9665106,9641129,9641125,9641126,9641125
9646347,9665106,9641129,9641125,9641126,9641126
9646347,9665106,9641129,9641126,9641128,9641128
9646347,9665106,9641129,9641126,9641128,9665106
9646347,9665106,9641129,9641126,9641128,9641112
9646347,9665106,9641129,9641126,9641128,9641129
9646347,9665106,9641129,9641126,9641128,9641125
9646347,9665106,9641129,9641126,9641128,9641126
9646347,9665106,9641129,9641126,9665106,9641128
9646347,9665106,9641129,9641126,9665106,9665106
9646347,9665106,9641129,9641126,9665106,9641112
9646347,9665106,9641129,9641126,9665106,9641129
9646347,9665106,9641129,9641126,9665106,9641125
9646347,9665106,9641129,9641126,9665106,9641126
9646347,9665106,9641129,9641126,9641112,9641128
9646347,9665106,9641129,9641126,9641112,9665106
9646347,9665106,9641129,9641126,9641112,9641112
9646347,9665106,9641129,9641126,9641112,9641129
9646347,9665106,9641129,9641126,9641112,9641125
9646347,9665106,9641129,9641126,9641112,9641126
9646347,9665106,9641129,9641126,9641129,9641128
9646347,9665106,9641129,9641126,9641129,9665106
9646347,9665106,9641129,9641126,9641129,9641112
9646347,9665106,9641129,9641126,9641129,9641129
9646347,9665106,9641129,9641126,9641129,9641125
9646347,9665106,9641129,9641126,9641129,9641126
9646347,9665106,9641129,9641126,9641125,9641128
9646347,9665106,9641129,9641126,9641125,9665106
9646347,9665106,9641129,9641126,9641125,9641112
9646347,9665106,9641129,9641126,9641125,9641129
9646347,9665106,9641129,9641126,9641125,9641125
9646347,9665106,9641129,9641126,9641125,9641126
9646347,9665106,9641129,9641126,9641126,9641128
9646347,9665106,9641129,9641126,9641126,9665106
9646347,9665106,9641129,9641126,9641126,9641112
9646347,9665106,9641129,9641126,9641126,9641129
9646347,9665106,9641129,9641126,9641126,9641125
9646347,9665106,9641129,9641126,9641126,9641126
9646347,9665106,9641125,9641128,9641128,9641128
9646347,9665106,9641125,9641128,9641128,9665106
9646347,9665106,9641125,9641128,9641128,9641112
9646347,9665106,9641125,9641128,9641128,9641129
9646347,9665106,9641125,9641128,9641128,9641125
9646347,9665106,9641125,9641128,9641128,9641126
9646347,9665106,9641125,9641128,9665106,9641128
9646347,9665106,9641125,9641128,9665106,9665106
9646347,9665106,9641125,9641128,9665106,9641112
9646347,9665106,9641125,9641128,9665106,9641129
9646347,9665106,9641125,9641128,9665106,9641125
9646347,9665106,9641125,9641128,9665106,9641126
9646347,9665106,9641125,9641128,9641112,9641128
9646347,9665106,9641125,9641128,9641112,9665106
9646347,9665106,9641125,9641128,9641112,9641112
9646347,9665106,9641125,9641128,9641112,9641129
9646347,9665106,9641125,9641128,9641112,9641125
9646347,9665106,9641125,9641128,9641112,9641126
9646347,9665106,9641125,9641128,9641129,9641128
9646347,9665106,9641125,9641128,9641129,9665106
9646347,9665106,9641125,9641128,9641129,9641112
9646347,9665106,9641125,9641128,9641129,9641129
9646347,9665106,9641125,9641128,9641129,9641125
9646347,9665106,9641125,9641128,9641129,9641126
9646347,9665106,9641125,9641128,9641125,9641128
9646347,9665106,9641125,9641128,9641125,9665106
9646347,9665106,9641125,9641128,9641125,9641112
9646347,9665106,9641125,9641128,9641125,9641129
9646347,9665106,9641125,9641128,9641125,9641125
9646347,9665106,9641125,9641128,9641125,9641126
9646347,9665106,9641125,9641128,9641126,9641128
9646347,9665106,9641125,9641128,9641126,9665106
9646347,9665106,9641125,9641128,9641126,9641112
9646347,9665106,9641125,9641128,9641126,9641129
9646347,9665106,9641125,9641128,9641126,9641125
9646347,9665106,9641125,9641128,9641126,9641126
9646347,9665106,9641125,9665106,9641128,9641128
9646347,9665106,9641125,9665106,9641128,9665106
9646347,9665106,9641125,9665106,9641128,9641112
9646347,9665106,9641125,9665106,9641128,9641129
9646347,9665106,9641125,9665106,9641128,9641125
9646347,9665106,9641125,9665106,9641128,9641126
9646347,9665106,9641125,9665106,9665106,9641128
9646347,9665106,9641125,9665106,9665106,9665106
9646347,9665106,9641125,9665106,9665106,9641112
9646347,9665106,9641125,9665106,9665106,9641129
9646347,9665106,9641125,9665106,9665106,9641125
9646347,9665106,9641125,9665106,9665106,9641126
9646347,9665106,9641125,9665106,9641112,9641128
9646347,9665106,9641125,9665106,9641112,9665106
9646347,9665106,9641125,9665106,9641112,9641112
9646347,9665106,9641125,9665106,9641112,9641129
9646347,9665106,9641125,9665106,9641112,9641125
9646347,9665106,9641125,9665106,9641112,9641126
9646347,9665106,9641125,9665106,9641129,9641128
9646347,9665106,9641125,9665106,9641129,9665106
9646347,9665106,9641125,9665106,9641129,9641112
9646347,9665106,9641125,9665106,9641129,9641129
9646347,9665106,9641125,9665106,9641129,9641125
9646347,9665106,9641125,9665106,9641129,9641126
9646347,9665106,9641125,9665106,9641125,9641128
9646347,9665106,9641125,9665106,9641125,9665106
9646347,9665106,9641125,9665106,9641125,9641112
9646347,9665106,9641125,9665106,9641125,9641129
9646347,9665106,9641125,9665106,9641125,9641125
9646347,9665106,9641125,9665106,9641125,9641126
9646347,9665106,9641125,9665106,9641126,9641128
9646347,9665106,9641125,9665106,9641126,9665106
9646347,9665106,9641125,9665106,9641126,9641112
9646347,9665106,9641125,9665106,9641126,9641129
9646347,9665106,9641125,9665106,9641126,9641125
9646347,9665106,9641125,9665106,9641126,9641126
9646347,9665106,9641125,9641112,9641128,9641128
9646347,9665106,9641125,9641112,9641128,9665106
9646347,9665106,9641125,9641112,9641128,9641112
9646347,9665106,9641125,9641112,9641128,9641129
9646347,9665106,9641125,9641112,9641128,9641125
9646347,9665106,9641125,9641112,9641128,9641126
9646347,9665106,9641125,9641112,9665106,9641128
9646347,9665106,9641125,9641112,9665106,9665106
9646347,9665106,9641125,9641112,9665106,9641112
9646347,9665106,9641125,9641112,9665106,9641129
9646347,9665106,9641125,9641112,9665106,9641125
9646347,9665106,9641125,9641112,9665106,9641126
9646347,9665106,9641125,9641112,9641112,9641128
9646347,9665106,9641125,9641112,9641112,9665106
9646347,9665106,9641125,9641112,9641112,9641112
9646347,9665106,9641125,9641112,9641112,9641129
9646347,9665106,9641125,9641112,9641112,9641125
9646347,9665106,9641125,9641112,9641112,9641126
9646347,9665106,9641125,9641112,9641129,9641128
9646347,9665106,9641125,9641112,9641129,9665106
9646347,9665106,9641125,9641112,9641129,9641112
9646347,9665106,9641125,9641112,9641129,9641129
9646347,9665106,9641125,9641112,9641129,9641125
9646347,9665106,9641125,9641112,9641129,9641126
9646347,9665106,9641125,9641112,9641125,9641128
9646347,9665106,9641125,9641112,9641125,9665106
9646347,9665106,9641125,9641112,9641125,9641112
9646347,9665106,9641125,9641112,9641125,9641129
9646347,9665106,9641125,9641112,9641125,9641125
9646347,9665106,9641125,9641112,9641125,9641126
9646347,9665106,9641125,9641112,9641126,9641128
9646347,9665106,9641125,9641112,9641126,9665106
9646347,9665106,9641125,9641112,9641126,9641112
9646347,9665106,9641125,9641112,9641126,9641129
9646347,9665106,9641125,9641112,9641126,9641125
9646347,9665106,9641125,9641112,9641126,9641126
9646347,9665106,9641125,9641129,9641128,9641128
9646347,9665106,9641125,9641129,9641128,9665106
9646347,9665106,9641125,9641129,9641128,9641112
9646347,9665106,9641125,9641129,9641128,9641129
9646347,9665106,9641125,9641129,9641128,9641125
9646347,9665106,9641125,9641129,9641128,9641126
9646347,9665106,9641125,9641129,9665106,9641128
9646347,9665106,9641125,9641129,9665106,9665106
9646347,9665106,9641125,9641129,9665106,9641112
9646347,9665106,9641125,9641129,9665106,9641129
9646347,9665106,9641125,9641129,9665106,9641125
9646347,9665106,9641125,9641129,9665106,9641126
9646347,9665106,9641125,9641129,9641112,9641128
9646347,9665106,9641125,9641129,9641112,9665106
9646347,9665106,9641125,9641129,9641112,9641112
9646347,9665106,9641125,9641129,9641112,9641129
9646347,9665106,9641125,9641129,9641112,9641125
9646347,9665106,9641125,9641129,9641112,9641126
9646347,9665106,9641125,9641129,9641129,9641128
9646347,9665106,9641125,9641129,9641129,9665106
9646347,9665106,9641125,9641129,9641129,9641112
9646347,9665106,9641125,9641129,9641129,9641129
9646347,9665106,9641125,9641129,9641129,9641125
9646347,9665106,9641125,9641129,9641129,9641126
9646347,9665106,9641125,9641129,9641125,9641128
9646347,9665106,9641125,9641129,9641125,9665106
9646347,9665106,9641125,9641129,9641125,9641112
9646347,9665106,9641125,9641129,9641125,9641129
9646347,9665106,9641125,9641129,9641125,9641125
9646347,9665106,9641125,9641129,9641125,9641126
9646347,9665106,9641125,9641129,9641126,9641128
9646347,9665106,9641125,9641129,9641126,9665106
9646347,9665106,9641125,9641129,9641126,9641112
9646347,9665106,9641125,9641129,9641126,9641129
9646347,9665106,9641125,9641129,9641126,9641125
9646347,9665106,9641125,9641129,9641126,9641126
9646347,9665106,9641125,9641125,9641128,9641128
9646347,9665106,9641125,9641125,9641128,9665106
9646347,9665106,9641125,9641125,9641128,9641112
9646347,9665106,9641125,9641125,9641128,9641129
9646347,9665106,9641125,9641125,9641128,9641125
9646347,9665106,9641125,9641125,9641128,9641126
9646347,9665106,9641125,9641125,9665106,9641128
9646347,9665106,9641125,9641125,9665106,9665106
9646347,9665106,9641125,9641125,9665106,9641112
9646347,9665106,9641125,9641125,9665106,9641129
9646347,9665106,9641125,9641125,9665106,9641125
9646347,9665106,9641125,9641125,9665106,9641126
9646347,9665106,9641125,9641125,9641112,9641128
9646347,9665106,9641125,9641125,9641112,9665106
9646347,9665106,9641125,9641125,9641112,9641112
9646347,9665106,9641125,9641125,9641112,9641129
9646347,9665106,9641125,9641125,9641112,9641125
9646347,9665106,9641125,9641125,9641112,9641126
9646347,9665106,9641125,9641125,9641129,9641128
9646347,9665106,9641125,9641125,9641129,9665106
9646347,9665106,9641125,9641125,9641129,9641112
9646347,9665106,9641125,9641125,9641129,9641129
9646347,9665106,9641125,9641125,9641129,9641125
9646347,9665106,9641125,9641125,9641129,9641126
9646347,9665106,9641125,9641125,9641125,9641128
9646347,9665106,9641125,9641125,9641125,9665106
9646347,9665106,9641125,9641125,9641125,9641112
9646347,9665106,9641125,9641125,9641125,9641129
9646347,9665106,9641125,9641125,9641125,9641125
9646347,9665106,9641125,9641125,9641125,9641126
9646347,9665106,9641125,9641125,9641126,9641128
9646347,9665106,9641125,9641125,9641126,9665106
9646347,9665106,9641125,9641125,9641126,9641112
9646347,9665106,9641125,9641125,9641126,9641129
9646347,9665106,9641125,9641125,9641126,9641125
9646347,9665106,9641125,9641125,9641126,9641126
9646347,9665106,9641125,9641126,9641128,9641128
9646347,9665106,9641125,9641126,9641128,9665106
9646347,9665106,9641125,9641126,9641128,9641112
9646347,9665106,9641125,9641126,9641128,9641129
9646347,9665106,9641125,9641126,9641128,9641125
9646347,9665106,9641125,9641126,9641128,9641126
9646347,9665106,9641125,9641126,9665106,9641128
9646347,9665106,9641125,9641126,9665106,9665106
9646347,9665106,9641125,9641126,9665106,9641112
9646347,9665106,9641125,9641126,9665106,9641129
9646347,9665106,9641125,9641126,9665106,9641125
9646347,9665106,9641125,9641126,9665106,9641126
9646347,9665106,9641125,9641126,9641112,9641128
9646347,9665106,9641125,9641126,9641112,9665106
9646347,9665106,9641125,9641126,9641112,9641112
9646347,9665106,9641125,9641126,9641112,9641129
9646347,9665106,9641125,9641126,9641112,9641125
9646347,9665106,9641125,9641126,9641112,9641126
9646347,9665106,9641125,9641126,9641129,9641128
9646347,9665106,9641125,9641126,9641129,9665106
9646347,9665106,9641125,9641126,9641129,9641112
9646347,9665106,9641125,9641126,9641129,9641129
9646347,9665106,9641125,9641126,9641129,9641125
9646347,9665106,9641125,9641126,9641129,9641126
9646347,9665106,9641125,9641126,9641125,9641128
9646347,9665106,9641125,9641126,9641125,9665106
9646347,9665106,9641125,9641126,9641125,9641112
9646347,9665106,9641125,9641126,9641125,9641129
9646347,9665106,9641125,9641126,9641125,9641125
9646347,9665106,9641125,9641126,9641125,9641126
9646347,9665106,9641125,9641126,9641126,9641128
9646347,9665106,9641125,9641126,9641126,9665106
9646347,9665106,9641125,9641126,9641126,9641112
9646347,9665106,9641125,9641126,9641126,9641129
9646347,9665106,9641125,9641126,9641126,9641125
9646347,9665106,9641125,9641126,9641126,9641126
9646347,9665106,9641126,9641128,9641128,9641128
9646347,9665106,9641126,9641128,9641128,9665106
9646347,9665106,9641126,9641128,9641128,9641112
9646347,9665106,9641126,9641128,9641128,9641129
9646347,9665106,9641126,9641128,9641128,9641125
9646347,9665106,9641126,9641128,9641128,9641126
9646347,9665106,9641126,9641128,9665106,9641128
9646347,9665106,9641126,9641128,9665106,9665106
9646347,9665106,9641126,9641128,9665106,9641112
9646347,9665106,9641126,9641128,9665106,9641129
9646347,9665106,9641126,9641128,9665106,9641125
9646347,9665106,9641126,9641128,9665106,9641126
9646347,9665106,9641126,9641128,9641112,9641128
9646347,9665106,9641126,9641128,9641112,9665106
9646347,9665106,9641126,9641128,9641112,9641112
9646347,9665106,9641126,9641128,9641112,9641129
9646347,9665106,9641126,9641128,9641112,9641125
9646347,9665106,9641126,9641128,9641112,9641126
9646347,9665106,9641126,9641128,9641129,9641128
9646347,9665106,9641126,9641128,9641129,9665106
9646347,9665106,9641126,9641128,9641129,9641112
9646347,9665106,9641126,9641128,9641129,9641129
9646347,9665106,9641126,9641128,9641129,9641125
9646347,9665106,9641126,9641128,9641129,9641126
9646347,9665106,9641126,9641128,9641125,9641128
9646347,9665106,9641126,9641128,9641125,9665106
9646347,9665106,9641126,9641128,9641125,9641112
9646347,9665106,9641126,9641128,9641125,9641129
9646347,9665106,9641126,9641128,9641125,9641125
9646347,9665106,9641126,9641128,9641125,9641126
9646347,9665106,9641126,9641128,9641126,9641128
9646347,9665106,9641126,9641128,9641126,9665106
9646347,9665106,9641126,9641128,9641126,9641112
9646347,9665106,9641126,9641128,9641126,9641129
9646347,9665106,9641126,9641128,9641126,9641125
9646347,9665106,9641126,9641128,9641126,9641126
9646347,9665106,9641126,9665106,9641128,9641128
9646347,9665106,9641126,9665106,9641128,9665106
9646347,9665106,9641126,9665106,9641128,9641112
9646347,9665106,9641126,9665106,9641128,9641129
9646347,9665106,9641126,9665106,9641128,9641125
9646347,9665106,9641126,9665106,9641128,9641126
9646347,9665106,9641126,9665106,9665106,9641128
9646347,9665106,9641126,9665106,9665106,9665106
9646347,9665106,9641126,9665106,9665106,9641112
9646347,9665106,9641126,9665106,9665106,9641129
9646347,9665106,9641126,9665106,9665106,9641125
9646347,9665106,9641126,9665106,9665106,9641126
9646347,9665106,9641126,9665106,9641112,9641128
9646347,9665106,9641126,9665106,9641112,9665106
9646347,9665106,9641126,9665106,9641112,9641112
9646347,9665106,9641126,9665106,9641112,9641129
9646347,9665106,9641126,9665106,9641112,9641125
9646347,9665106,9641126,9665106,9641112,9641126
9646347,9665106,9641126,9665106,9641129,9641128
9646347,9665106,9641126,9665106,9641129,9665106
9646347,9665106,9641126,9665106,9641129,9641112
9646347,9665106,9641126,9665106,9641129,9641129
9646347,9665106,9641126,9665106,9641129,9641125
9646347,9665106,9641126,9665106,9641129,9641126
9646347,9665106,9641126,9665106,9641125,9641128
9646347,9665106,9641126,9665106,9641125,9665106
9646347,9665106,9641126,9665106,9641125,9641112
9646347,9665106,9641126,9665106,9641125,9641129
9646347,9665106,9641126,9665106,9641125,9641125
9646347,9665106,9641126,9665106,9641125,9641126
9646347,9665106,9641126,9665106,9641126,9641128
9646347,9665106,9641126,9665106,9641126,9665106
9646347,9665106,9641126,9665106,9641126,9641112
9646347,9665106,9641126,9665106,9641126,9641129
9646347,9665106,9641126,9665106,9641126,9641125
9646347,9665106,9641126,9665106,9641126,9641126
9646347,9665106,9641126,9641112,9641128,9641128
9646347,9665106,9641126,9641112,9641128,9665106
9646347,9665106,9641126,9641112,9641128,9641112
9646347,9665106,9641126,9641112,9641128,9641129
9646347,9665106,9641126,9641112,9641128,9641125
9646347,9665106,9641126,9641112,9641128,9641126
9646347,9665106,9641126,9641112,9665106,9641128
9646347,9665106,9641126,9641112,9665106,9665106
9646347,9665106,9641126,9641112,9665106,9641112
9646347,9665106,9641126,9641112,9665106,9641129
9646347,9665106,9641126,9641112,9665106,9641125
9646347,9665106,9641126,9641112,9665106,9641126
9646347,9665106,9641126,9641112,9641112,9641128
9646347,9665106,9641126,9641112,9641112,9665106
9646347,9665106,9641126,9641112,9641112,9641112
9646347,9665106,9641126,9641112,9641112,9641129
9646347,9665106,9641126,9641112,9641112,9641125
9646347,9665106,9641126,9641112,9641112,9641126
9646347,9665106,9641126,9641112,9641129,9641128
9646347,9665106,9641126,9641112,9641129,9665106
9646347,9665106,9641126,9641112,9641129,9641112
9646347,9665106,9641126,9641112,9641129,9641129
9646347,9665106,9641126,9641112,9641129,9641125
9646347,9665106,9641126,9641112,9641129,9641126
9646347,9665106,9641126,9641112,9641125,9641128
9646347,9665106,9641126,9641112,9641125,9665106
9646347,9665106,9641126,9641112,9641125,9641112
9646347,9665106,9641126,9641112,9641125,9641129
9646347,9665106,9641126,9641112,9641125,9641125
9646347,9665106,9641126,9641112,9641125,9641126
9646347,9665106,9641126,9641112,9641126,9641128
9646347,9665106,9641126,9641112,9641126,9665106
9646347,9665106,9641126,9641112,9641126,9641112
9646347,9665106,9641126,9641112,9641126,9641129
9646347,9665106,9641126,9641112,9641126,9641125
9646347,9665106,9641126,9641112,9641126,9641126
9646347,9665106,9641126,9641129,9641128,9641128
9646347,9665106,9641126,9641129,9641128,9665106
9646347,9665106,9641126,9641129,9641128,9641112
9646347,9665106,9641126,9641129,9641128,9641129
9646347,9665106,9641126,9641129,9641128,9641125
9646347,9665106,9641126,9641129,9641128,9641126
9646347,9665106,9641126,9641129,9665106,9641128
9646347,9665106,9641126,9641129,9665106,9665106
9646347,9665106,9641126,9641129,9665106,9641112
9646347,9665106,9641126,9641129,9665106,9641129
9646347,9665106,9641126,9641129,9665106,9641125
9646347,9665106,9641126,9641129,9665106,9641126
9646347,9665106,9641126,9641129,9641112,9641128
9646347,9665106,9641126,9641129,9641112,9665106
9646347,9665106,9641126,9641129,9641112,9641112
9646347,9665106,9641126,9641129,9641112,9641129
9646347,9665106,9641126,9641129,9641112,9641125
9646347,9665106,9641126,9641129,9641112,9641126
9646347,9665106,9641126,9641129,9641129,9641128
9646347,9665106,9641126,9641129,9641129,9665106
9646347,9665106,9641126,9641129,9641129,9641112
9646347,9665106,9641126,9641129,9641129,9641129
9646347,9665106,9641126,9641129,9641129,9641125
9646347,9665106,9641126,9641129,9641129,9641126
9646347,9665106,9641126,9641129,9641125,9641128
9646347,9665106,9641126,9641129,9641125,9665106
9646347,9665106,9641126,9641129,9641125,9641112
9646347,9665106,9641126,9641129,9641125,9641129
9646347,9665106,9641126,9641129,9641125,9641125
9646347,9665106,9641126,9641129,9641125,9641126
9646347,9665106,9641126,9641129,9641126,9641128
9646347,9665106,9641126,9641129,9641126,9665106
9646347,9665106,9641126,9641129,9641126,9641112
9646347,9665106,9641126,9641129,9641126,9641129
9646347,9665106,9641126,9641129,9641126,9641125
9646347,9665106,9641126,9641129,9641126,9641126
9646347,9665106,9641126,9641125,9641128,9641128
9646347,9665106,9641126,9641125,9641128,9665106
9646347,9665106,9641126,9641125,9641128,9641112
9646347,9665106,9641126,9641125,9641128,9641129
9646347,9665106,9641126,9641125,9641128,9641125
9646347,9665106,9641126,9641125,9641128,9641126
9646347,9665106,9641126,9641125,9665106,9641128
9646347,9665106,9641126,9641125,9665106,9665106
9646347,9665106,9641126,9641125,9665106,9641112
9646347,9665106,9641126,9641125,9665106,9641129
9646347,9665106,9641126,9641125,9665106,9641125
9646347,9665106,9641126,9641125,9665106,9641126
9646347,9665106,9641126,9641125,9641112,9641128
9646347,9665106,9641126,9641125,9641112,9665106
9646347,9665106,9641126,9641125,9641112,9641112
9646347,9665106,9641126,9641125,9641112,9641129
9646347,9665106,9641126,9641125,9641112,9641125
9646347,9665106,9641126,9641125,9641112,9641126
9646347,9665106,9641126,9641125,9641129,9641128
9646347,9665106,9641126,9641125,9641129,9665106
9646347,9665106,9641126,9641125,9641129,9641112
9646347,9665106,9641126,9641125,9641129,9641129
9646347,9665106,9641126,9641125,9641129,9641125
9646347,9665106,9641126,9641125,9641129,9641126
9646347,9665106,9641126,9641125,9641125,9641128
9646347,9665106,9641126,9641125,9641125,9665106
9646347,9665106,9641126,9641125,9641125,9641112
9646347,9665106,9641126,9641125,9641125,9641129
9646347,9665106,9641126,9641125,9641125,9641125
9646347,9665106,9641126,9641125,9641125,9641126
9646347,9665106,9641126,9641125,9641126,9641128
9646347,9665106,9641126,9641125,9641126,9665106
9646347,9665106,9641126,9641125,9641126,9641112
9646347,9665106,9641126,9641125,9641126,9641129
9646347,9665106,9641126,9641125,9641126,9641125
9646347,9665106,9641126,9641125,9641126,9641126
9646347,9665106,9641126,9641126,9641128,9641128
9646347,9665106,9641126,9641126,9641128,9665106
9646347,9665106,9641126,9641126,9641128,9641112
9646347,9665106,9641126,9641126,9641128,9641129
9646347,9665106,9641126,9641126,9641128,9641125
9646347,9665106,9641126,9641126,9641128,9641126
9646347,9665106,9641126,9641126,9665106,9641128
9646347,9665106,9641126,9641126,9665106,9665106
9646347,9665106,9641126,9641126,9665106,9641112
9646347,9665106,9641126,9641126,9665106,9641129
9646347,9665106,9641126,9641126,9665106,9641125
9646347,9665106,9641126,9641126,9665106,9641126
9646347,9665106,9641126,9641126,9641112,9641128
9646347,9665106,9641126,9641126,9641112,9665106
9646347,9665106,9641126,9641126,9641112,9641112
9646347,9665106,9641126,9641126,9641112,9641129
9646347,9665106,9641126,9641126,9641112,9641125
9646347,9665106,9641126,9641126,9641112,9641126
9646347,9665106,9641126,9641126,9641129,9641128
9646347,9665106,9641126,9641126,9641129,9665106
9646347,9665106,9641126,9641126,9641129,9641112
9646347,9665106,9641126,9641126,9641129,9641129
9646347,9665106,9641126,9641126,9641129,9641125
9646347,9665106,9641126,9641126,9641129,9641126
9646347,9665106,9641126,9641126,9641125,9641128
9646347,9665106,9641126,9641126,9641125,9665106
9646347,9665106,9641126,9641126,9641125,9641112
9646347,9665106,9641126,9641126,9641125,9641129
9646347,9665106,9641126,9641126,9641125,9641125
9646347,9665106,9641126,9641126,9641125,9641126
9646347,9665106,9641126,9641126,9641126,9641128
9646347,9665106,9641126,9641126,9641126,9665106
9646347,9665106,9641126,9641126,9641126,9641112
9646347,9665106,9641126,9641126,9641126,9641129
9646347,9665106,9641126,9641126,9641126,9641125
9646347,9665106,9641126,9641126,9641126,9641126
9646347,9641112,9641128,9641128,9641128,9641128
9646347,9641112,9641128,9641128,9641128,9665106
9646347,9641112,9641128,9641128,9641128,9641112
9646347,9641112,9641128,9641128,9641128,9641129
9646347,9641112,9641128,9641128,9641128,9641125
9646347,9641112,9641128,9641128,9641128,9641126
9646347,9641112,9641128,9641128,9665106,9641128
9646347,9641112,9641128,9641128,9665106,9665106
9646347,9641112,9641128,9641128,9665106,9641112
9646347,9641112,9641128,9641128,9665106,9641129
9646347,9641112,9641128,9641128,9665106,9641125
9646347,9641112,9641128,9641128,9665106,9641126
9646347,9641112,9641128,9641128,9641112,9641128
9646347,9641112,9641128,9641128,9641112,9665106
9646347,9641112,9641128,9641128,9641112,9641112
9646347,9641112,9641128,9641128,9641112,9641129
9646347,9641112,9641128,9641128,9641112,9641125
9646347,9641112,9641128,9641128,9641112,9641126
9646347,9641112,9641128,9641128,9641129,9641128
9646347,9641112,9641128,9641128,9641129,9665106
9646347,9641112,9641128,9641128,9641129,9641112
9646347,9641112,9641128,9641128,9641129,9641129
9646347,9641112,9641128,9641128,9641129,9641125
9646347,9641112,9641128,9641128,9641129,9641126
9646347,9641112,9641128,9641128,9641125,9641128
9646347,9641112,9641128,9641128,9641125,9665106
9646347,9641112,9641128,9641128,9641125,9641112
9646347,9641112,9641128,9641128,9641125,9641129
9646347,9641112,9641128,9641128,9641125,9641125
9646347,9641112,9641128,9641128,9641125,9641126
9646347,9641112,9641128,9641128,9641126,9641128
9646347,9641112,9641128,9641128,9641126,9665106
9646347,9641112,9641128,9641128,9641126,9641112
9646347,9641112,9641128,9641128,9641126,9641129
9646347,9641112,9641128,9641128,9641126,9641125
9646347,9641112,9641128,9641128,9641126,9641126
9646347,9641112,9641128,9665106,9641128,9641128
9646347,9641112,9641128,9665106,9641128,9665106
9646347,9641112,9641128,9665106,9641128,9641112
9646347,9641112,9641128,9665106,9641128,9641129
9646347,9641112,9641128,9665106,9641128,9641125
9646347,9641112,9641128,9665106,9641128,9641126
9646347,9641112,9641128,9665106,9665106,9641128
9646347,9641112,9641128,9665106,9665106,9665106
9646347,9641112,9641128,9665106,9665106,9641112
9646347,9641112,9641128,9665106,9665106,9641129
9646347,9641112,9641128,9665106,9665106,9641125
9646347,9641112,9641128,9665106,9665106,9641126
9646347,9641112,9641128,9665106,9641112,9641128
9646347,9641112,9641128,9665106,9641112,9665106
9646347,9641112,9641128,9665106,9641112,9641112
9646347,9641112,9641128,9665106,9641112,9641129
9646347,9641112,9641128,9665106,9641112,9641125
9646347,9641112,9641128,9665106,9641112,9641126
9646347,9641112,9641128,9665106,9641129,9641128
9646347,9641112,9641128,9665106,9641129,9665106
9646347,9641112,9641128,9665106,9641129,9641112
9646347,9641112,9641128,9665106,9641129,9641129
9646347,9641112,9641128,9665106,9641129,9641125
9646347,9641112,9641128,9665106,9641129,9641126
9646347,9641112,9641128,9665106,9641125,9641128
9646347,9641112,9641128,9665106,9641125,9665106
9646347,9641112,9641128,9665106,9641125,9641112
9646347,9641112,9641128,9665106,9641125,9641129
9646347,9641112,9641128,9665106,9641125,9641125
9646347,9641112,9641128,9665106,9641125,9641126
9646347,9641112,9641128,9665106,9641126,9641128
9646347,9641112,9641128,9665106,9641126,9665106
9646347,9641112,9641128,9665106,9641126,9641112
9646347,9641112,9641128,9665106,9641126,9641129
9646347,9641112,9641128,9665106,9641126,9641125
9646347,9641112,9641128,9665106,9641126,9641126
9646347,9641112,9641128,9641112,9641128,9641128
9646347,9641112,9641128,9641112,9641128,9665106
9646347,9641112,9641128,9641112,9641128,9641112
9646347,9641112,9641128,9641112,9641128,9641129
9646347,9641112,9641128,9641112,9641128,9641125
9646347,9641112,9641128,9641112,9641128,9641126
9646347,9641112,9641128,9641112,9665106,9641128
9646347,9641112,9641128,9641112,9665106,9665106
9646347,9641112,9641128,9641112,9665106,9641112
9646347,9641112,9641128,9641112,9665106,9641129
9646347,9641112,9641128,9641112,9665106,9641125
9646347,9641112,9641128,9641112,9665106,9641126
9646347,9641112,9641128,9641112,9641112,9641128
9646347,9641112,9641128,9641112,9641112,9665106
9646347,9641112,9641128,9641112,9641112,9641112
9646347,9641112,9641128,9641112,9641112,9641129
9646347,9641112,9641128,9641112,9641112,9641125
9646347,9641112,9641128,9641112,9641112,9641126
9646347,9641112,9641128,9641112,9641129,9641128
9646347,9641112,9641128,9641112,9641129,9665106
9646347,9641112,9641128,9641112,9641129,9641112
9646347,9641112,9641128,9641112,9641129,9641129
9646347,9641112,9641128,9641112,9641129,9641125
9646347,9641112,9641128,9641112,9641129,9641126
9646347,9641112,9641128,9641112,9641125,9641128
9646347,9641112,9641128,9641112,9641125,9665106
9646347,9641112,9641128,9641112,9641125,9641112
9646347,9641112,9641128,9641112,9641125,9641129
9646347,9641112,9641128,9641112,9641125,9641125
9646347,9641112,9641128,9641112,9641125,9641126
9646347,9641112,9641128,9641112,9641126,9641128
9646347,9641112,9641128,9641112,9641126,9665106
9646347,9641112,9641128,9641112,9641126,9641112
9646347,9641112,9641128,9641112,9641126,9641129
9646347,9641112,9641128,9641112,9641126,9641125
9646347,9641112,9641128,9641112,9641126,9641126
9646347,9641112,9641128,9641129,9641128,9641128
9646347,9641112,9641128,9641129,9641128,9665106
9646347,9641112,9641128,9641129,9641128,9641112
9646347,9641112,9641128,9641129,9641128,9641129
9646347,9641112,9641128,9641129,9641128,9641125
9646347,9641112,9641128,9641129,9641128,9641126
9646347,9641112,9641128,9641129,9665106,9641128
9646347,9641112,9641128,9641129,9665106,9665106
9646347,9641112,9641128,9641129,9665106,9641112
9646347,9641112,9641128,9641129,9665106,9641129
9646347,9641112,9641128,9641129,9665106,9641125
9646347,9641112,9641128,9641129,9665106,9641126
9646347,9641112,9641128,9641129,9641112,9641128
9646347,9641112,9641128,9641129,9641112,9665106
9646347,9641112,9641128,9641129,9641112,9641112
9646347,9641112,9641128,9641129,9641112,9641129
9646347,9641112,9641128,9641129,9641112,9641125
9646347,9641112,9641128,9641129,9641112,9641126
9646347,9641112,9641128,9641129,9641129,9641128
9646347,9641112,9641128,9641129,9641129,9665106
9646347,9641112,9641128,9641129,9641129,9641112
9646347,9641112,9641128,9641129,9641129,9641129
9646347,9641112,9641128,9641129,9641129,9641125
9646347,9641112,9641128,9641129,9641129,9641126
9646347,9641112,9641128,9641129,9641125,9641128
9646347,9641112,9641128,9641129,9641125,9665106
9646347,9641112,9641128,9641129,9641125,9641112
9646347,9641112,9641128,9641129,9641125,9641129
9646347,9641112,9641128,9641129,9641125,9641125
9646347,9641112,9641128,9641129,9641125,9641126
9646347,9641112,9641128,9641129,9641126,9641128
9646347,9641112,9641128,9641129,9641126,9665106
9646347,9641112,9641128,9641129,9641126,9641112
9646347,9641112,9641128,9641129,9641126,9641129
9646347,9641112,9641128,9641129,9641126,9641125
9646347,9641112,9641128,9641129,9641126,9641126
9646347,9641112,9641128,9641125,9641128,9641128
9646347,9641112,9641128,9641125,9641128,9665106
9646347,9641112,9641128,9641125,9641128,9641112
9646347,9641112,9641128,9641125,9641128,9641129
9646347,9641112,9641128,9641125,9641128,9641125
9646347,9641112,9641128,9641125,9641128,9641126
9646347,9641112,9641128,9641125,9665106,9641128
9646347,9641112,9641128,9641125,9665106,9665106
9646347,9641112,9641128,9641125,9665106,9641112
9646347,9641112,9641128,9641125,9665106,9641129
9646347,9641112,9641128,9641125,9665106,9641125
9646347,9641112,9641128,9641125,9665106,9641126
9646347,9641112,9641128,9641125,9641112,9641128
9646347,9641112,9641128,9641125,9641112,9665106
9646347,9641112,9641128,9641125,9641112,9641112
9646347,9641112,9641128,9641125,9641112,9641129
9646347,9641112,9641128,9641125,9641112,9641125
9646347,9641112,9641128,9641125,9641112,9641126
9646347,9641112,9641128,9641125,9641129,9641128
9646347,9641112,9641128,9641125,9641129,9665106
9646347,9641112,9641128,9641125,9641129,9641112
9646347,9641112,9641128,9641125,9641129,9641129
9646347,9641112,9641128,9641125,9641129,9641125
9646347,9641112,9641128,9641125,9641129,9641126
9646347,9641112,9641128,9641125,9641125,9641128
9646347,9641112,9641128,9641125,9641125,9665106
9646347,9641112,9641128,9641125,9641125,9641112
9646347,9641112,9641128,9641125,9641125,9641129
9646347,9641112,9641128,9641125,9641125,9641125
9646347,9641112,9641128,9641125,9641125,9641126
9646347,9641112,9641128,9641125,9641126,9641128
9646347,9641112,9641128,9641125,9641126,9665106
9646347,9641112,9641128,9641125,9641126,9641112
9646347,9641112,9641128,9641125,9641126,9641129
9646347,9641112,9641128,9641125,9641126,9641125
9646347,9641112,9641128,9641125,9641126,9641126
9646347,9641112,9641128,9641126,9641128,9641128
9646347,9641112,9641128,9641126,9641128,9665106
9646347,9641112,9641128,9641126,9641128,9641112
9646347,9641112,9641128,9641126,9641128,9641129
9646347,9641112,9641128,9641126,9641128,9641125
9646347,9641112,9641128,9641126,9641128,9641126
9646347,9641112,9641128,9641126,9665106,9641128
9646347,9641112,9641128,9641126,9665106,9665106
9646347,9641112,9641128,9641126,9665106,9641112
9646347,9641112,9641128,9641126,9665106,9641129
9646347,9641112,9641128,9641126,9665106,9641125
9646347,9641112,9641128,9641126,9665106,9641126
9646347,9641112,9641128,9641126,9641112,9641128
9646347,9641112,9641128,9641126,9641112,9665106
9646347,9641112,9641128,9641126,9641112,9641112
9646347,9641112,9641128,9641126,9641112,9641129
9646347,9641112,9641128,9641126,9641112,9641125
9646347,9641112,9641128,9641126,9641112,9641126
9646347,9641112,9641128,9641126,9641129,9641128
9646347,9641112,9641128,9641126,9641129,9665106
9646347,9641112,9641128,9641126,9641129,9641112
9646347,9641112,9641128,9641126,9641129,9641129
9646347,9641112,9641128,9641126,9641129,9641125
9646347,9641112,9641128,9641126,9641129,9641126
9646347,9641112,9641128,9641126,9641125,9641128
9646347,9641112,9641128,9641126,9641125,9665106
9646347,9641112,9641128,9641126,9641125,9641112
9646347,9641112,9641128,9641126,9641125,9641129
9646347,9641112,9641128,9641126,9641125,9641125
9646347,9641112,9641128,9641126,9641125,9641126
9646347,9641112,9641128,9641126,9641126,9641128
9646347,9641112,9641128,9641126,9641126,9665106
9646347,9641112,9641128,9641126,9641126,9641112
9646347,9641112,9641128,9641126,9641126,9641129
9646347,9641112,9641128,9641126,9641126,9641125
9646347,9641112,9641128,9641126,9641126,9641126
9646347,9641112,9665106,9641128,9641128,9641128
9646347,9641112,9665106,9641128,9641128,9665106
9646347,9641112,9665106,9641128,9641128,9641112
9646347,9641112,9665106,9641128,9641128,9641129
9646347,9641112,9665106,9641128,9641128,9641125
9646347,9641112,9665106,9641128,9641128,9641126
9646347,9641112,9665106,9641128,9665106,9641128
9646347,9641112,9665106,9641128,9665106,9665106
9646347,9641112,9665106,9641128,9665106,9641112
9646347,9641112,9665106,9641128,9665106,9641129
9646347,9641112,9665106,9641128,9665106,9641125
9646347,9641112,9665106,9641128,9665106,9641126
9646347,9641112,9665106,9641128,9641112,9641128
9646347,9641112,9665106,9641128,9641112,9665106
9646347,9641112,9665106,9641128,9641112,9641112
9646347,9641112,9665106,9641128,9641112,9641129
9646347,9641112,9665106,9641128,9641112,9641125
9646347,9641112,9665106,9641128,9641112,9641126
9646347,9641112,9665106,9641128,9641129,9641128
9646347,9641112,9665106,9641128,9641129,9665106
9646347,9641112,9665106,9641128,9641129,9641112
9646347,9641112,9665106,9641128,9641129,9641129
9646347,9641112,9665106,9641128,9641129,9641125
9646347,9641112,9665106,9641128,9641129,9641126
9646347,9641112,9665106,9641128,9641125,9641128
9646347,9641112,9665106,9641128,9641125,9665106
9646347,9641112,9665106,9641128,9641125,9641112
9646347,9641112,9665106,9641128,9641125,9641129
9646347,9641112,9665106,9641128,9641125,9641125
9646347,9641112,9665106,9641128,9641125,9641126
9646347,9641112,9665106,9641128,9641126,9641128
9646347,9641112,9665106,9641128,9641126,9665106
9646347,9641112,9665106,9641128,9641126,9641112
9646347,9641112,9665106,9641128,9641126,9641129
9646347,9641112,9665106,9641128,9641126,9641125
9646347,9641112,9665106,9641128,9641126,9641126
9646347,9641112,9665106,9665106,9641128,9641128
9646347,9641112,9665106,9665106,9641128,9665106
9646347,9641112,9665106,9665106,9641128,9641112
9646347,9641112,9665106,9665106,9641128,9641129
9646347,9641112,9665106,9665106,9641128,9641125
9646347,9641112,9665106,9665106,9641128,9641126
9646347,9641112,9665106,9665106,9665106,9641128
9646347,9641112,9665106,9665106,9665106,9665106
9646347,9641112,9665106,9665106,9665106,9641112
9646347,9641112,9665106,9665106,9665106,9641129
9646347,9641112,9665106,9665106,9665106,9641125
9646347,9641112,9665106,9665106,9665106,9641126
9646347,9641112,9665106,9665106,9641112,9641128
9646347,9641112,9665106,9665106,9641112,9665106
9646347,9641112,9665106,9665106,9641112,9641112
9646347,9641112,9665106,9665106,9641112,9641129
9646347,9641112,9665106,9665106,9641112,9641125
9646347,9641112,9665106,9665106,9641112,9641126
9646347,9641112,9665106,9665106,9641129,9641128
9646347,9641112,9665106,9665106,9641129,9665106
9646347,9641112,9665106,9665106,9641129,9641112
9646347,9641112,9665106,9665106,9641129,9641129
9646347,9641112,9665106,9665106,9641129,9641125
9646347,9641112,9665106,9665106,9641129,9641126
9646347,9641112,9665106,9665106,9641125,9641128
9646347,9641112,9665106,9665106,9641125,9665106
9646347,9641112,9665106,9665106,9641125,9641112
9646347,9641112,9665106,9665106,9641125,9641129
9646347,9641112,9665106,9665106,9641125,9641125
9646347,9641112,9665106,9665106,9641125,9641126
9646347,9641112,9665106,9665106,9641126,9641128
9646347,9641112,9665106,9665106,9641126,9665106
9646347,9641112,9665106,9665106,9641126,9641112
9646347,9641112,9665106,9665106,9641126,9641129
9646347,9641112,9665106,9665106,9641126,9641125
9646347,9641112,9665106,9665106,9641126,9641126
9646347,9641112,9665106,9641112,9641128,9641128
9646347,9641112,9665106,9641112,9641128,9665106
9646347,9641112,9665106,9641112,9641128,9641112
9646347,9641112,9665106,9641112,9641128,9641129
9646347,9641112,9665106,9641112,9641128,9641125
9646347,9641112,9665106,9641112,9641128,9641126
9646347,9641112,9665106,9641112,9665106,9641128
9646347,9641112,9665106,9641112,9665106,9665106
9646347,9641112,9665106,9641112,9665106,9641112
9646347,9641112,9665106,9641112,9665106,9641129
9646347,9641112,9665106,9641112,9665106,9641125
9646347,9641112,9665106,9641112,9665106,9641126
9646347,9641112,9665106,9641112,9641112,9641128
9646347,9641112,9665106,9641112,9641112,9665106
9646347,9641112,9665106,9641112,9641112,9641112
9646347,9641112,9665106,9641112,9641112,9641129
9646347,9641112,9665106,9641112,9641112,9641125
9646347,9641112,9665106,9641112,9641112,9641126
9646347,9641112,9665106,9641112,9641129,9641128
9646347,9641112,9665106,9641112,9641129,9665106
9646347,9641112,9665106,9641112,9641129,9641112
9646347,9641112,9665106,9641112,9641129,9641129
9646347,9641112,9665106,9641112,9641129,9641125
9646347,9641112,9665106,9641112,9641129,9641126
9646347,9641112,9665106,9641112,9641125,9641128
9646347,9641112,9665106,9641112,9641125,9665106
9646347,9641112,9665106,9641112,9641125,9641112
9646347,9641112,9665106,9641112,9641125,9641129
9646347,9641112,9665106,9641112,9641125,9641125
9646347,9641112,9665106,9641112,9641125,9641126
9646347,9641112,9665106,9641112,9641126,9641128
9646347,9641112,9665106,9641112,9641126,9665106
9646347,9641112,9665106,9641112,9641126,9641112
9646347,9641112,9665106,9641112,9641126,9641129
9646347,9641112,9665106,9641112,9641126,9641125
9646347,9641112,9665106,9641112,9641126,9641126
9646347,9641112,9665106,9641129,9641128,9641128
9646347,9641112,9665106,9641129,9641128,9665106
9646347,9641112,9665106,9641129,9641128,9641112
9646347,9641112,9665106,9641129,9641128,9641129
9646347,9641112,9665106,9641129,9641128,9641125
9646347,9641112,9665106,9641129,9641128,9641126
9646347,9641112,9665106,9641129,9665106,9641128
9646347,9641112,9665106,9641129,9665106,9665106
9646347,9641112,9665106,9641129,9665106,9641112
9646347,9641112,9665106,9641129,9665106,9641129
9646347,9641112,9665106,9641129,9665106,9641125
9646347,9641112,9665106,9641129,9665106,9641126
9646347,9641112,9665106,9641129,9641112,9641128
9646347,9641112,9665106,9641129,9641112,9665106
9646347,9641112,9665106,9641129,9641112,9641112
9646347,9641112,9665106,9641129,9641112,9641129
9646347,9641112,9665106,9641129,9641112,9641125
9646347,9641112,9665106,9641129,9641112,9641126
9646347,9641112,9665106,9641129,9641129,9641128
9646347,9641112,9665106,9641129,9641129,9665106
9646347,9641112,9665106,9641129,9641129,9641112
9646347,9641112,9665106,9641129,9641129,9641129
9646347,9641112,9665106,9641129,9641129,9641125
9646347,9641112,9665106,9641129,9641129,9641126
9646347,9641112,9665106,9641129,9641125,9641128
9646347,9641112,9665106,9641129,9641125,9665106
9646347,9641112,9665106,9641129,9641125,9641112
9646347,9641112,9665106,9641129,9641125,9641129
9646347,9641112,9665106,9641129,9641125,9641125
9646347,9641112,9665106,9641129,9641125,9641126
9646347,9641112,9665106,9641129,9641126,9641128
9646347,9641112,9665106,9641129,9641126,9665106
9646347,9641112,9665106,9641129,9641126,9641112
9646347,9641112,9665106,9641129,9641126,9641129
9646347,9641112,9665106,9641129,9641126,9641125
9646347,9641112,9665106,9641129,9641126,9641126
9646347,9641112,9665106,9641125,9641128,9641128
9646347,9641112,9665106,9641125,9641128,9665106
9646347,9641112,9665106,9641125,9641128,9641112
9646347,9641112,9665106,9641125,9641128,9641129
9646347,9641112,9665106,9641125,9641128,9641125
9646347,9641112,9665106,9641125,9641128,9641126
9646347,9641112,9665106,9641125,9665106,9641128
9646347,9641112,9665106,9641125,9665106,9665106
9646347,9641112,9665106,9641125,9665106,9641112
9646347,9641112,9665106,9641125,9665106,9641129
9646347,9641112,9665106,9641125,9665106,9641125
9646347,9641112,9665106,9641125,9665106,9641126
9646347,9641112,9665106,9641125,9641112,9641128
9646347,9641112,9665106,9641125,9641112,9665106
9646347,9641112,9665106,9641125,9641112,9641112
9646347,9641112,9665106,9641125,9641112,9641129
9646347,9641112,9665106,9641125,9641112,9641125
9646347,9641112,9665106,9641125,9641112,9641126
9646347,9641112,9665106,9641125,9641129,9641128
9646347,9641112,9665106,9641125,9641129,9665106
9646347,9641112,9665106,9641125,9641129,9641112
9646347,9641112,9665106,9641125,9641129,9641129
9646347,9641112,9665106,9641125,9641129,9641125
9646347,9641112,9665106,9641125,9641129,9641126
9646347,9641112,9665106,9641125,9641125,9641128
9646347,9641112,9665106,9641125,9641125,9665106
9646347,9641112,9665106,9641125,9641125,9641112
9646347,9641112,9665106,9641125,9641125,9641129
9646347,9641112,9665106,9641125,9641125,9641125
9646347,9641112,9665106,9641125,9641125,9641126
9646347,9641112,9665106,9641125,9641126,9641128
9646347,9641112,9665106,9641125,9641126,9665106
9646347,9641112,9665106,9641125,9641126,9641112
9646347,9641112,9665106,9641125,9641126,9641129
9646347,9641112,9665106,9641125,9641126,9641125
9646347,9641112,9665106,9641125,9641126,9641126
9646347,9641112,9665106,9641126,9641128,9641128
9646347,9641112,9665106,9641126,9641128,9665106
9646347,9641112,9665106,9641126,9641128,9641112
9646347,9641112,9665106,9641126,9641128,9641129
9646347,9641112,9665106,9641126,9641128,9641125
9646347,9641112,9665106,9641126,9641128,9641126
9646347,9641112,9665106,9641126,9665106,9641128
9646347,9641112,9665106,9641126,9665106,9665106
9646347,9641112,9665106,9641126,9665106,9641112
9646347,9641112,9665106,9641126,9665106,9641129
9646347,9641112,9665106,9641126,9665106,9641125
9646347,9641112,9665106,9641126,9665106,9641126
9646347,9641112,9665106,9641126,9641112,9641128
9646347,9641112,9665106,9641126,9641112,9665106
9646347,9641112,9665106,9641126,9641112,9641112
9646347,9641112,9665106,9641126,9641112,9641129
9646347,9641112,9665106,9641126,9641112,9641125
9646347,9641112,9665106,9641126,9641112,9641126
9646347,9641112,9665106,9641126,9641129,9641128
9646347,9641112,9665106,9641126,9641129,9665106
9646347,9641112,9665106,9641126,9641129,9641112
9646347,9641112,9665106,9641126,9641129,9641129
9646347,9641112,9665106,9641126,9641129,9641125
9646347,9641112,9665106,9641126,9641129,9641126
9646347,9641112,9665106,9641126,9641125,9641128
9646347,9641112,9665106,9641126,9641125,9665106
9646347,9641112,9665106,9641126,9641125,9641112
9646347,9641112,9665106,9641126,9641125,9641129
9646347,9641112,9665106,9641126,9641125,9641125
9646347,9641112,9665106,9641126,9641125,9641126
9646347,9641112,9665106,9641126,9641126,9641128
9646347,9641112,9665106,9641126,9641126,9665106
9646347,9641112,9665106,9641126,9641126,9641112
9646347,9641112,9665106,9641126,9641126,9641129
9646347,9641112,9665106,9641126,9641126,9641125
9646347,9641112,9665106,9641126,9641126,9641126
9646347,9641112,9641112,9641128,9641128,9641128
9646347,9641112,9641112,9641128,9641128,9665106
9646347,9641112,9641112,9641128,9641128,9641112
9646347,9641112,9641112,9641128,9641128,9641129
9646347,9641112,9641112,9641128,9641128,9641125
9646347,9641112,9641112,9641128,9641128,9641126
9646347,9641112,9641112,9641128,9665106,9641128
9646347,9641112,9641112,9641128,9665106,9665106
9646347,9641112,9641112,9641128,9665106,9641112
9646347,9641112,9641112,9641128,9665106,9641129
9646347,9641112,9641112,9641128,9665106,9641125
9646347,9641112,9641112,9641128,9665106,9641126
9646347,9641112,9641112,9641128,9641112,9641128
9646347,9641112,9641112,9641128,9641112,9665106
9646347,9641112,9641112,9641128,9641112,9641112
9646347,9641112,9641112,9641128,9641112,9641129
9646347,9641112,9641112,9641128,9641112,9641125
9646347,9641112,9641112,9641128,9641112,9641126
9646347,9641112,9641112,9641128,9641129,9641128
9646347,9641112,9641112,9641128,9641129,9665106
9646347,9641112,9641112,9641128,9641129,9641112
9646347,9641112,9641112,9641128,9641129,9641129
9646347,9641112,9641112,9641128,9641129,9641125
9646347,9641112,9641112,9641128,9641129,9641126
9646347,9641112,9641112,9641128,9641125,9641128
9646347,9641112,9641112,9641128,9641125,9665106
9646347,9641112,9641112,9641128,9641125,9641112
9646347,9641112,9641112,9641128,9641125,9641129
9646347,9641112,9641112,9641128,9641125,9641125
9646347,9641112,9641112,9641128,9641125,9641126
9646347,9641112,9641112,9641128,9641126,9641128
9646347,9641112,9641112,9641128,9641126,9665106
9646347,9641112,9641112,9641128,9641126,9641112
9646347,9641112,9641112,9641128,9641126,9641129
9646347,9641112,9641112,9641128,9641126,9641125
9646347,9641112,9641112,9641128,9641126,9641126
9646347,9641112,9641112,9665106,9641128,9641128
9646347,9641112,9641112,9665106,9641128,9665106
9646347,9641112,9641112,9665106,9641128,9641112
9646347,9641112,9641112,9665106,9641128,9641129
9646347,9641112,9641112,9665106,9641128,9641125
9646347,9641112,9641112,9665106,9641128,9641126
9646347,9641112,9641112,9665106,9665106,9641128
9646347,9641112,9641112,9665106,9665106,9665106
9646347,9641112,9641112,9665106,9665106,9641112
9646347,9641112,9641112,9665106,9665106,9641129
9646347,9641112,9641112,9665106,9665106,9641125
9646347,9641112,9641112,9665106,9665106,9641126
9646347,9641112,9641112,9665106,9641112,9641128
9646347,9641112,9641112,9665106,9641112,9665106
9646347,9641112,9641112,9665106,9641112,9641112
9646347,9641112,9641112,9665106,9641112,9641129
9646347,9641112,9641112,9665106,9641112,9641125
9646347,9641112,9641112,9665106,9641112,9641126
9646347,9641112,9641112,9665106,9641129,9641128
9646347,9641112,9641112,9665106,9641129,9665106
9646347,9641112,9641112,9665106,9641129,9641112
9646347,9641112,9641112,9665106,9641129,9641129
9646347,9641112,9641112,9665106,9641129,9641125
9646347,9641112,9641112,9665106,9641129,9641126
9646347,9641112,9641112,9665106,9641125,9641128
9646347,9641112,9641112,9665106,9641125,9665106
9646347,9641112,9641112,9665106,9641125,9641112
9646347,9641112,9641112,9665106,9641125,9641129
9646347,9641112,9641112,9665106,9641125,9641125
9646347,9641112,9641112,9665106,9641125,9641126
9646347,9641112,9641112,9665106,9641126,9641128
9646347,9641112,9641112,9665106,9641126,9665106
9646347,9641112,9641112,9665106,9641126,9641112
9646347,9641112,9641112,9665106,9641126,9641129
9646347,9641112,9641112,9665106,9641126,9641125
9646347,9641112,9641112,9665106,9641126,9641126
9646347,9641112,9641112,9641112,9641128,9641128
9646347,9641112,9641112,9641112,9641128,9665106
9646347,9641112,9641112,9641112,9641128,9641112
9646347,9641112,9641112,9641112,9641128,9641129
9646347,9641112,9641112,9641112,9641128,9641125
9646347,9641112,9641112,9641112,9641128,9641126
9646347,9641112,9641112,9641112,9665106,9641128
9646347,9641112,9641112,9641112,9665106,9665106
9646347,9641112,9641112,9641112,9665106,9641112
9646347,9641112,9641112,9641112,9665106,9641129
9646347,9641112,9641112,9641112,9665106,9641125
9646347,9641112,9641112,9641112,9665106,9641126
9646347,9641112,9641112,9641112,9641112,9641128
9646347,9641112,9641112,9641112,9641112,9665106
9646347,9641112,9641112,9641112,9641112,9641112
9646347,9641112,9641112,9641112,9641112,9641129
9646347,9641112,9641112,9641112,9641112,9641125
9646347,9641112,9641112,9641112,9641112,9641126
9646347,9641112,9641112,9641112,9641129,9641128
9646347,9641112,9641112,9641112,9641129,9665106
9646347,9641112,9641112,9641112,9641129,9641112
9646347,9641112,9641112,9641112,9641129,9641129
9646347,9641112,9641112,9641112,9641129,9641125
9646347,9641112,9641112,9641112,9641129,9641126
9646347,9641112,9641112,9641112,9641125,9641128
9646347,9641112,9641112,9641112,9641125,9665106
9646347,9641112,9641112,9641112,9641125,9641112
9646347,9641112,9641112,9641112,9641125,9641129
9646347,9641112,9641112,9641112,9641125,9641125
9646347,9641112,9641112,9641112,9641125,9641126
9646347,9641112,9641112,9641112,9641126,9641128
9646347,9641112,9641112,9641112,9641126,9665106
9646347,9641112,9641112,9641112,9641126,9641112
9646347,9641112,9641112,9641112,9641126,9641129
9646347,9641112,9641112,9641112,9641126,9641125
9646347,9641112,9641112,9641112,9641126,9641126
9646347,9641112,9641112,9641129,9641128,9641128
9646347,9641112,9641112,9641129,9641128,9665106
9646347,9641112,9641112,9641129,9641128,9641112
9646347,9641112,9641112,9641129,9641128,9641129
9646347,9641112,9641112,9641129,9641128,9641125
9646347,9641112,9641112,9641129,9641128,9641126
9646347,9641112,9641112,9641129,9665106,9641128
9646347,9641112,9641112,9641129,9665106,9665106
9646347,9641112,9641112,9641129,9665106,9641112
9646347,9641112,9641112,9641129,9665106,9641129
9646347,9641112,9641112,9641129,9665106,9641125
9646347,9641112,9641112,9641129,9665106,9641126
9646347,9641112,9641112,9641129,9641112,9641128
9646347,9641112,9641112,9641129,9641112,9665106
9646347,9641112,9641112,9641129,9641112,9641112
9646347,9641112,9641112,9641129,9641112,9641129
9646347,9641112,9641112,9641129,9641112,9641125
9646347,9641112,9641112,9641129,9641112,9641126
9646347,9641112,9641112,9641129,9641129,9641128
9646347,9641112,9641112,9641129,9641129,9665106
9646347,9641112,9641112,9641129,9641129,9641112
9646347,9641112,9641112,9641129,9641129,9641129
9646347,9641112,9641112,9641129,9641129,9641125
9646347,9641112,9641112,9641129,9641129,9641126
9646347,9641112,9641112,9641129,9641125,9641128
9646347,9641112,9641112,9641129,9641125,9665106
9646347,9641112,9641112,9641129,9641125,9641112
9646347,9641112,9641112,9641129,9641125,9641129
9646347,9641112,9641112,9641129,9641125,9641125
9646347,9641112,9641112,9641129,9641125,9641126
9646347,9641112,9641112,9641129,9641126,9641128
9646347,9641112,9641112,9641129,9641126,9665106
9646347,9641112,9641112,9641129,9641126,9641112
9646347,9641112,9641112,9641129,9641126,9641129
9646347,9641112,9641112,9641129,9641126,9641125
9646347,9641112,9641112,9641129,9641126,9641126
9646347,9641112,9641112,9641125,9641128,9641128
9646347,9641112,9641112,9641125,9641128,9665106
9646347,9641112,9641112,9641125,9641128,9641112
9646347,9641112,9641112,9641125,9641128,9641129
9646347,9641112,9641112,9641125,9641128,9641125
9646347,9641112,9641112,9641125,9641128,9641126
9646347,9641112,9641112,9641125,9665106,9641128
9646347,9641112,9641112,9641125,9665106,9665106
9646347,9641112,9641112,9641125,9665106,9641112
9646347,9641112,9641112,9641125,9665106,9641129
9646347,9641112,9641112,9641125,9665106,9641125
9646347,9641112,9641112,9641125,9665106,9641126
9646347,9641112,9641112,9641125,9641112,9641128
9646347,9641112,9641112,9641125,9641112,9665106
9646347,9641112,9641112,9641125,9641112,9641112
9646347,9641112,9641112,9641125,9641112,9641129
9646347,9641112,9641112,9641125,9641112,9641125
9646347,9641112,9641112,9641125,9641112,9641126
9646347,9641112,9641112,9641125,9641129,9641128
9646347,9641112,9641112,9641125,9641129,9665106
9646347,9641112,9641112,9641125,9641129,9641112
9646347,9641112,9641112,9641125,9641129,9641129
9646347,9641112,9641112,9641125,9641129,9641125
9646347,9641112,9641112,9641125,9641129,9641126
9646347,9641112,9641112,9641125,9641125,9641128
9646347,9641112,9641112,9641125,9641125,9665106
9646347,9641112,9641112,9641125,9641125,9641112
9646347,9641112,9641112,9641125,9641125,9641129
9646347,9641112,9641112,9641125,9641125,9641125
9646347,9641112,9641112,9641125,9641125,9641126
9646347,9641112,9641112,9641125,9641126,9641128
9646347,9641112,9641112,9641125,9641126,9665106
9646347,9641112,9641112,9641125,9641126,9641112
9646347,9641112,9641112,9641125,9641126,9641129
9646347,9641112,9641112,9641125,9641126,9641125
9646347,9641112,9641112,9641125,9641126,9641126
9646347,9641112,9641112,9641126,9641128,9641128
9646347,9641112,9641112,9641126,9641128,9665106
9646347,9641112,9641112,9641126,9641128,9641112
9646347,9641112,9641112,9641126,9641128,9641129
9646347,9641112,9641112,9641126,9641128,9641125
9646347,9641112,9641112,9641126,9641128,9641126
9646347,9641112,9641112,9641126,9665106,9641128
9646347,9641112,9641112,9641126,9665106,9665106
9646347,9641112,9641112,9641126,9665106,9641112
9646347,9641112,9641112,9641126,9665106,9641129
9646347,9641112,9641112,9641126,9665106,9641125
9646347,9641112,9641112,9641126,9665106,9641126
9646347,9641112,9641112,9641126,9641112,9641128
9646347,9641112,9641112,9641126,9641112,9665106
9646347,9641112,9641112,9641126,9641112,9641112
9646347,9641112,9641112,9641126,9641112,9641129
9646347,9641112,9641112,9641126,9641112,9641125
9646347,9641112,9641112,9641126,9641112,9641126
9646347,9641112,9641112,9641126,9641129,9641128
9646347,9641112,9641112,9641126,9641129,9665106
9646347,9641112,9641112,9641126,9641129,9641112
9646347,9641112,9641112,9641126,9641129,9641129
9646347,9641112,9641112,9641126,9641129,9641125
9646347,9641112,9641112,9641126,9641129,9641126
9646347,9641112,9641112,9641126,9641125,9641128
9646347,9641112,9641112,9641126,9641125,9665106
9646347,9641112,9641112,9641126,9641125,9641112
9646347,9641112,9641112,9641126,9641125,9641129
9646347,9641112,9641112,9641126,9641125,9641125
9646347,9641112,9641112,9641126,9641125,9641126
9646347,9641112,9641112,9641126,9641126,9641128
9646347,9641112,9641112,9641126,9641126,9665106
9646347,9641112,9641112,9641126,9641126,9641112
9646347,9641112,9641112,9641126,9641126,9641129
9646347,9641112,9641112,9641126,9641126,9641125
9646347,9641112,9641112,9641126,9641126,9641126
9646347,9641112,9641129,9641128,9641128,9641128
9646347,9641112,9641129,9641128,9641128,9665106
9646347,9641112,9641129,9641128,9641128,9641112
9646347,9641112,9641129,9641128,9641128,9641129
9646347,9641112,9641129,9641128,9641128,9641125
9646347,9641112,9641129,9641128,9641128,9641126
9646347,9641112,9641129,9641128,9665106,9641128
9646347,9641112,9641129,9641128,9665106,9665106
9646347,9641112,9641129,9641128,9665106,9641112
9646347,9641112,9641129,9641128,9665106,9641129
9646347,9641112,9641129,9641128,9665106,9641125
9646347,9641112,9641129,9641128,9665106,9641126
9646347,9641112,9641129,9641128,9641112,9641128
9646347,9641112,9641129,9641128,9641112,9665106
9646347,9641112,9641129,9641128,9641112,9641112
9646347,9641112,9641129,9641128,9641112,9641129
9646347,9641112,9641129,9641128,9641112,9641125
9646347,9641112,9641129,9641128,9641112,9641126
9646347,9641112,9641129,9641128,9641129,9641128
9646347,9641112,9641129,9641128,9641129,9665106
9646347,9641112,9641129,9641128,9641129,9641112
9646347,9641112,9641129,9641128,9641129,9641129
9646347,9641112,9641129,9641128,9641129,9641125
9646347,9641112,9641129,9641128,9641129,9641126
9646347,9641112,9641129,9641128,9641125,9641128
9646347,9641112,9641129,9641128,9641125,9665106
9646347,9641112,9641129,9641128,9641125,9641112
9646347,9641112,9641129,9641128,9641125,9641129
9646347,9641112,9641129,9641128,9641125,9641125
9646347,9641112,9641129,9641128,9641125,9641126
9646347,9641112,9641129,9641128,9641126,9641128
9646347,9641112,9641129,9641128,9641126,9665106
9646347,9641112,9641129,9641128,9641126,9641112
9646347,9641112,9641129,9641128,9641126,9641129
9646347,9641112,9641129,9641128,9641126,9641125
9646347,9641112,9641129,9641128,9641126,9641126
9646347,9641112,9641129,9665106,9641128,9641128
9646347,9641112,9641129,9665106,9641128,9665106
9646347,9641112,9641129,9665106,9641128,9641112
9646347,9641112,9641129,9665106,9641128,9641129
9646347,9641112,9641129,9665106,9641128,9641125
9646347,9641112,9641129,9665106,9641128,9641126
9646347,9641112,9641129,9665106,9665106,9641128
9646347,9641112,9641129,9665106,9665106,9665106
9646347,9641112,9641129,9665106,9665106,9641112
9646347,9641112,9641129,9665106,9665106,9641129
9646347,9641112,9641129,9665106,9665106,9641125
9646347,9641112,9641129,9665106,9665106,9641126
9646347,9641112,9641129,9665106,9641112,9641128
9646347,9641112,9641129,9665106,9641112,9665106
9646347,9641112,9641129,9665106,9641112,9641112
9646347,9641112,9641129,9665106,9641112,9641129
9646347,9641112,9641129,9665106,9641112,9641125
9646347,9641112,9641129,9665106,9641112,9641126
9646347,9641112,9641129,9665106,9641129,9641128
9646347,9641112,9641129,9665106,9641129,9665106
9646347,9641112,9641129,9665106,9641129,9641112
9646347,9641112,9641129,9665106,9641129,9641129
9646347,9641112,9641129,9665106,9641129,9641125
9646347,9641112,9641129,9665106,9641129,9641126
9646347,9641112,9641129,9665106,9641125,9641128
9646347,9641112,9641129,9665106,9641125,9665106
9646347,9641112,9641129,9665106,9641125,9641112
9646347,9641112,9641129,9665106,9641125,9641129
9646347,9641112,9641129,9665106,9641125,9641125
9646347,9641112,9641129,9665106,9641125,9641126
9646347,9641112,9641129,9665106,9641126,9641128
9646347,9641112,9641129,9665106,9641126,9665106
9646347,9641112,9641129,9665106,9641126,9641112
9646347,9641112,9641129,9665106,9641126,9641129
9646347,9641112,9641129,9665106,9641126,9641125
9646347,9641112,9641129,9665106,9641126,9641126
9646347,9641112,9641129,9641112,9641128,9641128
9646347,9641112,9641129,9641112,9641128,9665106
9646347,9641112,9641129,9641112,9641128,9641112
9646347,9641112,9641129,9641112,9641128,9641129
9646347,9641112,9641129,9641112,9641128,9641125
9646347,9641112,9641129,9641112,9641128,9641126
9646347,9641112,9641129,9641112,9665106,9641128
9646347,9641112,9641129,9641112,9665106,9665106
9646347,9641112,9641129,9641112,9665106,9641112
9646347,9641112,9641129,9641112,9665106,9641129
9646347,9641112,9641129,9641112,9665106,9641125
9646347,9641112,9641129,9641112,9665106,9641126
9646347,9641112,9641129,9641112,9641112,9641128
9646347,9641112,9641129,9641112,9641112,9665106
9646347,9641112,9641129,9641112,9641112,9641112
9646347,9641112,9641129,9641112,9641112,9641129
9646347,9641112,9641129,9641112,9641112,9641125
9646347,9641112,9641129,9641112,9641112,9641126
9646347,9641112,9641129,9641112,9641129,9641128
9646347,9641112,9641129,9641112,9641129,9665106
9646347,9641112,9641129,9641112,9641129,9641112
9646347,9641112,9641129,9641112,9641129,9641129
9646347,9641112,9641129,9641112,9641129,9641125
9646347,9641112,9641129,9641112,9641129,9641126
9646347,9641112,9641129,9641112,9641125,9641128
9646347,9641112,9641129,9641112,9641125,9665106
9646347,9641112,9641129,9641112,9641125,9641112
9646347,9641112,9641129,9641112,9641125,9641129
9646347,9641112,9641129,9641112,9641125,9641125
9646347,9641112,9641129,9641112,9641125,9641126
9646347,9641112,9641129,9641112,9641126,9641128
9646347,9641112,9641129,9641112,9641126,9665106
9646347,9641112,9641129,9641112,9641126,9641112
9646347,9641112,9641129,9641112,9641126,9641129
9646347,9641112,9641129,9641112,9641126,9641125
9646347,9641112,9641129,9641112,9641126,9641126
9646347,9641112,9641129,9641129,9641128,9641128
9646347,9641112,9641129,9641129,9641128,9665106
9646347,9641112,9641129,9641129,9641128,9641112
9646347,9641112,9641129,9641129,9641128,9641129
9646347,9641112,9641129,9641129,9641128,9641125
9646347,9641112,9641129,9641129,9641128,9641126
9646347,9641112,9641129,9641129,9665106,9641128
9646347,9641112,9641129,9641129,9665106,9665106
9646347,9641112,9641129,9641129,9665106,9641112
9646347,9641112,9641129,9641129,9665106,9641129
9646347,9641112,9641129,9641129,9665106,9641125
9646347,9641112,9641129,9641129,9665106,9641126
9646347,9641112,9641129,9641129,9641112,9641128
9646347,9641112,9641129,9641129,9641112,9665106
9646347,9641112,9641129,9641129,9641112,9641112
9646347,9641112,9641129,9641129,9641112,9641129
9646347,9641112,9641129,9641129,9641112,9641125
9646347,9641112,9641129,9641129,9641112,9641126
9646347,9641112,9641129,9641129,9641129,9641128
9646347,9641112,9641129,9641129,9641129,9665106
9646347,9641112,9641129,9641129,9641129,9641112
9646347,9641112,9641129,9641129,9641129,9641129
9646347,9641112,9641129,9641129,9641129,9641125
9646347,9641112,9641129,9641129,9641129,9641126
9646347,9641112,9641129,9641129,9641125,9641128
9646347,9641112,9641129,9641129,9641125,9665106
9646347,9641112,9641129,9641129,9641125,9641112
9646347,9641112,9641129,9641129,9641125,9641129
9646347,9641112,9641129,9641129,9641125,9641125
9646347,9641112,9641129,9641129,9641125,9641126
9646347,9641112,9641129,9641129,9641126,9641128
9646347,9641112,9641129,9641129,9641126,9665106
9646347,9641112,9641129,9641129,9641126,9641112
9646347,9641112,9641129,9641129,9641126,9641129
9646347,9641112,9641129,9641129,9641126,9641125
9646347,9641112,9641129,9641129,9641126,9641126
9646347,9641112,9641129,9641125,9641128,9641128
9646347,9641112,9641129,9641125,9641128,9665106
9646347,9641112,9641129,9641125,9641128,9641112
9646347,9641112,9641129,9641125,9641128,9641129
9646347,9641112,9641129,9641125,9641128,9641125
9646347,9641112,9641129,9641125,9641128,9641126
9646347,9641112,9641129,9641125,9665106,9641128
9646347,9641112,9641129,9641125,9665106,9665106
9646347,9641112,9641129,9641125,9665106,9641112
9646347,9641112,9641129,9641125,9665106,9641129
9646347,9641112,9641129,9641125,9665106,9641125
9646347,9641112,9641129,9641125,9665106,9641126
9646347,9641112,9641129,9641125,9641112,9641128
9646347,9641112,9641129,9641125,9641112,9665106
9646347,9641112,9641129,9641125,9641112,9641112
9646347,9641112,9641129,9641125,9641112,9641129
9646347,9641112,9641129,9641125,9641112,9641125
9646347,9641112,9641129,9641125,9641112,9641126
9646347,9641112,9641129,9641125,9641129,9641128
9646347,9641112,9641129,9641125,9641129,9665106
9646347,9641112,9641129,9641125,9641129,9641112
9646347,9641112,9641129,9641125,9641129,9641129
9646347,9641112,9641129,9641125,9641129,9641125
9646347,9641112,9641129,9641125,9641129,9641126
9646347,9641112,9641129,9641125,9641125,9641128
9646347,9641112,9641129,9641125,9641125,9665106
9646347,9641112,9641129,9641125,9641125,9641112
9646347,9641112,9641129,9641125,9641125,9641129
9646347,9641112,9641129,9641125,9641125,9641125
9646347,9641112,9641129,9641125,9641125,9641126
9646347,9641112,9641129,9641125,9641126,9641128
9646347,9641112,9641129,9641125,9641126,9665106
9646347,9641112,9641129,9641125,9641126,9641112
9646347,9641112,9641129,9641125,9641126,9641129
9646347,9641112,9641129,9641125,9641126,9641125
9646347,9641112,9641129,9641125,9641126,9641126
9646347,9641112,9641129,9641126,9641128,9641128
9646347,9641112,9641129,9641126,9641128,9665106
9646347,9641112,9641129,9641126,9641128,9641112
9646347,9641112,9641129,9641126,9641128,9641129
9646347,9641112,9641129,9641126,9641128,9641125
9646347,9641112,9641129,9641126,9641128,9641126
9646347,9641112,9641129,9641126,9665106,9641128
9646347,9641112,9641129,9641126,9665106,9665106
9646347,9641112,9641129,9641126,9665106,9641112
9646347,9641112,9641129,9641126,9665106,9641129
9646347,9641112,9641129,9641126,9665106,9641125
9646347,9641112,9641129,9641126,9665106,9641126
9646347,9641112,9641129,9641126,9641112,9641128
9646347,9641112,9641129,9641126,9641112,9665106
9646347,9641112,9641129,9641126,9641112,9641112
9646347,9641112,9641129,9641126,9641112,9641129
9646347,9641112,9641129,9641126,9641112,9641125
9646347,9641112,9641129,9641126,9641112,9641126
9646347,9641112,9641129,9641126,9641129,9641128
9646347,9641112,9641129,9641126,9641129,9665106
9646347,9641112,9641129,9641126,9641129,9641112
9646347,9641112,9641129,9641126,9641129,9641129
9646347,9641112,9641129,9641126,9641129,9641125
9646347,9641112,9641129,9641126,9641129,9641126
9646347,9641112,9641129,9641126,9641125,9641128
9646347,9641112,9641129,9641126,9641125,9665106
9646347,9641112,9641129,9641126,9641125,9641112
9646347,9641112,9641129,9641126,9641125,9641129
9646347,9641112,9641129,9641126,9641125,9641125
9646347,9641112,9641129,9641126,9641125,9641126
9646347,9641112,9641129,9641126,9641126,9641128
9646347,9641112,9641129,9641126,9641126,9665106
9646347,9641112,9641129,9641126,9641126,9641112
9646347,9641112,9641129,9641126,9641126,9641129
9646347,9641112,9641129,9641126,9641126,9641125
9646347,9641112,9641129,9641126,9641126,9641126
9646347,9641112,9641125,9641128,9641128,9641128
9646347,9641112,9641125,9641128,9641128,9665106
9646347,9641112,9641125,9641128,9641128,9641112
9646347,9641112,9641125,9641128,9641128,9641129
9646347,9641112,9641125,9641128,9641128,9641125
9646347,9641112,9641125,9641128,9641128,9641126
9646347,9641112,9641125,9641128,9665106,9641128
9646347,9641112,9641125,9641128,9665106,9665106
9646347,9641112,9641125,9641128,9665106,9641112
9646347,9641112,9641125,9641128,9665106,9641129
9646347,9641112,9641125,9641128,9665106,9641125
9646347,9641112,9641125,9641128,9665106,9641126
9646347,9641112,9641125,9641128,9641112,9641128
9646347,9641112,9641125,9641128,9641112,9665106
9646347,9641112,9641125,9641128,9641112,9641112
9646347,9641112,9641125,9641128,9641112,9641129
9646347,9641112,9641125,9641128,9641112,9641125
9646347,9641112,9641125,9641128,9641112,9641126
9646347,9641112,9641125,9641128,9641129,9641128
9646347,9641112,9641125,9641128,9641129,9665106
9646347,9641112,9641125,9641128,9641129,9641112
9646347,9641112,9641125,9641128,9641129,9641129
9646347,9641112,9641125,9641128,9641129,9641125
9646347,9641112,9641125,9641128,9641129,9641126
9646347,9641112,9641125,9641128,9641125,9641128
9646347,9641112,9641125,9641128,9641125,9665106
9646347,9641112,9641125,9641128,9641125,9641112
9646347,9641112,9641125,9641128,9641125,9641129
9646347,9641112,9641125,9641128,9641125,9641125
9646347,9641112,9641125,9641128,9641125,9641126
9646347,9641112,9641125,9641128,9641126,9641128
9646347,9641112,9641125,9641128,9641126,9665106
9646347,9641112,9641125,9641128,9641126,9641112
9646347,9641112,9641125,9641128,9641126,9641129
9646347,9641112,9641125,9641128,9641126,9641125
9646347,9641112,9641125,9641128,9641126,9641126
9646347,9641112,9641125,9665106,9641128,9641128
9646347,9641112,9641125,9665106,9641128,9665106
9646347,9641112,9641125,9665106,9641128,9641112
9646347,9641112,9641125,9665106,9641128,9641129
9646347,9641112,9641125,9665106,9641128,9641125
9646347,9641112,9641125,9665106,9641128,9641126
9646347,9641112,9641125,9665106,9665106,9641128
9646347,9641112,9641125,9665106,9665106,9665106
9646347,9641112,9641125,9665106,9665106,9641112
9646347,9641112,9641125,9665106,9665106,9641129
9646347,9641112,9641125,9665106,9665106,9641125
9646347,9641112,9641125,9665106,9665106,9641126
9646347,9641112,9641125,9665106,9641112,9641128
9646347,9641112,9641125,9665106,9641112,9665106
9646347,9641112,9641125,9665106,9641112,9641112
9646347,9641112,9641125,9665106,9641112,9641129
9646347,9641112,9641125,9665106,9641112,9641125
9646347,9641112,9641125,9665106,9641112,9641126
9646347,9641112,9641125,9665106,9641129,9641128
9646347,9641112,9641125,9665106,9641129,9665106
9646347,9641112,9641125,9665106,9641129,9641112
9646347,9641112,9641125,9665106,9641129,9641129
9646347,9641112,9641125,9665106,9641129,9641125
9646347,9641112,9641125,9665106,9641129,9641126
9646347,9641112,9641125,9665106,9641125,9641128
9646347,9641112,9641125,9665106,9641125,9665106
9646347,9641112,9641125,9665106,9641125,9641112
9646347,9641112,9641125,9665106,9641125,9641129
9646347,9641112,9641125,9665106,9641125,9641125
9646347,9641112,9641125,9665106,9641125,9641126
9646347,9641112,9641125,9665106,9641126,9641128
9646347,9641112,9641125,9665106,9641126,9665106
9646347,9641112,9641125,9665106,9641126,9641112
9646347,9641112,9641125,9665106,9641126,9641129
9646347,9641112,9641125,9665106,9641126,9641125
9646347,9641112,9641125,9665106,9641126,9641126
9646347,9641112,9641125,9641112,9641128,9641128
9646347,9641112,9641125,9641112,9641128,9665106
9646347,9641112,9641125,9641112,9641128,9641112
9646347,9641112,9641125,9641112,9641128,9641129
9646347,9641112,9641125,9641112,9641128,9641125
9646347,9641112,9641125,9641112,9641128,9641126
9646347,9641112,9641125,9641112,9665106,9641128
9646347,9641112,9641125,9641112,9665106,9665106
9646347,9641112,9641125,9641112,9665106,9641112
9646347,9641112,9641125,9641112,9665106,9641129
9646347,9641112,9641125,9641112,9665106,9641125
9646347,9641112,9641125,9641112,9665106,9641126
9646347,9641112,9641125,9641112,9641112,9641128
9646347,9641112,9641125,9641112,9641112,9665106
9646347,9641112,9641125,9641112,9641112,9641112
9646347,9641112,9641125,9641112,9641112,9641129
9646347,9641112,9641125,9641112,9641112,9641125
9646347,9641112,9641125,9641112,9641112,9641126
9646347,9641112,9641125,9641112,9641129,9641128
9646347,9641112,9641125,9641112,9641129,9665106
9646347,9641112,9641125,9641112,9641129,9641112
9646347,9641112,9641125,9641112,9641129,9641129
9646347,9641112,9641125,9641112,9641129,9641125
9646347,9641112,9641125,9641112,9641129,9641126
9646347,9641112,9641125,9641112,9641125,9641128
9646347,9641112,9641125,9641112,9641125,9665106
9646347,9641112,9641125,9641112,9641125,9641112
9646347,9641112,9641125,9641112,9641125,9641129
9646347,9641112,9641125,9641112,9641125,9641125
9646347,9641112,9641125,9641112,9641125,9641126
9646347,9641112,9641125,9641112,9641126,9641128
9646347,9641112,9641125,9641112,9641126,9665106
9646347,9641112,9641125,9641112,9641126,9641112
9646347,9641112,9641125,9641112,9641126,9641129
9646347,9641112,9641125,9641112,9641126,9641125
9646347,9641112,9641125,9641112,9641126,9641126
9646347,9641112,9641125,9641129,9641128,9641128
9646347,9641112,9641125,9641129,9641128,9665106
9646347,9641112,9641125,9641129,9641128,9641112
9646347,9641112,9641125,9641129,9641128,9641129
9646347,9641112,9641125,9641129,9641128,9641125
9646347,9641112,9641125,9641129,9641128,9641126
9646347,9641112,9641125,9641129,9665106,9641128
9646347,9641112,9641125,9641129,9665106,9665106
9646347,9641112,9641125,9641129,9665106,9641112
9646347,9641112,9641125,9641129,9665106,9641129
9646347,9641112,9641125,9641129,9665106,9641125
9646347,9641112,9641125,9641129,9665106,9641126
9646347,9641112,9641125,9641129,9641112,9641128
9646347,9641112,9641125,9641129,9641112,9665106
9646347,9641112,9641125,9641129,9641112,9641112
9646347,9641112,9641125,9641129,9641112,9641129
9646347,9641112,9641125,9641129,9641112,9641125
9646347,9641112,9641125,9641129,9641112,9641126
9646347,9641112,9641125,9641129,9641129,9641128
9646347,9641112,9641125,9641129,9641129,9665106
9646347,9641112,9641125,9641129,9641129,9641112
9646347,9641112,9641125,9641129,9641129,9641129
9646347,9641112,9641125,9641129,9641129,9641125
9646347,9641112,9641125,9641129,9641129,9641126
9646347,9641112,9641125,9641129,9641125,9641128
9646347,9641112,9641125,9641129,9641125,9665106
9646347,9641112,9641125,9641129,9641125,9641112
9646347,9641112,9641125,9641129,9641125,9641129
9646347,9641112,9641125,9641129,9641125,9641125
9646347,9641112,9641125,9641129,9641125,9641126
9646347,9641112,9641125,9641129,9641126,9641128
9646347,9641112,9641125,9641129,9641126,9665106
9646347,9641112,9641125,9641129,9641126,9641112
9646347,9641112,9641125,9641129,9641126,9641129
9646347,9641112,9641125,9641129,9641126,9641125
9646347,9641112,9641125,9641129,9641126,9641126
9646347,9641112,9641125,9641125,9641128,9641128
9646347,9641112,9641125,9641125,9641128,9665106
9646347,9641112,9641125,9641125,9641128,9641112
9646347,9641112,9641125,9641125,9641128,9641129
9646347,9641112,9641125,9641125,9641128,9641125
9646347,9641112,9641125,9641125,9641128,9641126
9646347,9641112,9641125,9641125,9665106,9641128
9646347,9641112,9641125,9641125,9665106,9665106
9646347,9641112,9641125,9641125,9665106,9641112
9646347,9641112,9641125,9641125,9665106,9641129
9646347,9641112,9641125,9641125,9665106,9641125
9646347,9641112,9641125,9641125,9665106,9641126
9646347,9641112,9641125,9641125,9641112,9641128
9646347,9641112,9641125,9641125,9641112,9665106
9646347,9641112,9641125,9641125,9641112,9641112
9646347,9641112,9641125,9641125,9641112,9641129
9646347,9641112,9641125,9641125,9641112,9641125
9646347,9641112,9641125,9641125,9641112,9641126
9646347,9641112,9641125,9641125,9641129,9641128
9646347,9641112,9641125,9641125,9641129,9665106
9646347,9641112,9641125,9641125,9641129,9641112
9646347,9641112,9641125,9641125,9641129,9641129
9646347,9641112,9641125,9641125,9641129,9641125
9646347,9641112,9641125,9641125,9641129,9641126
9646347,9641112,9641125,9641125,9641125,9641128
9646347,9641112,9641125,9641125,9641125,9665106
9646347,9641112,9641125,9641125,9641125,9641112
9646347,9641112,9641125,9641125,9641125,9641129
9646347,9641112,9641125,9641125,9641125,9641125
9646347,9641112,9641125,9641125,9641125,9641126
9646347,9641112,9641125,9641125,9641126,9641128
9646347,9641112,9641125,9641125,9641126,9665106
9646347,9641112,9641125,9641125,9641126,9641112
9646347,9641112,9641125,9641125,9641126,9641129
9646347,9641112,9641125,9641125,9641126,9641125
9646347,9641112,9641125,9641125,9641126,9641126
9646347,9641112,9641125,9641126,9641128,9641128
9646347,9641112,9641125,9641126,9641128,9665106
9646347,9641112,9641125,9641126,9641128,9641112
9646347,9641112,9641125,9641126,9641128,9641129
9646347,9641112,9641125,9641126,9641128,9641125
9646347,9641112,9641125,9641126,9641128,9641126
9646347,9641112,9641125,9641126,9665106,9641128
9646347,9641112,9641125,9641126,9665106,9665106
9646347,9641112,9641125,9641126,9665106,9641112
9646347,9641112,9641125,9641126,9665106,9641129
9646347,9641112,9641125,9641126,9665106,9641125
9646347,9641112,9641125,9641126,9665106,9641126
9646347,9641112,9641125,9641126,9641112,9641128
9646347,9641112,9641125,9641126,9641112,9665106
9646347,9641112,9641125,9641126,9641112,9641112
9646347,9641112,9641125,9641126,9641112,9641129
9646347,9641112,9641125,9641126,9641112,9641125
9646347,9641112,9641125,9641126,9641112,9641126
9646347,9641112,9641125,9641126,9641129,9641128
9646347,9641112,9641125,9641126,9641129,9665106
9646347,9641112,9641125,9641126,9641129,9641112
9646347,9641112,9641125,9641126,9641129,9641129
9646347,9641112,9641125,9641126,9641129,9641125
9646347,9641112,9641125,9641126,9641129,9641126
9646347,9641112,9641125,9641126,9641125,9641128
9646347,9641112,9641125,9641126,9641125,9665106
9646347,9641112,9641125,9641126,9641125,9641112
9646347,9641112,9641125,9641126,9641125,9641129
9646347,9641112,9641125,9641126,9641125,9641125
9646347,9641112,9641125,9641126,9641125,9641126
9646347,9641112,9641125,9641126,9641126,9641128
9646347,9641112,9641125,9641126,9641126,9665106
9646347,9641112,9641125,9641126,9641126,9641112
9646347,9641112,9641125,9641126,9641126,9641129
9646347,9641112,9641125,9641126,9641126,9641125
9646347,9641112,9641125,9641126,9641126,9641126
9646347,9641112,9641126,9641128,9641128,9641128
9646347,9641112,9641126,9641128,9641128,9665106
9646347,9641112,9641126,9641128,9641128,9641112
9646347,9641112,9641126,9641128,9641128,9641129
9646347,9641112,9641126,9641128,9641128,9641125
9646347,9641112,9641126,9641128,9641128,9641126
9646347,9641112,9641126,9641128,9665106,9641128
9646347,9641112,9641126,9641128,9665106,9665106
9646347,9641112,9641126,9641128,9665106,9641112
9646347,9641112,9641126,9641128,9665106,9641129
9646347,9641112,9641126,9641128,9665106,9641125
9646347,9641112,9641126,9641128,9665106,9641126
9646347,9641112,9641126,9641128,9641112,9641128
9646347,9641112,9641126,9641128,9641112,9665106
9646347,9641112,9641126,9641128,9641112,9641112
9646347,9641112,9641126,9641128,9641112,9641129
9646347,9641112,9641126,9641128,9641112,9641125
9646347,9641112,9641126,9641128,9641112,9641126
9646347,9641112,9641126,9641128,9641129,9641128
9646347,9641112,9641126,9641128,9641129,9665106
9646347,9641112,9641126,9641128,9641129,9641112
9646347,9641112,9641126,9641128,9641129,9641129
9646347,9641112,9641126,9641128,9641129,9641125
9646347,9641112,9641126,9641128,9641129,9641126
9646347,9641112,9641126,9641128,9641125,9641128
9646347,9641112,9641126,9641128,9641125,9665106
9646347,9641112,9641126,9641128,9641125,9641112
9646347,9641112,9641126,9641128,9641125,9641129
9646347,9641112,9641126,9641128,9641125,9641125
9646347,9641112,9641126,9641128,9641125,9641126
9646347,9641112,9641126,9641128,9641126,9641128
9646347,9641112,9641126,9641128,9641126,9665106
9646347,9641112,9641126,9641128,9641126,9641112
9646347,9641112,9641126,9641128,9641126,9641129
9646347,9641112,9641126,9641128,9641126,9641125
9646347,9641112,9641126,9641128,9641126,9641126
9646347,9641112,9641126,9665106,9641128,9641128
9646347,9641112,9641126,9665106,9641128,9665106
9646347,9641112,9641126,9665106,9641128,9641112
9646347,9641112,9641126,9665106,9641128,9641129
9646347,9641112,9641126,9665106,9641128,9641125
9646347,9641112,9641126,9665106,9641128,9641126
9646347,9641112,9641126,9665106,9665106,9641128
9646347,9641112,9641126,9665106,9665106,9665106
9646347,9641112,9641126,9665106,9665106,9641112
9646347,9641112,9641126,9665106,9665106,9641129
9646347,9641112,9641126,9665106,9665106,9641125
9646347,9641112,9641126,9665106,9665106,9641126
9646347,9641112,9641126,9665106,9641112,9641128
9646347,9641112,9641126,9665106,9641112,9665106
9646347,9641112,9641126,9665106,9641112,9641112
9646347,9641112,9641126,9665106,9641112,9641129
9646347,9641112,9641126,9665106,9641112,9641125
9646347,9641112,9641126,9665106,9641112,9641126
9646347,9641112,9641126,9665106,9641129,9641128
9646347,9641112,9641126,9665106,9641129,9665106
9646347,9641112,9641126,9665106,9641129,9641112
9646347,9641112,9641126,9665106,9641129,9641129
9646347,9641112,9641126,9665106,9641129,9641125
9646347,9641112,9641126,9665106,9641129,9641126
9646347,9641112,9641126,9665106,9641125,9641128
9646347,9641112,9641126,9665106,9641125,9665106
9646347,9641112,9641126,9665106,9641125,9641112
9646347,9641112,9641126,9665106,9641125,9641129
9646347,9641112,9641126,9665106,9641125,9641125
9646347,9641112,9641126,9665106,9641125,9641126
9646347,9641112,9641126,9665106,9641126,9641128
9646347,9641112,9641126,9665106,9641126,9665106
9646347,9641112,9641126,9665106,9641126,9641112
9646347,9641112,9641126,9665106,9641126,9641129
9646347,9641112,9641126,9665106,9641126,9641125
9646347,9641112,9641126,9665106,9641126,9641126
9646347,9641112,9641126,9641112,9641128,9641128
9646347,9641112,9641126,9641112,9641128,9665106
9646347,9641112,9641126,9641112,9641128,9641112
9646347,9641112,9641126,9641112,9641128,9641129
9646347,9641112,9641126,9641112,9641128,9641125
9646347,9641112,9641126,9641112,9641128,9641126
9646347,9641112,9641126,9641112,9665106,9641128
9646347,9641112,9641126,9641112,9665106,9665106
9646347,9641112,9641126,9641112,9665106,9641112
9646347,9641112,9641126,9641112,9665106,9641129
9646347,9641112,9641126,9641112,9665106,9641125
9646347,9641112,9641126,9641112,9665106,9641126
9646347,9641112,9641126,9641112,9641112,9641128
9646347,9641112,9641126,9641112,9641112,9665106
9646347,9641112,9641126,9641112,9641112,9641112
9646347,9641112,9641126,9641112,9641112,9641129
9646347,9641112,9641126,9641112,9641112,9641125
9646347,9641112,9641126,9641112,9641112,9641126
9646347,9641112,9641126,9641112,9641129,9641128
9646347,9641112,9641126,9641112,9641129,9665106
9646347,9641112,9641126,9641112,9641129,9641112
9646347,9641112,9641126,9641112,9641129,9641129
9646347,9641112,9641126,9641112,9641129,9641125
9646347,9641112,9641126,9641112,9641129,9641126
9646347,9641112,9641126,9641112,9641125,9641128
9646347,9641112,9641126,9641112,9641125,9665106
9646347,9641112,9641126,9641112,9641125,9641112
9646347,9641112,9641126,9641112,9641125,9641129
9646347,9641112,9641126,9641112,9641125,9641125
9646347,9641112,9641126,9641112,9641125,9641126
9646347,9641112,9641126,9641112,9641126,9641128
9646347,9641112,9641126,9641112,9641126,9665106
9646347,9641112,9641126,9641112,9641126,9641112
9646347,9641112,9641126,9641112,9641126,9641129
9646347,9641112,9641126,9641112,9641126,9641125
9646347,9641112,9641126,9641112,9641126,9641126
9646347,9641112,9641126,9641129,9641128,9641128
9646347,9641112,9641126,9641129,9641128,9665106
9646347,9641112,9641126,9641129,9641128,9641112
9646347,9641112,9641126,9641129,9641128,9641129
9646347,9641112,9641126,9641129,9641128,9641125
9646347,9641112,9641126,9641129,9641128,9641126
9646347,9641112,9641126,9641129,9665106,9641128
9646347,9641112,9641126,9641129,9665106,9665106
9646347,9641112,9641126,9641129,9665106,9641112
9646347,9641112,9641126,9641129,9665106,9641129
9646347,9641112,9641126,9641129,9665106,9641125
9646347,9641112,9641126,9641129,9665106,9641126
9646347,9641112,9641126,9641129,9641112,9641128
9646347,9641112,9641126,9641129,9641112,9665106
9646347,9641112,9641126,9641129,9641112,9641112
9646347,9641112,9641126,9641129,9641112,9641129
9646347,9641112,9641126,9641129,9641112,9641125
9646347,9641112,9641126,9641129,9641112,9641126
9646347,9641112,9641126,9641129,9641129,9641128
9646347,9641112,9641126,9641129,9641129,9665106
9646347,9641112,9641126,9641129,9641129,9641112
9646347,9641112,9641126,9641129,9641129,9641129
9646347,9641112,9641126,9641129,9641129,9641125
9646347,9641112,9641126,9641129,9641129,9641126
9646347,9641112,9641126,9641129,9641125,9641128
9646347,9641112,9641126,9641129,9641125,9665106
9646347,9641112,9641126,9641129,9641125,9641112
9646347,9641112,9641126,9641129,9641125,9641129
9646347,9641112,9641126,9641129,9641125,9641125
9646347,9641112,9641126,9641129,9641125,9641126
9646347,9641112,9641126,9641129,9641126,9641128
9646347,9641112,9641126,9641129,9641126,9665106
9646347,9641112,9641126,9641129,9641126,9641112
9646347,9641112,9641126,9641129,9641126,9641129
9646347,9641112,9641126,9641129,9641126,9641125
9646347,9641112,9641126,9641129,9641126,9641126
9646347,9641112,9641126,9641125,9641128,9641128
9646347,9641112,9641126,9641125,9641128,9665106
9646347,9641112,9641126,9641125,9641128,9641112
9646347,9641112,9641126,9641125,9641128,9641129
9646347,9641112,9641126,9641125,9641128,9641125
9646347,9641112,9641126,9641125,9641128,9641126
9646347,9641112,9641126,9641125,9665106,9641128
9646347,9641112,9641126,9641125,9665106,9665106
9646347,9641112,9641126,9641125,9665106,9641112
9646347,9641112,9641126,9641125,9665106,9641129
9646347,9641112,9641126,9641125,9665106,9641125
9646347,9641112,9641126,9641125,9665106,9641126
9646347,9641112,9641126,9641125,9641112,9641128
9646347,9641112,9641126,9641125,9641112,9665106
9646347,9641112,9641126,9641125,9641112,9641112
9646347,9641112,9641126,9641125,9641112,9641129
9646347,9641112,9641126,9641125,9641112,9641125
9646347,9641112,9641126,9641125,9641112,9641126
9646347,9641112,9641126,9641125,9641129,9641128
9646347,9641112,9641126,9641125,9641129,9665106
9646347,9641112,9641126,9641125,9641129,9641112
9646347,9641112,9641126,9641125,9641129,9641129
9646347,9641112,9641126,9641125,9641129,9641125
9646347,9641112,9641126,9641125,9641129,9641126
9646347,9641112,9641126,9641125,9641125,9641128
9646347,9641112,9641126,9641125,9641125,9665106
9646347,9641112,9641126,9641125,9641125,9641112
9646347,9641112,9641126,9641125,9641125,9641129
9646347,9641112,9641126,9641125,9641125,9641125
9646347,9641112,9641126,9641125,9641125,9641126
9646347,9641112,9641126,9641125,9641126,9641128
9646347,9641112,9641126,9641125,9641126,9665106
9646347,9641112,9641126,9641125,9641126,9641112
9646347,9641112,9641126,9641125,9641126,9641129
9646347,9641112,9641126,9641125,9641126,9641125
9646347,9641112,9641126,9641125,9641126,9641126
9646347,9641112,9641126,9641126,9641128,9641128
9646347,9641112,9641126,9641126,9641128,9665106
9646347,9641112,9641126,9641126,9641128,9641112
9646347,9641112,9641126,9641126,9641128,9641129
9646347,9641112,9641126,9641126,9641128,9641125
9646347,9641112,9641126,9641126,9641128,9641126
9646347,9641112,9641126,9641126,9665106,9641128
9646347,9641112,9641126,9641126,9665106,9665106
9646347,9641112,9641126,9641126,9665106,9641112
9646347,9641112,9641126,9641126,9665106,9641129
9646347,9641112,9641126,9641126,9665106,9641125
9646347,9641112,9641126,9641126,9665106,9641126
9646347,9641112,9641126,9641126,9641112,9641128
9646347,9641112,9641126,9641126,9641112,9665106
9646347,9641112,9641126,9641126,9641112,9641112
9646347,9641112,9641126,9641126,9641112,9641129
9646347,9641112,9641126,9641126,9641112,9641125
9646347,9641112,9641126,9641126,9641112,9641126
9646347,9641112,9641126,9641126,9641129,9641128
9646347,9641112,9641126,9641126,9641129,9665106
9646347,9641112,9641126,9641126,9641129,9641112
9646347,9641112,9641126,9641126,9641129,9641129
9646347,9641112,9641126,9641126,9641129,9641125
9646347,9641112,9641126,9641126,9641129,9641126
9646347,9641112,9641126,9641126,9641125,9641128
9646347,9641112,9641126,9641126,9641125,9665106
9646347,9641112,9641126,9641126,9641125,9641112
9646347,9641112,9641126,9641126,9641125,9641129
9646347,9641112,9641126,9641126,9641125,9641125
9646347,9641112,9641126,9641126,9641125,9641126
9646347,9641112,9641126,9641126,9641126,9641128
9646347,9641112,9641126,9641126,9641126,9665106
9646347,9641112,9641126,9641126,9641126,9641112
9646347,9641112,9641126,9641126,9641126,9641129
9646347,9641112,9641126,9641126,9641126,9641125
9646347,9641112,9641126,9641126,9641126,9641126
9646347,9641129,9641128,9641128,9641128,9641128
9646347,9641129,9641128,9641128,9641128,9665106
9646347,9641129,9641128,9641128,9641128,9641112
9646347,9641129,9641128,9641128,9641128,9641129
9646347,9641129,9641128,9641128,9641128,9641125
9646347,9641129,9641128,9641128,9641128,9641126
9646347,9641129,9641128,9641128,9665106,9641128
9646347,9641129,9641128,9641128,9665106,9665106
9646347,9641129,9641128,9641128,9665106,9641112
9646347,9641129,9641128,9641128,9665106,9641129
9646347,9641129,9641128,9641128,9665106,9641125
9646347,9641129,9641128,9641128,9665106,9641126
9646347,9641129,9641128,9641128,9641112,9641128
9646347,9641129,9641128,9641128,9641112,9665106
9646347,9641129,9641128,9641128,9641112,9641112
9646347,9641129,9641128,9641128,9641112,9641129
9646347,9641129,9641128,9641128,9641112,9641125
9646347,9641129,9641128,9641128,9641112,9641126
9646347,9641129,9641128,9641128,9641129,9641128
9646347,9641129,9641128,9641128,9641129,9665106
9646347,9641129,9641128,9641128,9641129,9641112
9646347,9641129,9641128,9641128,9641129,9641129
9646347,9641129,9641128,9641128,9641129,9641125
9646347,9641129,9641128,9641128,9641129,9641126
9646347,9641129,9641128,9641128,9641125,9641128
9646347,9641129,9641128,9641128,9641125,9665106
9646347,9641129,9641128,9641128,9641125,9641112
9646347,9641129,9641128,9641128,9641125,9641129
9646347,9641129,9641128,9641128,9641125,9641125
9646347,9641129,9641128,9641128,9641125,9641126
9646347,9641129,9641128,9641128,9641126,9641128
9646347,9641129,9641128,9641128,9641126,9665106
9646347,9641129,9641128,9641128,9641126,9641112
9646347,9641129,9641128,9641128,9641126,9641129
9646347,9641129,9641128,9641128,9641126,9641125
9646347,9641129,9641128,9641128,9641126,9641126
9646347,9641129,9641128,9665106,9641128,9641128
9646347,9641129,9641128,9665106,9641128,9665106
9646347,9641129,9641128,9665106,9641128,9641112
9646347,9641129,9641128,9665106,9641128,9641129
9646347,9641129,9641128,9665106,9641128,9641125
9646347,9641129,9641128,9665106,9641128,9641126
9646347,9641129,9641128,9665106,9665106,9641128
9646347,9641129,9641128,9665106,9665106,9665106
9646347,9641129,9641128,9665106,9665106,9641112
9646347,9641129,9641128,9665106,9665106,9641129
9646347,9641129,9641128,9665106,9665106,9641125
9646347,9641129,9641128,9665106,9665106,9641126
9646347,9641129,9641128,9665106,9641112,9641128
9646347,9641129,9641128,9665106,9641112,9665106
9646347,9641129,9641128,9665106,9641112,9641112
9646347,9641129,9641128,9665106,9641112,9641129
9646347,9641129,9641128,9665106,9641112,9641125
9646347,9641129,9641128,9665106,9641112,9641126
9646347,9641129,9641128,9665106,9641129,9641128
9646347,9641129,9641128,9665106,9641129,9665106
9646347,9641129,9641128,9665106,9641129,9641112
9646347,9641129,9641128,9665106,9641129,9641129
9646347,9641129,9641128,9665106,9641129,9641125
9646347,9641129,9641128,9665106,9641129,9641126
9646347,9641129,9641128,9665106,9641125,9641128
9646347,9641129,9641128,9665106,9641125,9665106
9646347,9641129,9641128,9665106,9641125,9641112
9646347,9641129,9641128,9665106,9641125,9641129
9646347,9641129,9641128,9665106,9641125,9641125
9646347,9641129,9641128,9665106,9641125,9641126
9646347,9641129,9641128,9665106,9641126,9641128
9646347,9641129,9641128,9665106,9641126,9665106
9646347,9641129,9641128,9665106,9641126,9641112
9646347,9641129,9641128,9665106,9641126,9641129
9646347,9641129,9641128,9665106,9641126,9641125
9646347,9641129,9641128,9665106,9641126,9641126
9646347,9641129,9641128,9641112,9641128,9641128
9646347,9641129,9641128,9641112,9641128,9665106
9646347,9641129,9641128,9641112,9641128,9641112
9646347,9641129,9641128,9641112,9641128,9641129
9646347,9641129,9641128,9641112,9641128,9641125
9646347,9641129,9641128,9641112,9641128,9641126
9646347,9641129,9641128,9641112,9665106,9641128
9646347,9641129,9641128,9641112,9665106,9665106
9646347,9641129,9641128,9641112,9665106,9641112
9646347,9641129,9641128,9641112,9665106,9641129
9646347,9641129,9641128,9641112,9665106,9641125
9646347,9641129,9641128,9641112,9665106,9641126
9646347,9641129,9641128,9641112,9641112,9641128
9646347,9641129,9641128,9641112,9641112,9665106
9646347,9641129,9641128,9641112,9641112,9641112
9646347,9641129,9641128,9641112,9641112,9641129
9646347,9641129,9641128,9641112,9641112,9641125
9646347,9641129,9641128,9641112,9641112,9641126
9646347,9641129,9641128,9641112,9641129,9641128
9646347,9641129,9641128,9641112,9641129,9665106
9646347,9641129,9641128,9641112,9641129,9641112
9646347,9641129,9641128,9641112,9641129,9641129
9646347,9641129,9641128,9641112,9641129,9641125
9646347,9641129,9641128,9641112,9641129,9641126
9646347,9641129,9641128,9641112,9641125,9641128
9646347,9641129,9641128,9641112,9641125,9665106
9646347,9641129,9641128,9641112,9641125,9641112
9646347,9641129,9641128,9641112,9641125,9641129
9646347,9641129,9641128,9641112,9641125,9641125
9646347,9641129,9641128,9641112,9641125,9641126
9646347,9641129,9641128,9641112,9641126,9641128
9646347,9641129,9641128,9641112,9641126,9665106
9646347,9641129,9641128,9641112,9641126,9641112
9646347,9641129,9641128,9641112,9641126,9641129
9646347,9641129,9641128,9641112,9641126,9641125
9646347,9641129,9641128,9641112,9641126,9641126
9646347,9641129,9641128,9641129,9641128,9641128
9646347,9641129,9641128,9641129,9641128,9665106
9646347,9641129,9641128,9641129,9641128,9641112
9646347,9641129,9641128,9641129,9641128,9641129
9646347,9641129,9641128,9641129,9641128,9641125
9646347,9641129,9641128,9641129,9641128,9641126
9646347,9641129,9641128,9641129,9665106,9641128
9646347,9641129,9641128,9641129,9665106,9665106
9646347,9641129,9641128,9641129,9665106,9641112
9646347,9641129,9641128,9641129,9665106,9641129
9646347,9641129,9641128,9641129,9665106,9641125
9646347,9641129,9641128,9641129,9665106,9641126
9646347,9641129,9641128,9641129,9641112,9641128
9646347,9641129,9641128,9641129,9641112,9665106
9646347,9641129,9641128,9641129,9641112,9641112
9646347,9641129,9641128,9641129,9641112,9641129
9646347,9641129,9641128,9641129,9641112,9641125
9646347,9641129,9641128,9641129,9641112,9641126
9646347,9641129,9641128,9641129,9641129,9641128
9646347,9641129,9641128,9641129,9641129,9665106
9646347,9641129,9641128,9641129,9641129,9641112
9646347,9641129,9641128,9641129,9641129,9641129
9646347,9641129,9641128,9641129,9641129,9641125
9646347,9641129,9641128,9641129,9641129,9641126
9646347,9641129,9641128,9641129,9641125,9641128
9646347,9641129,9641128,9641129,9641125,9665106
9646347,9641129,9641128,9641129,9641125,9641112
9646347,9641129,9641128,9641129,9641125,9641129
9646347,9641129,9641128,9641129,9641125,9641125
9646347,9641129,9641128,9641129,9641125,9641126
9646347,9641129,9641128,9641129,9641126,9641128
9646347,9641129,9641128,9641129,9641126,9665106
9646347,9641129,9641128,9641129,9641126,9641112
9646347,9641129,9641128,9641129,9641126,9641129
9646347,9641129,9641128,9641129,9641126,9641125
9646347,9641129,9641128,9641129,9641126,9641126
9646347,9641129,9641128,9641125,9641128,9641128
9646347,9641129,9641128,9641125,9641128,9665106
9646347,9641129,9641128,9641125,9641128,9641112
9646347,9641129,9641128,9641125,9641128,9641129
9646347,9641129,9641128,9641125,9641128,9641125
9646347,9641129,9641128,9641125,9641128,9641126
9646347,9641129,9641128,9641125,9665106,9641128
9646347,9641129,9641128,9641125,9665106,9665106
9646347,9641129,9641128,9641125,9665106,9641112
9646347,9641129,9641128,9641125,9665106,9641129
9646347,9641129,9641128,9641125,9665106,9641125
9646347,9641129,9641128,9641125,9665106,9641126
9646347,9641129,9641128,9641125,9641112,9641128
9646347,9641129,9641128,9641125,9641112,9665106
9646347,9641129,9641128,9641125,9641112,9641112
9646347,9641129,9641128,9641125,9641112,9641129
9646347,9641129,9641128,9641125,9641112,9641125
9646347,9641129,9641128,9641125,9641112,9641126
9646347,9641129,9641128,9641125,9641129,9641128
9646347,9641129,9641128,9641125,9641129,9665106
9646347,9641129,9641128,9641125,9641129,9641112
9646347,9641129,9641128,9641125,9641129,9641129
9646347,9641129,9641128,9641125,9641129,9641125
9646347,9641129,9641128,9641125,9641129,9641126
9646347,9641129,9641128,9641125,9641125,9641128
9646347,9641129,9641128,9641125,9641125,9665106
9646347,9641129,9641128,9641125,9641125,9641112
9646347,9641129,9641128,9641125,9641125,9641129
9646347,9641129,9641128,9641125,9641125,9641125
9646347,9641129,9641128,9641125,9641125,9641126
9646347,9641129,9641128,9641125,9641126,9641128
9646347,9641129,9641128,9641125,9641126,9665106
9646347,9641129,9641128,9641125,9641126,9641112
9646347,9641129,9641128,9641125,9641126,9641129
9646347,9641129,9641128,9641125,9641126,9641125
9646347,9641129,9641128,9641125,9641126,9641126
9646347,9641129,9641128,9641126,9641128,9641128
9646347,9641129,9641128,9641126,9641128,9665106
9646347,9641129,9641128,9641126,9641128,9641112
9646347,9641129,9641128,9641126,9641128,9641129
9646347,9641129,9641128,9641126,9641128,9641125
9646347,9641129,9641128,9641126,9641128,9641126
9646347,9641129,9641128,9641126,9665106,9641128
9646347,9641129,9641128,9641126,9665106,9665106
9646347,9641129,9641128,9641126,9665106,9641112
9646347,9641129,9641128,9641126,9665106,9641129
9646347,9641129,9641128,9641126,9665106,9641125
9646347,9641129,9641128,9641126,9665106,9641126
9646347,9641129,9641128,9641126,9641112,9641128
9646347,9641129,9641128,9641126,9641112,9665106
9646347,9641129,9641128,9641126,9641112,9641112
9646347,9641129,9641128,9641126,9641112,9641129
9646347,9641129,9641128,9641126,9641112,9641125
9646347,9641129,9641128,9641126,9641112,9641126
9646347,9641129,9641128,9641126,9641129,9641128
9646347,9641129,9641128,9641126,9641129,9665106
9646347,9641129,9641128,9641126,9641129,9641112
9646347,9641129,9641128,9641126,9641129,9641129
9646347,9641129,9641128,9641126,9641129,9641125
9646347,9641129,9641128,9641126,9641129,9641126
9646347,9641129,9641128,9641126,9641125,9641128
9646347,9641129,9641128,9641126,9641125,9665106
9646347,9641129,9641128,9641126,9641125,9641112
9646347,9641129,9641128,9641126,9641125,9641129
9646347,9641129,9641128,9641126,9641125,9641125
9646347,9641129,9641128,9641126,9641125,9641126
9646347,9641129,9641128,9641126,9641126,9641128
9646347,9641129,9641128,9641126,9641126,9665106
9646347,9641129,9641128,9641126,9641126,9641112
9646347,9641129,9641128,9641126,9641126,9641129
9646347,9641129,9641128,9641126,9641126,9641125
9646347,9641129,9641128,9641126,9641126,9641126
9646347,9641129,9665106,9641128,9641128,9641128
9646347,9641129,9665106,9641128,9641128,9665106
9646347,9641129,9665106,9641128,9641128,9641112
9646347,9641129,9665106,9641128,9641128,9641129
9646347,9641129,9665106,9641128,9641128,9641125
9646347,9641129,9665106,9641128,9641128,9641126
9646347,9641129,9665106,9641128,9665106,9641128
9646347,9641129,9665106,9641128,9665106,9665106
9646347,9641129,9665106,9641128,9665106,9641112
9646347,9641129,9665106,9641128,9665106,9641129
9646347,9641129,9665106,9641128,9665106,9641125
9646347,9641129,9665106,9641128,9665106,9641126
9646347,9641129,9665106,9641128,9641112,9641128
9646347,9641129,9665106,9641128,9641112,9665106
9646347,9641129,9665106,9641128,9641112,9641112
9646347,9641129,9665106,9641128,9641112,9641129
9646347,9641129,9665106,9641128,9641112,9641125
9646347,9641129,9665106,9641128,9641112,9641126
9646347,9641129,9665106,9641128,9641129,9641128
9646347,9641129,9665106,9641128,9641129,9665106
9646347,9641129,9665106,9641128,9641129,9641112
9646347,9641129,9665106,9641128,9641129,9641129
9646347,9641129,9665106,9641128,9641129,9641125
9646347,9641129,9665106,9641128,9641129,9641126
9646347,9641129,9665106,9641128,9641125,9641128
9646347,9641129,9665106,9641128,9641125,9665106
9646347,9641129,9665106,9641128,9641125,9641112
9646347,9641129,9665106,9641128,9641125,9641129
9646347,9641129,9665106,9641128,9641125,9641125
9646347,9641129,9665106,9641128,9641125,9641126
9646347,9641129,9665106,9641128,9641126,9641128
9646347,9641129,9665106,9641128,9641126,9665106
9646347,9641129,9665106,9641128,9641126,9641112
9646347,9641129,9665106,9641128,9641126,9641129
9646347,9641129,9665106,9641128,9641126,9641125
9646347,9641129,9665106,9641128,9641126,9641126
9646347,9641129,9665106,9665106,9641128,9641128
9646347,9641129,9665106,9665106,9641128,9665106
9646347,9641129,9665106,9665106,9641128,9641112
9646347,9641129,9665106,9665106,9641128,9641129
9646347,9641129,9665106,9665106,9641128,9641125
9646347,9641129,9665106,9665106,9641128,9641126
9646347,9641129,9665106,9665106,9665106,9641128
9646347,9641129,9665106,9665106,9665106,9665106
9646347,9641129,9665106,9665106,9665106,9641112
9646347,9641129,9665106,9665106,9665106,9641129
9646347,9641129,9665106,9665106,9665106,9641125
9646347,9641129,9665106,9665106,9665106,9641126
9646347,9641129,9665106,9665106,9641112,9641128
9646347,9641129,9665106,9665106,9641112,9665106
9646347,9641129,9665106,9665106,9641112,9641112
9646347,9641129,9665106,9665106,9641112,9641129
9646347,9641129,9665106,9665106,9641112,9641125
9646347,9641129,9665106,9665106,9641112,9641126
9646347,9641129,9665106,9665106,9641129,9641128
9646347,9641129,9665106,9665106,9641129,9665106
9646347,9641129,9665106,9665106,9641129,9641112
9646347,9641129,9665106,9665106,9641129,9641129
9646347,9641129,9665106,9665106,9641129,9641125
9646347,9641129,9665106,9665106,9641129,9641126
9646347,9641129,9665106,9665106,9641125,9641128
9646347,9641129,9665106,9665106,9641125,9665106
9646347,9641129,9665106,9665106,9641125,9641112
9646347,9641129,9665106,9665106,9641125,9641129
9646347,9641129,9665106,9665106,9641125,9641125
9646347,9641129,9665106,9665106,9641125,9641126
9646347,9641129,9665106,9665106,9641126,9641128
9646347,9641129,9665106,9665106,9641126,9665106
9646347,9641129,9665106,9665106,9641126,9641112
9646347,9641129,9665106,9665106,9641126,9641129
9646347,9641129,9665106,9665106,9641126,9641125
9646347,9641129,9665106,9665106,9641126,9641126
9646347,9641129,9665106,9641112,9641128,9641128
9646347,9641129,9665106,9641112,9641128,9665106
9646347,9641129,9665106,9641112,9641128,9641112
9646347,9641129,9665106,9641112,9641128,9641129
9646347,9641129,9665106,9641112,9641128,9641125
9646347,9641129,9665106,9641112,9641128,9641126
9646347,9641129,9665106,9641112,9665106,9641128
9646347,9641129,9665106,9641112,9665106,9665106
9646347,9641129,9665106,9641112,9665106,9641112
9646347,9641129,9665106,9641112,9665106,9641129
9646347,9641129,9665106,9641112,9665106,9641125
9646347,9641129,9665106,9641112,9665106,9641126
9646347,9641129,9665106,9641112,9641112,9641128
9646347,9641129,9665106,9641112,9641112,9665106
9646347,9641129,9665106,9641112,9641112,9641112
9646347,9641129,9665106,9641112,9641112,9641129
9646347,9641129,9665106,9641112,9641112,9641125
9646347,9641129,9665106,9641112,9641112,9641126
9646347,9641129,9665106,9641112,9641129,9641128
9646347,9641129,9665106,9641112,9641129,9665106
9646347,9641129,9665106,9641112,9641129,9641112
9646347,9641129,9665106,9641112,9641129,9641129
9646347,9641129,9665106,9641112,9641129,9641125
9646347,9641129,9665106,9641112,9641129,9641126
9646347,9641129,9665106,9641112,9641125,9641128
9646347,9641129,9665106,9641112,9641125,9665106
9646347,9641129,9665106,9641112,9641125,9641112
9646347,9641129,9665106,9641112,9641125,9641129
9646347,9641129,9665106,9641112,9641125,9641125
9646347,9641129,9665106,9641112,9641125,9641126
9646347,9641129,9665106,9641112,9641126,9641128
9646347,9641129,9665106,9641112,9641126,9665106
9646347,9641129,9665106,9641112,9641126,9641112
9646347,9641129,9665106,9641112,9641126,9641129
9646347,9641129,9665106,9641112,9641126,9641125
9646347,9641129,9665106,9641112,9641126,9641126
9646347,9641129,9665106,9641129,9641128,9641128
9646347,9641129,9665106,9641129,9641128,9665106
9646347,9641129,9665106,9641129,9641128,9641112
9646347,9641129,9665106,9641129,9641128,9641129
9646347,9641129,9665106,9641129,9641128,9641125
9646347,9641129,9665106,9641129,9641128,9641126
9646347,9641129,9665106,9641129,9665106,9641128
9646347,9641129,9665106,9641129,9665106,9665106
9646347,9641129,9665106,9641129,9665106,9641112
9646347,9641129,9665106,9641129,9665106,9641129
9646347,9641129,9665106,9641129,9665106,9641125
9646347,9641129,9665106,9641129,9665106,9641126
9646347,9641129,9665106,9641129,9641112,9641128
9646347,9641129,9665106,9641129,9641112,9665106
9646347,9641129,9665106,9641129,9641112,9641112
9646347,9641129,9665106,9641129,9641112,9641129
9646347,9641129,9665106,9641129,9641112,9641125
9646347,9641129,9665106,9641129,9641112,9641126
9646347,9641129,9665106,9641129,9641129,9641128
9646347,9641129,9665106,9641129,9641129,9665106
9646347,9641129,9665106,9641129,9641129,9641112
9646347,9641129,9665106,9641129,9641129,9641129
9646347,9641129,9665106,9641129,9641129,9641125
9646347,9641129,9665106,9641129,9641129,9641126
9646347,9641129,9665106,9641129,9641125,9641128
9646347,9641129,9665106,9641129,9641125,9665106
9646347,9641129,9665106,9641129,9641125,9641112
9646347,9641129,9665106,9641129,9641125,9641129
9646347,9641129,9665106,9641129,9641125,9641125
9646347,9641129,9665106,9641129,9641125,9641126
9646347,9641129,9665106,9641129,9641126,9641128
9646347,9641129,9665106,9641129,9641126,9665106
9646347,9641129,9665106,9641129,9641126,9641112
9646347,9641129,9665106,9641129,9641126,9641129
9646347,9641129,9665106,9641129,9641126,9641125
9646347,9641129,9665106,9641129,9641126,9641126
9646347,9641129,9665106,9641125,9641128,9641128
9646347,9641129,9665106,9641125,9641128,9665106
9646347,9641129,9665106,9641125,9641128,9641112
9646347,9641129,9665106,9641125,9641128,9641129
9646347,9641129,9665106,9641125,9641128,9641125
9646347,9641129,9665106,9641125,9641128,9641126
9646347,9641129,9665106,9641125,9665106,9641128
9646347,9641129,9665106,9641125,9665106,9665106
9646347,9641129,9665106,9641125,9665106,9641112
9646347,9641129,9665106,9641125,9665106,9641129
9646347,9641129,9665106,9641125,9665106,9641125
9646347,9641129,9665106,9641125,9665106,9641126
9646347,9641129,9665106,9641125,9641112,9641128
9646347,9641129,9665106,9641125,9641112,9665106
9646347,9641129,9665106,9641125,9641112,9641112
9646347,9641129,9665106,9641125,9641112,9641129
9646347,9641129,9665106,9641125,9641112,9641125
9646347,9641129,9665106,9641125,9641112,9641126
9646347,9641129,9665106,9641125,9641129,9641128
9646347,9641129,9665106,9641125,9641129,9665106
9646347,9641129,9665106,9641125,9641129,9641112
9646347,9641129,9665106,9641125,9641129,9641129
9646347,9641129,9665106,9641125,9641129,9641125
9646347,9641129,9665106,9641125,9641129,9641126
9646347,9641129,9665106,9641125,9641125,9641128
9646347,9641129,9665106,9641125,9641125,9665106
9646347,9641129,9665106,9641125,9641125,9641112
9646347,9641129,9665106,9641125,9641125,9641129
9646347,9641129,9665106,9641125,9641125,9641125
9646347,9641129,9665106,9641125,9641125,9641126
9646347,9641129,9665106,9641125,9641126,9641128
9646347,9641129,9665106,9641125,9641126,9665106
9646347,9641129,9665106,9641125,9641126,9641112
9646347,9641129,9665106,9641125,9641126,9641129
9646347,9641129,9665106,9641125,9641126,9641125
9646347,9641129,9665106,9641125,9641126,9641126
9646347,9641129,9665106,9641126,9641128,9641128
9646347,9641129,9665106,9641126,9641128,9665106
9646347,9641129,9665106,9641126,9641128,9641112
9646347,9641129,9665106,9641126,9641128,9641129
9646347,9641129,9665106,9641126,9641128,9641125
9646347,9641129,9665106,9641126,9641128,9641126
9646347,9641129,9665106,9641126,9665106,9641128
9646347,9641129,9665106,9641126,9665106,9665106
9646347,9641129,9665106,9641126,9665106,9641112
9646347,9641129,9665106,9641126,9665106,9641129
9646347,9641129,9665106,9641126,9665106,9641125
9646347,9641129,9665106,9641126,9665106,9641126
9646347,9641129,9665106,9641126,9641112,9641128
9646347,9641129,9665106,9641126,9641112,9665106
9646347,9641129,9665106,9641126,9641112,9641112
9646347,9641129,9665106,9641126,9641112,9641129
9646347,9641129,9665106,9641126,9641112,9641125
9646347,9641129,9665106,9641126,9641112,9641126
9646347,9641129,9665106,9641126,9641129,9641128
9646347,9641129,9665106,9641126,9641129,9665106
9646347,9641129,9665106,9641126,9641129,9641112
9646347,9641129,9665106,9641126,9641129,9641129
9646347,9641129,9665106,9641126,9641129,9641125
9646347,9641129,9665106,9641126,9641129,9641126
9646347,9641129,9665106,9641126,9641125,9641128
9646347,9641129,9665106,9641126,9641125,9665106
9646347,9641129,9665106,9641126,9641125,9641112
9646347,9641129,9665106,9641126,9641125,9641129
9646347,9641129,9665106,9641126,9641125,9641125
9646347,9641129,9665106,9641126,9641125,9641126
9646347,9641129,9665106,9641126,9641126,9641128
9646347,9641129,9665106,9641126,9641126,9665106
9646347,9641129,9665106,9641126,9641126,9641112
9646347,9641129,9665106,9641126,9641126,9641129
9646347,9641129,9665106,9641126,9641126,9641125
9646347,9641129,9665106,9641126,9641126,9641126
9646347,9641129,9641112,9641128,9641128,9641128
9646347,9641129,9641112,9641128,9641128,9665106
9646347,9641129,9641112,9641128,9641128,9641112
9646347,9641129,9641112,9641128,9641128,9641129
9646347,9641129,9641112,9641128,9641128,9641125
9646347,9641129,9641112,9641128,9641128,9641126
9646347,9641129,9641112,9641128,9665106,9641128
9646347,9641129,9641112,9641128,9665106,9665106
9646347,9641129,9641112,9641128,9665106,9641112
9646347,9641129,9641112,9641128,9665106,9641129
9646347,9641129,9641112,9641128,9665106,9641125
9646347,9641129,9641112,9641128,9665106,9641126
9646347,9641129,9641112,9641128,9641112,9641128
9646347,9641129,9641112,9641128,9641112,9665106
9646347,9641129,9641112,9641128,9641112,9641112
9646347,9641129,9641112,9641128,9641112,9641129
9646347,9641129,9641112,9641128,9641112,9641125
9646347,9641129,9641112,9641128,9641112,9641126
9646347,9641129,9641112,9641128,9641129,9641128
9646347,9641129,9641112,9641128,9641129,9665106
9646347,9641129,9641112,9641128,9641129,9641112
9646347,9641129,9641112,9641128,9641129,9641129
9646347,9641129,9641112,9641128,9641129,9641125
9646347,9641129,9641112,9641128,9641129,9641126
9646347,9641129,9641112,9641128,9641125,9641128
9646347,9641129,9641112,9641128,9641125,9665106
9646347,9641129,9641112,9641128,9641125,9641112
9646347,9641129,9641112,9641128,9641125,9641129
9646347,9641129,9641112,9641128,9641125,9641125
9646347,9641129,9641112,9641128,9641125,9641126
9646347,9641129,9641112,9641128,9641126,9641128
9646347,9641129,9641112,9641128,9641126,9665106
9646347,9641129,9641112,9641128,9641126,9641112
9646347,9641129,9641112,9641128,9641126,9641129
9646347,9641129,9641112,9641128,9641126,9641125
9646347,9641129,9641112,9641128,9641126,9641126
9646347,9641129,9641112,9665106,9641128,9641128
9646347,9641129,9641112,9665106,9641128,9665106
9646347,9641129,9641112,9665106,9641128,9641112
9646347,9641129,9641112,9665106,9641128,9641129
9646347,9641129,9641112,9665106,9641128,9641125
9646347,9641129,9641112,9665106,9641128,9641126
9646347,9641129,9641112,9665106,9665106,9641128
9646347,9641129,9641112,9665106,9665106,9665106
9646347,9641129,9641112,9665106,9665106,9641112
9646347,9641129,9641112,9665106,9665106,9641129
9646347,9641129,9641112,9665106,9665106,9641125
9646347,9641129,9641112,9665106,9665106,9641126
9646347,9641129,9641112,9665106,9641112,9641128
9646347,9641129,9641112,9665106,9641112,9665106
9646347,9641129,9641112,9665106,9641112,9641112
9646347,9641129,9641112,9665106,9641112,9641129
9646347,9641129,9641112,9665106,9641112,9641125
9646347,9641129,9641112,9665106,9641112,9641126
9646347,9641129,9641112,9665106,9641129,9641128
9646347,9641129,9641112,9665106,9641129,9665106
9646347,9641129,9641112,9665106,9641129,9641112
9646347,9641129,9641112,9665106,9641129,9641129
9646347,9641129,9641112,9665106,9641129,9641125
9646347,9641129,9641112,9665106,9641129,9641126
9646347,9641129,9641112,9665106,9641125,9641128
9646347,9641129,9641112,9665106,9641125,9665106
9646347,9641129,9641112,9665106,9641125,9641112
9646347,9641129,9641112,9665106,9641125,9641129
9646347,9641129,9641112,9665106,9641125,9641125
9646347,9641129,9641112,9665106,9641125,9641126
9646347,9641129,9641112,9665106,9641126,9641128
9646347,9641129,9641112,9665106,9641126,9665106
9646347,9641129,9641112,9665106,9641126,9641112
9646347,9641129,9641112,9665106,9641126,9641129
9646347,9641129,9641112,9665106,9641126,9641125
9646347,9641129,9641112,9665106,9641126,9641126
9646347,9641129,9641112,9641112,9641128,9641128
9646347,9641129,9641112,9641112,9641128,9665106
9646347,9641129,9641112,9641112,9641128,9641112
9646347,9641129,9641112,9641112,9641128,9641129
9646347,9641129,9641112,9641112,9641128,9641125
9646347,9641129,9641112,9641112,9641128,9641126
9646347,9641129,9641112,9641112,9665106,9641128
9646347,9641129,9641112,9641112,9665106,9665106
9646347,9641129,9641112,9641112,9665106,9641112
9646347,9641129,9641112,9641112,9665106,9641129
9646347,9641129,9641112,9641112,9665106,9641125
9646347,9641129,9641112,9641112,9665106,9641126
9646347,9641129,9641112,9641112,9641112,9641128
9646347,9641129,9641112,9641112,9641112,9665106
9646347,9641129,9641112,9641112,9641112,9641112
9646347,9641129,9641112,9641112,9641112,9641129
9646347,9641129,9641112,9641112,9641112,9641125
9646347,9641129,9641112,9641112,9641112,9641126
9646347,9641129,9641112,9641112,9641129,9641128
9646347,9641129,9641112,9641112,9641129,9665106
9646347,9641129,9641112,9641112,9641129,9641112
9646347,9641129,9641112,9641112,9641129,9641129
9646347,9641129,9641112,9641112,9641129,9641125
9646347,9641129,9641112,9641112,9641129,9641126
9646347,9641129,9641112,9641112,9641125,9641128
9646347,9641129,9641112,9641112,9641125,9665106
9646347,9641129,9641112,9641112,9641125,9641112
9646347,9641129,9641112,9641112,9641125,9641129
9646347,9641129,9641112,9641112,9641125,9641125
9646347,9641129,9641112,9641112,9641125,9641126
9646347,9641129,9641112,9641112,9641126,9641128
9646347,9641129,9641112,9641112,9641126,9665106
9646347,9641129,9641112,9641112,9641126,9641112
9646347,9641129,9641112,9641112,9641126,9641129
9646347,9641129,9641112,9641112,9641126,9641125
9646347,9641129,9641112,9641112,9641126,9641126
9646347,9641129,9641112,9641129,9641128,9641128
9646347,9641129,9641112,9641129,9641128,9665106
9646347,9641129,9641112,9641129,9641128,9641112
9646347,9641129,9641112,9641129,9641128,9641129
9646347,9641129,9641112,9641129,9641128,9641125
9646347,9641129,9641112,9641129,9641128,9641126
9646347,9641129,9641112,9641129,9665106,9641128
9646347,9641129,9641112,9641129,9665106,9665106
9646347,9641129,9641112,9641129,9665106,9641112
9646347,9641129,9641112,9641129,9665106,9641129
9646347,9641129,9641112,9641129,9665106,9641125
9646347,9641129,9641112,9641129,9665106,9641126
9646347,9641129,9641112,9641129,9641112,9641128
9646347,9641129,9641112,9641129,9641112,9665106
9646347,9641129,9641112,9641129,9641112,9641112
9646347,9641129,9641112,9641129,9641112,9641129
9646347,9641129,9641112,9641129,9641112,9641125
9646347,9641129,9641112,9641129,9641112,9641126
9646347,9641129,9641112,9641129,9641129,9641128
9646347,9641129,9641112,9641129,9641129,9665106
9646347,9641129,9641112,9641129,9641129,9641112
9646347,9641129,9641112,9641129,9641129,9641129
9646347,9641129,9641112,9641129,9641129,9641125
9646347,9641129,9641112,9641129,9641129,9641126
9646347,9641129,9641112,9641129,9641125,9641128
9646347,9641129,9641112,9641129,9641125,9665106
9646347,9641129,9641112,9641129,9641125,9641112
9646347,9641129,9641112,9641129,9641125,9641129
9646347,9641129,9641112,9641129,9641125,9641125
9646347,9641129,9641112,9641129,9641125,9641126
9646347,9641129,9641112,9641129,9641126,9641128
9646347,9641129,9641112,9641129,9641126,9665106
9646347,9641129,9641112,9641129,9641126,9641112
9646347,9641129,9641112,9641129,9641126,9641129
9646347,9641129,9641112,9641129,9641126,9641125
9646347,9641129,9641112,9641129,9641126,9641126
9646347,9641129,9641112,9641125,9641128,9641128
9646347,9641129,9641112,9641125,9641128,9665106
9646347,9641129,9641112,9641125,9641128,9641112
9646347,9641129,9641112,9641125,9641128,9641129
9646347,9641129,9641112,9641125,9641128,9641125
9646347,9641129,9641112,9641125,9641128,9641126
9646347,9641129,9641112,9641125,9665106,9641128
9646347,9641129,9641112,9641125,9665106,9665106
9646347,9641129,9641112,9641125,9665106,9641112
9646347,9641129,9641112,9641125,9665106,9641129
9646347,9641129,9641112,9641125,9665106,9641125
9646347,9641129,9641112,9641125,9665106,9641126
9646347,9641129,9641112,9641125,9641112,9641128
9646347,9641129,9641112,9641125,9641112,9665106
9646347,9641129,9641112,9641125,9641112,9641112
9646347,9641129,9641112,9641125,9641112,9641129
9646347,9641129,9641112,9641125,9641112,9641125
9646347,9641129,9641112,9641125,9641112,9641126
9646347,9641129,9641112,9641125,9641129,9641128
9646347,9641129,9641112,9641125,9641129,9665106
9646347,9641129,9641112,9641125,9641129,9641112
9646347,9641129,9641112,9641125,9641129,9641129
9646347,9641129,9641112,9641125,9641129,9641125
9646347,9641129,9641112,9641125,9641129,9641126
9646347,9641129,9641112,9641125,9641125,9641128
9646347,9641129,9641112,9641125,9641125,9665106
9646347,9641129,9641112,9641125,9641125,9641112
9646347,9641129,9641112,9641125,9641125,9641129
9646347,9641129,9641112,9641125,9641125,9641125
9646347,9641129,9641112,9641125,9641125,9641126
9646347,9641129,9641112,9641125,9641126,9641128
9646347,9641129,9641112,9641125,9641126,9665106
9646347,9641129,9641112,9641125,9641126,9641112
9646347,9641129,9641112,9641125,9641126,9641129
9646347,9641129,9641112,9641125,9641126,9641125
9646347,9641129,9641112,9641125,9641126,9641126
9646347,9641129,9641112,9641126,9641128,9641128
9646347,9641129,9641112,9641126,9641128,9665106
9646347,9641129,9641112,9641126,9641128,9641112
9646347,9641129,9641112,9641126,9641128,9641129
9646347,9641129,9641112,9641126,9641128,9641125
9646347,9641129,9641112,9641126,9641128,9641126
9646347,9641129,9641112,9641126,9665106,9641128
9646347,9641129,9641112,9641126,9665106,9665106
9646347,9641129,9641112,9641126,9665106,9641112
9646347,9641129,9641112,9641126,9665106,9641129
9646347,9641129,9641112,9641126,9665106,9641125
9646347,9641129,9641112,9641126,9665106,9641126
9646347,9641129,9641112,9641126,9641112,9641128
9646347,9641129,9641112,9641126,9641112,9665106
9646347,9641129,9641112,9641126,9641112,9641112
9646347,9641129,9641112,9641126,9641112,9641129
9646347,9641129,9641112,9641126,9641112,9641125
9646347,9641129,9641112,9641126,9641112,9641126
9646347,9641129,9641112,9641126,9641129,9641128
9646347,9641129,9641112,9641126,9641129,9665106
9646347,9641129,9641112,9641126,9641129,9641112
9646347,9641129,9641112,9641126,9641129,9641129
9646347,9641129,9641112,9641126,9641129,9641125
9646347,9641129,9641112,9641126,9641129,9641126
9646347,9641129,9641112,9641126,9641125,9641128
9646347,9641129,9641112,9641126,9641125,9665106
9646347,9641129,9641112,9641126,9641125,9641112
9646347,9641129,9641112,9641126,9641125,9641129
9646347,9641129,9641112,9641126,9641125,9641125
9646347,9641129,9641112,9641126,9641125,9641126
9646347,9641129,9641112,9641126,9641126,9641128
9646347,9641129,9641112,9641126,9641126,9665106
9646347,9641129,9641112,9641126,9641126,9641112
9646347,9641129,9641112,9641126,9641126,9641129
9646347,9641129,9641112,9641126,9641126,9641125
9646347,9641129,9641112,9641126,9641126,9641126
9646347,9641129,9641129,9641128,9641128,9641128
9646347,9641129,9641129,9641128,9641128,9665106
9646347,9641129,9641129,9641128,9641128,9641112
9646347,9641129,9641129,9641128,9641128,9641129
9646347,9641129,9641129,9641128,9641128,9641125
9646347,9641129,9641129,9641128,9641128,9641126
9646347,9641129,9641129,9641128,9665106,9641128
9646347,9641129,9641129,9641128,9665106,9665106
9646347,9641129,9641129,9641128,9665106,9641112
9646347,9641129,9641129,9641128,9665106,9641129
9646347,9641129,9641129,9641128,9665106,9641125
9646347,9641129,9641129,9641128,9665106,9641126
9646347,9641129,9641129,9641128,9641112,9641128
9646347,9641129,9641129,9641128,9641112,9665106
9646347,9641129,9641129,9641128,9641112,9641112
9646347,9641129,9641129,9641128,9641112,9641129
9646347,9641129,9641129,9641128,9641112,9641125
9646347,9641129,9641129,9641128,9641112,9641126
9646347,9641129,9641129,9641128,9641129,9641128
9646347,9641129,9641129,9641128,9641129,9665106
9646347,9641129,9641129,9641128,9641129,9641112
9646347,9641129,9641129,9641128,9641129,9641129
9646347,9641129,9641129,9641128,9641129,9641125
9646347,9641129,9641129,9641128,9641129,9641126
9646347,9641129,9641129,9641128,9641125,9641128
9646347,9641129,9641129,9641128,9641125,9665106
9646347,9641129,9641129,9641128,9641125,9641112
9646347,9641129,9641129,9641128,9641125,9641129
9646347,9641129,9641129,9641128,9641125,9641125
9646347,9641129,9641129,9641128,9641125,9641126
9646347,9641129,9641129,9641128,9641126,9641128
9646347,9641129,9641129,9641128,9641126,9665106
9646347,9641129,9641129,9641128,9641126,9641112
9646347,9641129,9641129,9641128,9641126,9641129
9646347,9641129,9641129,9641128,9641126,9641125
9646347,9641129,9641129,9641128,9641126,9641126
9646347,9641129,9641129,9665106,9641128,9641128
9646347,9641129,9641129,9665106,9641128,9665106
9646347,9641129,9641129,9665106,9641128,9641112
9646347,9641129,9641129,9665106,9641128,9641129
9646347,9641129,9641129,9665106,9641128,9641125
9646347,9641129,9641129,9665106,9641128,9641126
9646347,9641129,9641129,9665106,9665106,9641128
9646347,9641129,9641129,9665106,9665106,9665106
9646347,9641129,9641129,9665106,9665106,9641112
9646347,9641129,9641129,9665106,9665106,9641129
9646347,9641129,9641129,9665106,9665106,9641125
9646347,9641129,9641129,9665106,9665106,9641126
9646347,9641129,9641129,9665106,9641112,9641128
9646347,9641129,9641129,9665106,9641112,9665106
9646347,9641129,9641129,9665106,9641112,9641112
9646347,9641129,9641129,9665106,9641112,9641129
9646347,9641129,9641129,9665106,9641112,9641125
9646347,9641129,9641129,9665106,9641112,9641126
9646347,9641129,9641129,9665106,9641129,9641128
9646347,9641129,9641129,9665106,9641129,9665106
9646347,9641129,9641129,9665106,9641129,9641112
9646347,9641129,9641129,9665106,9641129,9641129
9646347,9641129,9641129,9665106,9641129,9641125
9646347,9641129,9641129,9665106,9641129,9641126
9646347,9641129,9641129,9665106,9641125,9641128
9646347,9641129,9641129,9665106,9641125,9665106
9646347,9641129,9641129,9665106,9641125,9641112
9646347,9641129,9641129,9665106,9641125,9641129
9646347,9641129,9641129,9665106,9641125,9641125
9646347,9641129,9641129,9665106,9641125,9641126
9646347,9641129,9641129,9665106,9641126,9641128
9646347,9641129,9641129,9665106,9641126,9665106
9646347,9641129,9641129,9665106,9641126,9641112
9646347,9641129,9641129,9665106,9641126,9641129
9646347,9641129,9641129,9665106,9641126,9641125
9646347,9641129,9641129,9665106,9641126,9641126
9646347,9641129,9641129,9641112,9641128,9641128
9646347,9641129,9641129,9641112,9641128,9665106
9646347,9641129,9641129,9641112,9641128,9641112
9646347,9641129,9641129,9641112,9641128,9641129
9646347,9641129,9641129,9641112,9641128,9641125
9646347,9641129,9641129,9641112,9641128,9641126
9646347,9641129,9641129,9641112,9665106,9641128
9646347,9641129,9641129,9641112,9665106,9665106
9646347,9641129,9641129,9641112,9665106,9641112
9646347,9641129,9641129,9641112,9665106,9641129
9646347,9641129,9641129,9641112,9665106,9641125
9646347,9641129,9641129,9641112,9665106,9641126
9646347,9641129,9641129,9641112,9641112,9641128
9646347,9641129,9641129,9641112,9641112,9665106
9646347,9641129,9641129,9641112,9641112,9641112
9646347,9641129,9641129,9641112,9641112,9641129
9646347,9641129,9641129,9641112,9641112,9641125
9646347,9641129,9641129,9641112,9641112,9641126
9646347,9641129,9641129,9641112,9641129,9641128
9646347,9641129,9641129,9641112,9641129,9665106
9646347,9641129,9641129,9641112,9641129,9641112
9646347,9641129,9641129,9641112,9641129,9641129
9646347,9641129,9641129,9641112,9641129,9641125
9646347,9641129,9641129,9641112,9641129,9641126
9646347,9641129,9641129,9641112,9641125,9641128
9646347,9641129,9641129,9641112,9641125,9665106
9646347,9641129,9641129,9641112,9641125,9641112
9646347,9641129,9641129,9641112,9641125,9641129
9646347,9641129,9641129,9641112,9641125,9641125
9646347,9641129,9641129,9641112,9641125,9641126
9646347,9641129,9641129,9641112,9641126,9641128
9646347,9641129,9641129,9641112,9641126,9665106
9646347,9641129,9641129,9641112,9641126,9641112
9646347,9641129,9641129,9641112,9641126,9641129
9646347,9641129,9641129,9641112,9641126,9641125
9646347,9641129,9641129,9641112,9641126,9641126
9646347,9641129,9641129,9641129,9641128,9641128
9646347,9641129,9641129,9641129,9641128,9665106
9646347,9641129,9641129,9641129,9641128,9641112
9646347,9641129,9641129,9641129,9641128,9641129
9646347,9641129,9641129,9641129,9641128,9641125
9646347,9641129,9641129,9641129,9641128,9641126
9646347,9641129,9641129,9641129,9665106,9641128
9646347,9641129,9641129,9641129,9665106,9665106
9646347,9641129,9641129,9641129,9665106,9641112
9646347,9641129,9641129,9641129,9665106,9641129
9646347,9641129,9641129,9641129,9665106,9641125
9646347,9641129,9641129,9641129,9665106,9641126
9646347,9641129,9641129,9641129,9641112,9641128
9646347,9641129,9641129,9641129,9641112,9665106
9646347,9641129,9641129,9641129,9641112,9641112
9646347,9641129,9641129,9641129,9641112,9641129
9646347,9641129,9641129,9641129,9641112,9641125
9646347,9641129,9641129,9641129,9641112,9641126
9646347,9641129,9641129,9641129,9641129,9641128
9646347,9641129,9641129,9641129,9641129,9665106
9646347,9641129,9641129,9641129,9641129,9641112
9646347,9641129,9641129,9641129,9641129,9641129
9646347,9641129,9641129,9641129,9641129,9641125
9646347,9641129,9641129,9641129,9641129,9641126
9646347,9641129,9641129,9641129,9641125,9641128
9646347,9641129,9641129,9641129,9641125,9665106
9646347,9641129,9641129,9641129,9641125,9641112
9646347,9641129,9641129,9641129,9641125,9641129
9646347,9641129,9641129,9641129,9641125,9641125
9646347,9641129,9641129,9641129,9641125,9641126
9646347,9641129,9641129,9641129,9641126,9641128
9646347,9641129,9641129,9641129,9641126,9665106
9646347,9641129,9641129,9641129,9641126,9641112
9646347,9641129,9641129,9641129,9641126,9641129
9646347,9641129,9641129,9641129,9641126,9641125
9646347,9641129,9641129,9641129,9641126,9641126
9646347,9641129,9641129,9641125,9641128,9641128
9646347,9641129,9641129,9641125,9641128,9665106
9646347,9641129,9641129,9641125,9641128,9641112
9646347,9641129,9641129,9641125,9641128,9641129
9646347,9641129,9641129,9641125,9641128,9641125
9646347,9641129,9641129,9641125,9641128,9641126
9646347,9641129,9641129,9641125,9665106,9641128
9646347,9641129,9641129,9641125,9665106,9665106
9646347,9641129,9641129,9641125,9665106,9641112
9646347,9641129,9641129,9641125,9665106,9641129
9646347,9641129,9641129,9641125,9665106,9641125
9646347,9641129,9641129,9641125,9665106,9641126
9646347,9641129,9641129,9641125,9641112,9641128
9646347,9641129,9641129,9641125,9641112,9665106
9646347,9641129,9641129,9641125,9641112,9641112
9646347,9641129,9641129,9641125,9641112,9641129
9646347,9641129,9641129,9641125,9641112,9641125
9646347,9641129,9641129,9641125,9641112,9641126
9646347,9641129,9641129,9641125,9641129,9641128
9646347,9641129,9641129,9641125,9641129,9665106
9646347,9641129,9641129,9641125,9641129,9641112
9646347,9641129,9641129,9641125,9641129,9641129
9646347,9641129,9641129,9641125,9641129,9641125
9646347,9641129,9641129,9641125,9641129,9641126
9646347,9641129,9641129,9641125,9641125,9641128
9646347,9641129,9641129,9641125,9641125,9665106
9646347,9641129,9641129,9641125,9641125,9641112
9646347,9641129,9641129,9641125,9641125,9641129
9646347,9641129,9641129,9641125,9641125,9641125
9646347,9641129,9641129,9641125,9641125,9641126
9646347,9641129,9641129,9641125,9641126,9641128
9646347,9641129,9641129,9641125,9641126,9665106
9646347,9641129,9641129,9641125,9641126,9641112
9646347,9641129,9641129,9641125,9641126,9641129
9646347,9641129,9641129,9641125,9641126,9641125
9646347,9641129,9641129,9641125,9641126,9641126
9646347,9641129,9641129,9641126,9641128,9641128
9646347,9641129,9641129,9641126,9641128,9665106
9646347,9641129,9641129,9641126,9641128,9641112
9646347,9641129,9641129,9641126,9641128,9641129
9646347,9641129,9641129,9641126,9641128,9641125
9646347,9641129,9641129,9641126,9641128,9641126
9646347,9641129,9641129,9641126,9665106,9641128
9646347,9641129,9641129,9641126,9665106,9665106
9646347,9641129,9641129,9641126,9665106,9641112
9646347,9641129,9641129,9641126,9665106,9641129
9646347,9641129,9641129,9641126,9665106,9641125
9646347,9641129,9641129,9641126,9665106,9641126
9646347,9641129,9641129,9641126,9641112,9641128
9646347,9641129,9641129,9641126,9641112,9665106
9646347,9641129,9641129,9641126,9641112,9641112
9646347,9641129,9641129,9641126,9641112,9641129
9646347,9641129,9641129,9641126,9641112,9641125
9646347,9641129,9641129,9641126,9641112,9641126
9646347,9641129,9641129,9641126,9641129,9641128
9646347,9641129,9641129,9641126,9641129,9665106
9646347,9641129,9641129,9641126,9641129,9641112
9646347,9641129,9641129,9641126,9641129,9641129
9646347,9641129,9641129,9641126,9641129,9641125
9646347,9641129,9641129,9641126,9641129,9641126
9646347,9641129,9641129,9641126,9641125,9641128
9646347,9641129,9641129,9641126,9641125,9665106
9646347,9641129,9641129,9641126,9641125,9641112
9646347,9641129,9641129,9641126,9641125,9641129
9646347,9641129,9641129,9641126,9641125,9641125
9646347,9641129,9641129,9641126,9641125,9641126
9646347,9641129,9641129,9641126,9641126,9641128
9646347,9641129,9641129,9641126,9641126,9665106
9646347,9641129,9641129,9641126,9641126,9641112
9646347,9641129,9641129,9641126,9641126,9641129
9646347,9641129,9641129,9641126,9641126,9641125
9646347,9641129,9641129,9641126,9641126,9641126
9646347,9641129,9641125,9641128,9641128,9641128
9646347,9641129,9641125,9641128,9641128,9665106
9646347,9641129,9641125,9641128,9641128,9641112
9646347,9641129,9641125,9641128,9641128,9641129
9646347,9641129,9641125,9641128,9641128,9641125
9646347,9641129,9641125,9641128,9641128,9641126
9646347,9641129,9641125,9641128,9665106,9641128
9646347,9641129,9641125,9641128,9665106,9665106
9646347,9641129,9641125,9641128,9665106,9641112
9646347,9641129,9641125,9641128,9665106,9641129
9646347,9641129,9641125,9641128,9665106,9641125
9646347,9641129,9641125,9641128,9665106,9641126
9646347,9641129,9641125,9641128,9641112,9641128
9646347,9641129,9641125,9641128,9641112,9665106
9646347,9641129,9641125,9641128,9641112,9641112
9646347,9641129,9641125,9641128,9641112,9641129
9646347,9641129,9641125,9641128,9641112,9641125
9646347,9641129,9641125,9641128,9641112,9641126
9646347,9641129,9641125,9641128,9641129,9641128
9646347,9641129,9641125,9641128,9641129,9665106
9646347,9641129,9641125,9641128,9641129,9641112
9646347,9641129,9641125,9641128,9641129,9641129
9646347,9641129,9641125,9641128,9641129,9641125
9646347,9641129,9641125,9641128,9641129,9641126
9646347,9641129,9641125,9641128,9641125,9641128
9646347,9641129,9641125,9641128,9641125,9665106
9646347,9641129,9641125,9641128,9641125,9641112
9646347,9641129,9641125,9641128,9641125,9641129
9646347,9641129,9641125,9641128,9641125,9641125
9646347,9641129,9641125,9641128,9641125,9641126
9646347,9641129,9641125,9641128,9641126,9641128
9646347,9641129,9641125,9641128,9641126,9665106
9646347,9641129,9641125,9641128,9641126,9641112
9646347,9641129,9641125,9641128,9641126,9641129
9646347,9641129,9641125,9641128,9641126,9641125
9646347,9641129,9641125,9641128,9641126,9641126
9646347,9641129,9641125,9665106,9641128,9641128
9646347,9641129,9641125,9665106,9641128,9665106
9646347,9641129,9641125,9665106,9641128,9641112
9646347,9641129,9641125,9665106,9641128,9641129
9646347,9641129,9641125,9665106,9641128,9641125
9646347,9641129,9641125,9665106,9641128,9641126
9646347,9641129,9641125,9665106,9665106,9641128
9646347,9641129,9641125,9665106,9665106,9665106
9646347,9641129,9641125,9665106,9665106,9641112
9646347,9641129,9641125,9665106,9665106,9641129
9646347,9641129,9641125,9665106,9665106,9641125
9646347,9641129,9641125,9665106,9665106,9641126
9646347,9641129,9641125,9665106,9641112,9641128
9646347,9641129,9641125,9665106,9641112,9665106
9646347,9641129,9641125,9665106,9641112,9641112
9646347,9641129,9641125,9665106,9641112,9641129
9646347,9641129,9641125,9665106,9641112,9641125
9646347,9641129,9641125,9665106,9641112,9641126
9646347,9641129,9641125,9665106,9641129,9641128
9646347,9641129,9641125,9665106,9641129,9665106
9646347,9641129,9641125,9665106,9641129,9641112
9646347,9641129,9641125,9665106,9641129,9641129
9646347,9641129,9641125,9665106,9641129,9641125
9646347,9641129,9641125,9665106,9641129,9641126
9646347,9641129,9641125,9665106,9641125,9641128
9646347,9641129,9641125,9665106,9641125,9665106
9646347,9641129,9641125,9665106,9641125,9641112
9646347,9641129,9641125,9665106,9641125,9641129
9646347,9641129,9641125,9665106,9641125,9641125
9646347,9641129,9641125,9665106,9641125,9641126
9646347,9641129,9641125,9665106,9641126,9641128
9646347,9641129,9641125,9665106,9641126,9665106
9646347,9641129,9641125,9665106,9641126,9641112
9646347,9641129,9641125,9665106,9641126,9641129
9646347,9641129,9641125,9665106,9641126,9641125
9646347,9641129,9641125,9665106,9641126,9641126
9646347,9641129,9641125,9641112,9641128,9641128
9646347,9641129,9641125,9641112,9641128,9665106
9646347,9641129,9641125,9641112,9641128,9641112
9646347,9641129,9641125,9641112,9641128,9641129
9646347,9641129,9641125,9641112,9641128,9641125
9646347,9641129,9641125,9641112,9641128,9641126
9646347,9641129,9641125,9641112,9665106,9641128
9646347,9641129,9641125,9641112,9665106,9665106
9646347,9641129,9641125,9641112,9665106,9641112
9646347,9641129,9641125,9641112,9665106,9641129
9646347,9641129,9641125,9641112,9665106,9641125
9646347,9641129,9641125,9641112,9665106,9641126
9646347,9641129,9641125,9641112,9641112,9641128
9646347,9641129,9641125,9641112,9641112,9665106
9646347,9641129,9641125,9641112,9641112,9641112
9646347,9641129,9641125,9641112,9641112,9641129
9646347,9641129,9641125,9641112,9641112,9641125
9646347,9641129,9641125,9641112,9641112,9641126
9646347,9641129,9641125,9641112,9641129,9641128
9646347,9641129,9641125,9641112,9641129,9665106
9646347,9641129,9641125,9641112,9641129,9641112
9646347,9641129,9641125,9641112,9641129,9641129
9646347,9641129,9641125,9641112,9641129,9641125
9646347,9641129,9641125,9641112,9641129,9641126
9646347,9641129,9641125,9641112,9641125,9641128
9646347,9641129,9641125,9641112,9641125,9665106
9646347,9641129,9641125,9641112,9641125,9641112
9646347,9641129,9641125,9641112,9641125,9641129
9646347,9641129,9641125,9641112,9641125,9641125
9646347,9641129,9641125,9641112,9641125,9641126
9646347,9641129,9641125,9641112,9641126,9641128
9646347,9641129,9641125,9641112,9641126,9665106
9646347,9641129,9641125,9641112,9641126,9641112
9646347,9641129,9641125,9641112,9641126,9641129
9646347,9641129,9641125,9641112,9641126,9641125
9646347,9641129,9641125,9641112,9641126,9641126
9646347,9641129,9641125,9641129,9641128,9641128
9646347,9641129,9641125,9641129,9641128,9665106
9646347,9641129,9641125,9641129,9641128,9641112
9646347,9641129,9641125,9641129,9641128,9641129
9646347,9641129,9641125,9641129,9641128,9641125
9646347,9641129,9641125,9641129,9641128,9641126
9646347,9641129,9641125,9641129,9665106,9641128
9646347,9641129,9641125,9641129,9665106,9665106
9646347,9641129,9641125,9641129,9665106,9641112
9646347,9641129,9641125,9641129,9665106,9641129
9646347,9641129,9641125,9641129,9665106,9641125
9646347,9641129,9641125,9641129,9665106,9641126
9646347,9641129,9641125,9641129,9641112,9641128
9646347,9641129,9641125,9641129,9641112,9665106
9646347,9641129,9641125,9641129,9641112,9641112
9646347,9641129,9641125,9641129,9641112,9641129
9646347,9641129,9641125,9641129,9641112,9641125
9646347,9641129,9641125,9641129,9641112,9641126
9646347,9641129,9641125,9641129,9641129,9641128
9646347,9641129,9641125,9641129,9641129,9665106
9646347,9641129,9641125,9641129,9641129,9641112
9646347,9641129,9641125,9641129,9641129,9641129
9646347,9641129,9641125,9641129,9641129,9641125
9646347,9641129,9641125,9641129,9641129,9641126
9646347,9641129,9641125,9641129,9641125,9641128
9646347,9641129,9641125,9641129,9641125,9665106
9646347,9641129,9641125,9641129,9641125,9641112
9646347,9641129,9641125,9641129,9641125,9641129
9646347,9641129,9641125,9641129,9641125,9641125
9646347,9641129,9641125,9641129,9641125,9641126
9646347,9641129,9641125,9641129,9641126,9641128
9646347,9641129,9641125,9641129,9641126,9665106
9646347,9641129,9641125,9641129,9641126,9641112
9646347,9641129,9641125,9641129,9641126,9641129
9646347,9641129,9641125,9641129,9641126,9641125
9646347,9641129,9641125,9641129,9641126,9641126
9646347,9641129,9641125,9641125,9641128,9641128
9646347,9641129,9641125,9641125,9641128,9665106
9646347,9641129,9641125,9641125,9641128,9641112
9646347,9641129,9641125,9641125,9641128,9641129
9646347,9641129,9641125,9641125,9641128,9641125
9646347,9641129,9641125,9641125,9641128,9641126
9646347,9641129,9641125,9641125,9665106,9641128
9646347,9641129,9641125,9641125,9665106,9665106
9646347,9641129,9641125,9641125,9665106,9641112
9646347,9641129,9641125,9641125,9665106,9641129
9646347,9641129,9641125,9641125,9665106,9641125
9646347,9641129,9641125,9641125,9665106,9641126
9646347,9641129,9641125,9641125,9641112,9641128
9646347,9641129,9641125,9641125,9641112,9665106
9646347,9641129,9641125,9641125,9641112,9641112
9646347,9641129,9641125,9641125,9641112,9641129
9646347,9641129,9641125,9641125,9641112,9641125
9646347,9641129,9641125,9641125,9641112,9641126
9646347,9641129,9641125,9641125,9641129,9641128
9646347,9641129,9641125,9641125,9641129,9665106
9646347,9641129,9641125,9641125,9641129,9641112
9646347,9641129,9641125,9641125,9641129,9641129
9646347,9641129,9641125,9641125,9641129,9641125
9646347,9641129,9641125,9641125,9641129,9641126
9646347,9641129,9641125,9641125,9641125,9641128
9646347,9641129,9641125,9641125,9641125,9665106
9646347,9641129,9641125,9641125,9641125,9641112
9646347,9641129,9641125,9641125,9641125,9641129
9646347,9641129,9641125,9641125,9641125,9641125
9646347,9641129,9641125,9641125,9641125,9641126
9646347,9641129,9641125,9641125,9641126,9641128
9646347,9641129,9641125,9641125,9641126,9665106
9646347,9641129,9641125,9641125,9641126,9641112
9646347,9641129,9641125,9641125,9641126,9641129
9646347,9641129,9641125,9641125,9641126,9641125
9646347,9641129,9641125,9641125,9641126,9641126
9646347,9641129,9641125,9641126,9641128,9641128
9646347,9641129,9641125,9641126,9641128,9665106
9646347,9641129,9641125,9641126,9641128,9641112
9646347,9641129,9641125,9641126,9641128,9641129
9646347,9641129,9641125,9641126,9641128,9641125
9646347,9641129,9641125,9641126,9641128,9641126
9646347,9641129,9641125,9641126,9665106,9641128
9646347,9641129,9641125,9641126,9665106,9665106
9646347,9641129,9641125,9641126,9665106,9641112
9646347,9641129,9641125,9641126,9665106,9641129
9646347,9641129,9641125,9641126,9665106,9641125
9646347,9641129,9641125,9641126,9665106,9641126
9646347,9641129,9641125,9641126,9641112,9641128
9646347,9641129,9641125,9641126,9641112,9665106
9646347,9641129,9641125,9641126,9641112,9641112
9646347,9641129,9641125,9641126,9641112,9641129
9646347,9641129,9641125,9641126,9641112,9641125
9646347,9641129,9641125,9641126,9641112,9641126
9646347,9641129,9641125,9641126,9641129,9641128
9646347,9641129,9641125,9641126,9641129,9665106
9646347,9641129,9641125,9641126,9641129,9641112
9646347,9641129,9641125,9641126,9641129,9641129
9646347,9641129,9641125,9641126,9641129,9641125
9646347,9641129,9641125,9641126,9641129,9641126
9646347,9641129,9641125,9641126,9641125,9641128
9646347,9641129,9641125,9641126,9641125,9665106
9646347,9641129,9641125,9641126,9641125,9641112
9646347,9641129,9641125,9641126,9641125,9641129
9646347,9641129,9641125,9641126,9641125,9641125
9646347,9641129,9641125,9641126,9641125,9641126
9646347,9641129,9641125,9641126,9641126,9641128
9646347,9641129,9641125,9641126,9641126,9665106
9646347,9641129,9641125,9641126,9641126,9641112
9646347,9641129,9641125,9641126,9641126,9641129
9646347,9641129,9641125,9641126,9641126,9641125
9646347,9641129,9641125,9641126,9641126,9641126
9646347,9641129,9641126,9641128,9641128,9641128
9646347,9641129,9641126,9641128,9641128,9665106
9646347,9641129,9641126,9641128,9641128,9641112
9646347,9641129,9641126,9641128,9641128,9641129
9646347,9641129,9641126,9641128,9641128,9641125
9646347,9641129,9641126,9641128,9641128,9641126
9646347,9641129,9641126,9641128,9665106,9641128
9646347,9641129,9641126,9641128,9665106,9665106
9646347,9641129,9641126,9641128,9665106,9641112
9646347,9641129,9641126,9641128,9665106,9641129
9646347,9641129,9641126,9641128,9665106,9641125
9646347,9641129,9641126,9641128,9665106,9641126
9646347,9641129,9641126,9641128,9641112,9641128
9646347,9641129,9641126,9641128,9641112,9665106
9646347,9641129,9641126,9641128,9641112,9641112
9646347,9641129,9641126,9641128,9641112,9641129
9646347,9641129,9641126,9641128,9641112,9641125
9646347,9641129,9641126,9641128,9641112,9641126
9646347,9641129,9641126,9641128,9641129,9641128
9646347,9641129,9641126,9641128,9641129,9665106
9646347,9641129,9641126,9641128,9641129,9641112
9646347,9641129,9641126,9641128,9641129,9641129
9646347,9641129,9641126,9641128,9641129,9641125
9646347,9641129,9641126,9641128,9641129,9641126
9646347,9641129,9641126,9641128,9641125,9641128
9646347,9641129,9641126,9641128,9641125,9665106
9646347,9641129,9641126,9641128,9641125,9641112
9646347,9641129,9641126,9641128,9641125,9641129
9646347,9641129,9641126,9641128,9641125,9641125
9646347,9641129,9641126,9641128,9641125,9641126
9646347,9641129,9641126,9641128,9641126,9641128
9646347,9641129,9641126,9641128,9641126,9665106
9646347,9641129,9641126,9641128,9641126,9641112
9646347,9641129,9641126,9641128,9641126,9641129
9646347,9641129,9641126,9641128,9641126,9641125
9646347,9641129,9641126,9641128,9641126,9641126
9646347,9641129,9641126,9665106,9641128,9641128
9646347,9641129,9641126,9665106,9641128,9665106
9646347,9641129,9641126,9665106,9641128,9641112
9646347,9641129,9641126,9665106,9641128,9641129
9646347,9641129,9641126,9665106,9641128,9641125
9646347,9641129,9641126,9665106,9641128,9641126
9646347,9641129,9641126,9665106,9665106,9641128
9646347,9641129,9641126,9665106,9665106,9665106
9646347,9641129,9641126,9665106,9665106,9641112
9646347,9641129,9641126,9665106,9665106,9641129
9646347,9641129,9641126,9665106,9665106,9641125
9646347,9641129,9641126,9665106,9665106,9641126
9646347,9641129,9641126,9665106,9641112,9641128
9646347,9641129,9641126,9665106,9641112,9665106
9646347,9641129,9641126,9665106,9641112,9641112
9646347,9641129,9641126,9665106,9641112,9641129
9646347,9641129,9641126,9665106,9641112,9641125
9646347,9641129,9641126,9665106,9641112,9641126
9646347,9641129,9641126,9665106,9641129,9641128
9646347,9641129,9641126,9665106,9641129,9665106
9646347,9641129,9641126,9665106,9641129,9641112
9646347,9641129,9641126,9665106,9641129,9641129
9646347,9641129,9641126,9665106,9641129,9641125
9646347,9641129,9641126,9665106,9641129,9641126
9646347,9641129,9641126,9665106,9641125,9641128
9646347,9641129,9641126,9665106,9641125,9665106
9646347,9641129,9641126,9665106,9641125,9641112
9646347,9641129,9641126,9665106,9641125,9641129
9646347,9641129,9641126,9665106,9641125,9641125
9646347,9641129,9641126,9665106,9641125,9641126
9646347,9641129,9641126,9665106,9641126,9641128
9646347,9641129,9641126,9665106,9641126,9665106
9646347,9641129,9641126,9665106,9641126,9641112
9646347,9641129,9641126,9665106,9641126,9641129
9646347,9641129,9641126,9665106,9641126,9641125
9646347,9641129,9641126,9665106,9641126,9641126
9646347,9641129,9641126,9641112,9641128,9641128
9646347,9641129,9641126,9641112,9641128,9665106
9646347,9641129,9641126,9641112,9641128,9641112
9646347,9641129,9641126,9641112,9641128,9641129
9646347,9641129,9641126,9641112,9641128,9641125
9646347,9641129,9641126,9641112,9641128,9641126
9646347,9641129,9641126,9641112,9665106,9641128
9646347,9641129,9641126,9641112,9665106,9665106
9646347,9641129,9641126,9641112,9665106,9641112
9646347,9641129,9641126,9641112,9665106,9641129
9646347,9641129,9641126,9641112,9665106,9641125
9646347,9641129,9641126,9641112,9665106,9641126
9646347,9641129,9641126,9641112,9641112,9641128
9646347,9641129,9641126,9641112,9641112,9665106
9646347,9641129,9641126,9641112,9641112,9641112
9646347,9641129,9641126,9641112,9641112,9641129
9646347,9641129,9641126,9641112,9641112,9641125
9646347,9641129,9641126,9641112,9641112,9641126
9646347,9641129,9641126,9641112,9641129,9641128
9646347,9641129,9641126,9641112,9641129,9665106
9646347,9641129,9641126,9641112,9641129,9641112
9646347,9641129,9641126,9641112,9641129,9641129
9646347,9641129,9641126,9641112,9641129,9641125
9646347,9641129,9641126,9641112,9641129,9641126
9646347,9641129,9641126,9641112,9641125,9641128
9646347,9641129,9641126,9641112,9641125,9665106
9646347,9641129,9641126,9641112,9641125,9641112
9646347,9641129,9641126,9641112,9641125,9641129
9646347,9641129,9641126,9641112,9641125,9641125
9646347,9641129,9641126,9641112,9641125,9641126
9646347,9641129,9641126,9641112,9641126,9641128
9646347,9641129,9641126,9641112,9641126,9665106
9646347,9641129,9641126,9641112,9641126,9641112
9646347,9641129,9641126,9641112,9641126,9641129
9646347,9641129,9641126,9641112,9641126,9641125
9646347,9641129,9641126,9641112,9641126,9641126
9646347,9641129,9641126,9641129,9641128,9641128
9646347,9641129,9641126,9641129,9641128,9665106
9646347,9641129,9641126,9641129,9641128,9641112
9646347,9641129,9641126,9641129,9641128,9641129
9646347,9641129,9641126,9641129,9641128,9641125
9646347,9641129,9641126,9641129,9641128,9641126
9646347,9641129,9641126,9641129,9665106,9641128
9646347,9641129,9641126,9641129,9665106,9665106
9646347,9641129,9641126,9641129,9665106,9641112
9646347,9641129,9641126,9641129,9665106,9641129
9646347,9641129,9641126,9641129,9665106,9641125
9646347,9641129,9641126,9641129,9665106,9641126
9646347,9641129,9641126,9641129,9641112,9641128
9646347,9641129,9641126,9641129,9641112,9665106
9646347,9641129,9641126,9641129,9641112,9641112
9646347,9641129,9641126,9641129,9641112,9641129
9646347,9641129,9641126,9641129,9641112,9641125
9646347,9641129,9641126,9641129,9641112,9641126
9646347,9641129,9641126,9641129,9641129,9641128
9646347,9641129,9641126,9641129,9641129,9665106
9646347,9641129,9641126,9641129,9641129,9641112
9646347,9641129,9641126,9641129,9641129,9641129
9646347,9641129,9641126,9641129,9641129,9641125
9646347,9641129,9641126,9641129,9641129,9641126
9646347,9641129,9641126,9641129,9641125,9641128
9646347,9641129,9641126,9641129,9641125,9665106
9646347,9641129,9641126,9641129,9641125,9641112
9646347,9641129,9641126,9641129,9641125,9641129
9646347,9641129,9641126,9641129,9641125,9641125
9646347,9641129,9641126,9641129,9641125,9641126
9646347,9641129,9641126,9641129,9641126,9641128
9646347,9641129,9641126,9641129,9641126,9665106
9646347,9641129,9641126,9641129,9641126,9641112
9646347,9641129,9641126,9641129,9641126,9641129
9646347,9641129,9641126,9641129,9641126,9641125
9646347,9641129,9641126,9641129,9641126,9641126
9646347,9641129,9641126,9641125,9641128,9641128
9646347,9641129,9641126,9641125,9641128,9665106
9646347,9641129,9641126,9641125,9641128,9641112
9646347,9641129,9641126,9641125,9641128,9641129
9646347,9641129,9641126,9641125,9641128,9641125
9646347,9641129,9641126,9641125,9641128,9641126
9646347,9641129,9641126,9641125,9665106,9641128
9646347,9641129,9641126,9641125,9665106,9665106
9646347,9641129,9641126,9641125,9665106,9641112
9646347,9641129,9641126,9641125,9665106,9641129
9646347,9641129,9641126,9641125,9665106,9641125
9646347,9641129,9641126,9641125,9665106,9641126
9646347,9641129,9641126,9641125,9641112,9641128
9646347,9641129,9641126,9641125,9641112,9665106
9646347,9641129,9641126,9641125,9641112,9641112
9646347,9641129,9641126,9641125,9641112,9641129
9646347,9641129,9641126,9641125,9641112,9641125
9646347,9641129,9641126,9641125,9641112,9641126
9646347,9641129,9641126,9641125,9641129,9641128
9646347,9641129,9641126,9641125,9641129,9665106
9646347,9641129,9641126,9641125,9641129,9641112
9646347,9641129,9641126,9641125,9641129,9641129
9646347,9641129,9641126,9641125,9641129,9641125
9646347,9641129,9641126,9641125,9641129,9641126
9646347,9641129,9641126,9641125,9641125,9641128
9646347,9641129,9641126,9641125,9641125,9665106
9646347,9641129,9641126,9641125,9641125,9641112
9646347,9641129,9641126,9641125,9641125,9641129
9646347,9641129,9641126,9641125,9641125,9641125
9646347,9641129,9641126,9641125,9641125,9641126
9646347,9641129,9641126,9641125,9641126,9641128
9646347,9641129,9641126,9641125,9641126,9665106
9646347,9641129,9641126,9641125,9641126,9641112
9646347,9641129,9641126,9641125,9641126,9641129
9646347,9641129,9641126,9641125,9641126,9641125
9646347,9641129,9641126,9641125,9641126,9641126
9646347,9641129,9641126,9641126,9641128,9641128
9646347,9641129,9641126,9641126,9641128,9665106
9646347,9641129,9641126,9641126,9641128,9641112
9646347,9641129,9641126,9641126,9641128,9641129
9646347,9641129,9641126,9641126,9641128,9641125
9646347,9641129,9641126,9641126,9641128,9641126
9646347,9641129,9641126,9641126,9665106,9641128
9646347,9641129,9641126,9641126,9665106,9665106
9646347,9641129,9641126,9641126,9665106,9641112
9646347,9641129,9641126,9641126,9665106,9641129
9646347,9641129,9641126,9641126,9665106,9641125
9646347,9641129,9641126,9641126,9665106,9641126
9646347,9641129,9641126,9641126,9641112,9641128
9646347,9641129,9641126,9641126,9641112,9665106
9646347,9641129,9641126,9641126,9641112,9641112
9646347,9641129,9641126,9641126,9641112,9641129
9646347,9641129,9641126,9641126,9641112,9641125
9646347,9641129,9641126,9641126,9641112,9641126
9646347,9641129,9641126,9641126,9641129,9641128
9646347,9641129,9641126,9641126,9641129,9665106
9646347,9641129,9641126,9641126,9641129,9641112
9646347,9641129,9641126,9641126,9641129,9641129
9646347,9641129,9641126,9641126,9641129,9641125
9646347,9641129,9641126,9641126,9641129,9641126
9646347,9641129,9641126,9641126,9641125,9641128
9646347,9641129,9641126,9641126,9641125,9665106
9646347,9641129,9641126,9641126,9641125,9641112
9646347,9641129,9641126,9641126,9641125,9641129
9646347,9641129,9641126,9641126,9641125,9641125
9646347,9641129,9641126,9641126,9641125,9641126
9646347,9641129,9641126,9641126,9641126,9641128
9646347,9641129,9641126,9641126,9641126,9665106
9646347,9641129,9641126,9641126,9641126,9641112
9646347,9641129,9641126,9641126,9641126,9641129
9646347,9641129,9641126,9641126,9641126,9641125
9646347,9641129,9641126,9641126,9641126,9641126
9646347,9641125,9641128,9641128,9641128,9641128
9646347,9641125,9641128,9641128,9641128,9665106
9646347,9641125,9641128,9641128,9641128,9641112
9646347,9641125,9641128,9641128,9641128,9641129
9646347,9641125,9641128,9641128,9641128,9641125
9646347,9641125,9641128,9641128,9641128,9641126
9646347,9641125,9641128,9641128,9665106,9641128
9646347,9641125,9641128,9641128,9665106,9665106
9646347,9641125,9641128,9641128,9665106,9641112
9646347,9641125,9641128,9641128,9665106,9641129
9646347,9641125,9641128,9641128,9665106,9641125
9646347,9641125,9641128,9641128,9665106,9641126
9646347,9641125,9641128,9641128,9641112,9641128
9646347,9641125,9641128,9641128,9641112,9665106
9646347,9641125,9641128,9641128,9641112,9641112
9646347,9641125,9641128,9641128,9641112,9641129
9646347,9641125,9641128,9641128,9641112,9641125
9646347,9641125,9641128,9641128,9641112,9641126
9646347,9641125,9641128,9641128,9641129,9641128
9646347,9641125,9641128,9641128,9641129,9665106
9646347,9641125,9641128,9641128,9641129,9641112
9646347,9641125,9641128,9641128,9641129,9641129
9646347,9641125,9641128,9641128,9641129,9641125
9646347,9641125,9641128,9641128,9641129,9641126
9646347,9641125,9641128,9641128,9641125,9641128
9646347,9641125,9641128,9641128,9641125,9665106
9646347,9641125,9641128,9641128,9641125,9641112
9646347,9641125,9641128,9641128,9641125,9641129
9646347,9641125,9641128,9641128,9641125,9641125
9646347,9641125,9641128,9641128,9641125,9641126
9646347,9641125,9641128,9641128,9641126,9641128
9646347,9641125,9641128,9641128,9641126,9665106
9646347,9641125,9641128,9641128,9641126,9641112
9646347,9641125,9641128,9641128,9641126,9641129
9646347,9641125,9641128,9641128,9641126,9641125
9646347,9641125,9641128,9641128,9641126,9641126
9646347,9641125,9641128,9665106,9641128,9641128
9646347,9641125,9641128,9665106,9641128,9665106
9646347,9641125,9641128,9665106,9641128,9641112
9646347,9641125,9641128,9665106,9641128,9641129
9646347,9641125,9641128,9665106,9641128,9641125
9646347,9641125,9641128,9665106,9641128,9641126
9646347,9641125,9641128,9665106,9665106,9641128
9646347,9641125,9641128,9665106,9665106,9665106
9646347,9641125,9641128,9665106,9665106,9641112
9646347,9641125,9641128,9665106,9665106,9641129
9646347,9641125,9641128,9665106,9665106,9641125
9646347,9641125,9641128,9665106,9665106,9641126
9646347,9641125,9641128,9665106,9641112,9641128
9646347,9641125,9641128,9665106,9641112,9665106
9646347,9641125,9641128,9665106,9641112,9641112
9646347,9641125,9641128,9665106,9641112,9641129
9646347,9641125,9641128,9665106,9641112,9641125
9646347,9641125,9641128,9665106,9641112,9641126
9646347,9641125,9641128,9665106,9641129,9641128
9646347,9641125,9641128,9665106,9641129,9665106
9646347,9641125,9641128,9665106,9641129,9641112
9646347,9641125,9641128,9665106,9641129,9641129
9646347,9641125,9641128,9665106,9641129,9641125
9646347,9641125,9641128,9665106,9641129,9641126
9646347,9641125,9641128,9665106,9641125,9641128
9646347,9641125,9641128,9665106,9641125,9665106
9646347,9641125,9641128,9665106,9641125,9641112
9646347,9641125,9641128,9665106,9641125,9641129
9646347,9641125,9641128,9665106,9641125,9641125
9646347,9641125,9641128,9665106,9641125,9641126
9646347,9641125,9641128,9665106,9641126,9641128
9646347,9641125,9641128,9665106,9641126,9665106
9646347,9641125,9641128,9665106,9641126,9641112
9646347,9641125,9641128,9665106,9641126,9641129
9646347,9641125,9641128,9665106,9641126,9641125
9646347,9641125,9641128,9665106,9641126,9641126
9646347,9641125,9641128,9641112,9641128,9641128
9646347,9641125,9641128,9641112,9641128,9665106
9646347,9641125,9641128,9641112,9641128,9641112
9646347,9641125,9641128,9641112,9641128,9641129
9646347,9641125,9641128,9641112,9641128,9641125
9646347,9641125,9641128,9641112,9641128,9641126
9646347,9641125,9641128,9641112,9665106,9641128
9646347,9641125,9641128,9641112,9665106,9665106
9646347,9641125,9641128,9641112,9665106,9641112
9646347,9641125,9641128,9641112,9665106,9641129
9646347,9641125,9641128,9641112,9665106,9641125
9646347,9641125,9641128,9641112,9665106,9641126
9646347,9641125,9641128,9641112,9641112,9641128
9646347,9641125,9641128,9641112,9641112,9665106
9646347,9641125,9641128,9641112,9641112,9641112
9646347,9641125,9641128,9641112,9641112,9641129
9646347,9641125,9641128,9641112,9641112,9641125
9646347,9641125,9641128,9641112,9641112,9641126
9646347,9641125,9641128,9641112,9641129,9641128
9646347,9641125,9641128,9641112,9641129,9665106
9646347,9641125,9641128,9641112,9641129,9641112
9646347,9641125,9641128,9641112,9641129,9641129
9646347,9641125,9641128,9641112,9641129,9641125
9646347,9641125,9641128,9641112,9641129,9641126
9646347,9641125,9641128,9641112,9641125,9641128
9646347,9641125,9641128,9641112,9641125,9665106
9646347,9641125,9641128,9641112,9641125,9641112
9646347,9641125,9641128,9641112,9641125,9641129
9646347,9641125,9641128,9641112,9641125,9641125
9646347,9641125,9641128,9641112,9641125,9641126
9646347,9641125,9641128,9641112,9641126,9641128
9646347,9641125,9641128,9641112,9641126,9665106
9646347,9641125,9641128,9641112,9641126,9641112
9646347,9641125,9641128,9641112,9641126,9641129
9646347,9641125,9641128,9641112,9641126,9641125
9646347,9641125,9641128,9641112,9641126,9641126
9646347,9641125,9641128,9641129,9641128,9641128
9646347,9641125,9641128,9641129,9641128,9665106
9646347,9641125,9641128,9641129,9641128,9641112
9646347,9641125,9641128,9641129,9641128,9641129
9646347,9641125,9641128,9641129,9641128,9641125
9646347,9641125,9641128,9641129,9641128,9641126
9646347,9641125,9641128,9641129,9665106,9641128
9646347,9641125,9641128,9641129,9665106,9665106
9646347,9641125,9641128,9641129,9665106,9641112
9646347,9641125,9641128,9641129,9665106,9641129
9646347,9641125,9641128,9641129,9665106,9641125
9646347,9641125,9641128,9641129,9665106,9641126
9646347,9641125,9641128,9641129,9641112,9641128
9646347,9641125,9641128,9641129,9641112,9665106
9646347,9641125,9641128,9641129,9641112,9641112
9646347,9641125,9641128,9641129,9641112,9641129
9646347,9641125,9641128,9641129,9641112,9641125
9646347,9641125,9641128,9641129,9641112,9641126
9646347,9641125,9641128,9641129,9641129,9641128
9646347,9641125,9641128,9641129,9641129,9665106
9646347,9641125,9641128,9641129,9641129,9641112
9646347,9641125,9641128,9641129,9641129,9641129
9646347,9641125,9641128,9641129,9641129,9641125
9646347,9641125,9641128,9641129,9641129,9641126
9646347,9641125,9641128,9641129,9641125,9641128
9646347,9641125,9641128,9641129,9641125,9665106
9646347,9641125,9641128,9641129,9641125,9641112
9646347,9641125,9641128,9641129,9641125,9641129
9646347,9641125,9641128,9641129,9641125,9641125
9646347,9641125,9641128,9641129,9641125,9641126
9646347,9641125,9641128,9641129,9641126,9641128
9646347,9641125,9641128,9641129,9641126,9665106
9646347,9641125,9641128,9641129,9641126,9641112
9646347,9641125,9641128,9641129,9641126,9641129
9646347,9641125,9641128,9641129,9641126,9641125
9646347,9641125,9641128,9641129,9641126,9641126
9646347,9641125,9641128,9641125,9641128,9641128
9646347,9641125,9641128,9641125,9641128,9665106
9646347,9641125,9641128,9641125,9641128,9641112
9646347,9641125,9641128,9641125,9641128,9641129
9646347,9641125,9641128,9641125,9641128,9641125
9646347,9641125,9641128,9641125,9641128,9641126
9646347,9641125,9641128,9641125,9665106,9641128
9646347,9641125,9641128,9641125,9665106,9665106
9646347,9641125,9641128,9641125,9665106,9641112
9646347,9641125,9641128,9641125,9665106,9641129
9646347,9641125,9641128,9641125,9665106,9641125
9646347,9641125,9641128,9641125,9665106,9641126
9646347,9641125,9641128,9641125,9641112,9641128
9646347,9641125,9641128,9641125,9641112,9665106
9646347,9641125,9641128,9641125,9641112,9641112
9646347,9641125,9641128,9641125,9641112,9641129
9646347,9641125,9641128,9641125,9641112,9641125
9646347,9641125,9641128,9641125,9641112,9641126
9646347,9641125,9641128,9641125,9641129,9641128
9646347,9641125,9641128,9641125,9641129,9665106
9646347,9641125,9641128,9641125,9641129,9641112
9646347,9641125,9641128,9641125,9641129,9641129
9646347,9641125,9641128,9641125,9641129,9641125
9646347,9641125,9641128,9641125,9641129,9641126
9646347,9641125,9641128,9641125,9641125,9641128
9646347,9641125,9641128,9641125,9641125,9665106
9646347,9641125,9641128,9641125,9641125,9641112
9646347,9641125,9641128,9641125,9641125,9641129
9646347,9641125,9641128,9641125,9641125,9641125
9646347,9641125,9641128,9641125,9641125,9641126
9646347,9641125,9641128,9641125,9641126,9641128
9646347,9641125,9641128,9641125,9641126,9665106
9646347,9641125,9641128,9641125,9641126,9641112
9646347,9641125,9641128,9641125,9641126,9641129
9646347,9641125,9641128,9641125,9641126,9641125
9646347,9641125,9641128,9641125,9641126,9641126
9646347,9641125,9641128,9641126,9641128,9641128
9646347,9641125,9641128,9641126,9641128,9665106
9646347,9641125,9641128,9641126,9641128,9641112
9646347,9641125,9641128,9641126,9641128,9641129
9646347,9641125,9641128,9641126,9641128,9641125
9646347,9641125,9641128,9641126,9641128,9641126
9646347,9641125,9641128,9641126,9665106,9641128
9646347,9641125,9641128,9641126,9665106,9665106
9646347,9641125,9641128,9641126,9665106,9641112
9646347,9641125,9641128,9641126,9665106,9641129
9646347,9641125,9641128,9641126,9665106,9641125
9646347,9641125,9641128,9641126,9665106,9641126
9646347,9641125,9641128,9641126,9641112,9641128
9646347,9641125,9641128,9641126,9641112,9665106
9646347,9641125,9641128,9641126,9641112,9641112
9646347,9641125,9641128,9641126,9641112,9641129
9646347,9641125,9641128,9641126,9641112,9641125
9646347,9641125,9641128,9641126,9641112,9641126
9646347,9641125,9641128,9641126,9641129,9641128
9646347,9641125,9641128,9641126,9641129,9665106
9646347,9641125,9641128,9641126,9641129,9641112
9646347,9641125,9641128,9641126,9641129,9641129
9646347,9641125,9641128,9641126,9641129,9641125
9646347,9641125,9641128,9641126,9641129,9641126
9646347,9641125,9641128,9641126,9641125,9641128
9646347,9641125,9641128,9641126,9641125,9665106
9646347,9641125,9641128,9641126,9641125,9641112
9646347,9641125,9641128,9641126,9641125,9641129
9646347,9641125,9641128,9641126,9641125,9641125
9646347,9641125,9641128,9641126,9641125,9641126
9646347,9641125,9641128,9641126,9641126,9641128
9646347,9641125,9641128,9641126,9641126,9665106
9646347,9641125,9641128,9641126,9641126,9641112
9646347,9641125,9641128,9641126,9641126,9641129
9646347,9641125,9641128,9641126,9641126,9641125
9646347,9641125,9641128,9641126,9641126,9641126
9646347,9641125,9665106,9641128,9641128,9641128
9646347,9641125,9665106,9641128,9641128,9665106
9646347,9641125,9665106,9641128,9641128,9641112
9646347,9641125,9665106,9641128,9641128,9641129
9646347,9641125,9665106,9641128,9641128,9641125
9646347,9641125,9665106,9641128,9641128,9641126
9646347,9641125,9665106,9641128,9665106,9641128
9646347,9641125,9665106,9641128,9665106,9665106
9646347,9641125,9665106,9641128,9665106,9641112
9646347,9641125,9665106,9641128,9665106,9641129
9646347,9641125,9665106,9641128,9665106,9641125
9646347,9641125,9665106,9641128,9665106,9641126
9646347,9641125,9665106,9641128,9641112,9641128
9646347,9641125,9665106,9641128,9641112,9665106
9646347,9641125,9665106,9641128,9641112,9641112
9646347,9641125,9665106,9641128,9641112,9641129
9646347,9641125,9665106,9641128,9641112,9641125
9646347,9641125,9665106,9641128,9641112,9641126
9646347,9641125,9665106,9641128,9641129,9641128
9646347,9641125,9665106,9641128,9641129,9665106
9646347,9641125,9665106,9641128,9641129,9641112
9646347,9641125,9665106,9641128,9641129,9641129
9646347,9641125,9665106,9641128,9641129,9641125
9646347,9641125,9665106,9641128,9641129,9641126
9646347,9641125,9665106,9641128,9641125,9641128
9646347,9641125,9665106,9641128,9641125,9665106
9646347,9641125,9665106,9641128,9641125,9641112
9646347,9641125,9665106,9641128,9641125,9641129
9646347,9641125,9665106,9641128,9641125,9641125
9646347,9641125,9665106,9641128,9641125,9641126
9646347,9641125,9665106,9641128,9641126,9641128
9646347,9641125,9665106,9641128,9641126,9665106
9646347,9641125,9665106,9641128,9641126,9641112
9646347,9641125,9665106,9641128,9641126,9641129
9646347,9641125,9665106,9641128,9641126,9641125
9646347,9641125,9665106,9641128,9641126,9641126
9646347,9641125,9665106,9665106,9641128,9641128
9646347,9641125,9665106,9665106,9641128,9665106
9646347,9641125,9665106,9665106,9641128,9641112
9646347,9641125,9665106,9665106,9641128,9641129
9646347,9641125,9665106,9665106,9641128,9641125
9646347,9641125,9665106,9665106,9641128,9641126
9646347,9641125,9665106,9665106,9665106,9641128
9646347,9641125,9665106,9665106,9665106,9665106
9646347,9641125,9665106,9665106,9665106,9641112
9646347,9641125,9665106,9665106,9665106,9641129
9646347,9641125,9665106,9665106,9665106,9641125
9646347,9641125,9665106,9665106,9665106,9641126
9646347,9641125,9665106,9665106,9641112,9641128
9646347,9641125,9665106,9665106,9641112,9665106
9646347,9641125,9665106,9665106,9641112,9641112
9646347,9641125,9665106,9665106,9641112,9641129
9646347,9641125,9665106,9665106,9641112,9641125
9646347,9641125,9665106,9665106,9641112,9641126
9646347,9641125,9665106,9665106,9641129,9641128
9646347,9641125,9665106,9665106,9641129,9665106
9646347,9641125,9665106,9665106,9641129,9641112
9646347,9641125,9665106,9665106,9641129,9641129
9646347,9641125,9665106,9665106,9641129,9641125
9646347,9641125,9665106,9665106,9641129,9641126
9646347,9641125,9665106,9665106,9641125,9641128
9646347,9641125,9665106,9665106,9641125,9665106
9646347,9641125,9665106,9665106,9641125,9641112
9646347,9641125,9665106,9665106,9641125,9641129
9646347,9641125,9665106,9665106,9641125,9641125
9646347,9641125,9665106,9665106,9641125,9641126
9646347,9641125,9665106,9665106,9641126,9641128
9646347,9641125,9665106,9665106,9641126,9665106
9646347,9641125,9665106,9665106,9641126,9641112
9646347,9641125,9665106,9665106,9641126,9641129
9646347,9641125,9665106,9665106,9641126,9641125
9646347,9641125,9665106,9665106,9641126,9641126
9646347,9641125,9665106,9641112,9641128,9641128
9646347,9641125,9665106,9641112,9641128,9665106
9646347,9641125,9665106,9641112,9641128,9641112
9646347,9641125,9665106,9641112,9641128,9641129
9646347,9641125,9665106,9641112,9641128,9641125
9646347,9641125,9665106,9641112,9641128,9641126
9646347,9641125,9665106,9641112,9665106,9641128
9646347,9641125,9665106,9641112,9665106,9665106
9646347,9641125,9665106,9641112,9665106,9641112
9646347,9641125,9665106,9641112,9665106,9641129
9646347,9641125,9665106,9641112,9665106,9641125
9646347,9641125,9665106,9641112,9665106,9641126
9646347,9641125,9665106,9641112,9641112,9641128
9646347,9641125,9665106,9641112,9641112,9665106
9646347,9641125,9665106,9641112,9641112,9641112
9646347,9641125,9665106,9641112,9641112,9641129
9646347,9641125,9665106,9641112,9641112,9641125
9646347,9641125,9665106,9641112,9641112,9641126
9646347,9641125,9665106,9641112,9641129,9641128
9646347,9641125,9665106,9641112,9641129,9665106
9646347,9641125,9665106,9641112,9641129,9641112
9646347,9641125,9665106,9641112,9641129,9641129
9646347,9641125,9665106,9641112,9641129,9641125
9646347,9641125,9665106,9641112,9641129,9641126
9646347,9641125,9665106,9641112,9641125,9641128
9646347,9641125,9665106,9641112,9641125,9665106
9646347,9641125,9665106,9641112,9641125,9641112
9646347,9641125,9665106,9641112,9641125,9641129
9646347,9641125,9665106,9641112,9641125,9641125
9646347,9641125,9665106,9641112,9641125,9641126
9646347,9641125,9665106,9641112,9641126,9641128
9646347,9641125,9665106,9641112,9641126,9665106
9646347,9641125,9665106,9641112,9641126,9641112
9646347,9641125,9665106,9641112,9641126,9641129
9646347,9641125,9665106,9641112,9641126,9641125
9646347,9641125,9665106,9641112,9641126,9641126
9646347,9641125,9665106,9641129,9641128,9641128
9646347,9641125,9665106,9641129,9641128,9665106
9646347,9641125,9665106,9641129,9641128,9641112
9646347,9641125,9665106,9641129,9641128,9641129
9646347,9641125,9665106,9641129,9641128,9641125
9646347,9641125,9665106,9641129,9641128,9641126
9646347,9641125,9665106,9641129,9665106,9641128
9646347,9641125,9665106,9641129,9665106,9665106
9646347,9641125,9665106,9641129,9665106,9641112
9646347,9641125,9665106,9641129,9665106,9641129
9646347,9641125,9665106,9641129,9665106,9641125
9646347,9641125,9665106,9641129,9665106,9641126
9646347,9641125,9665106,9641129,9641112,9641128
9646347,9641125,9665106,9641129,9641112,9665106
9646347,9641125,9665106,9641129,9641112,9641112
9646347,9641125,9665106,9641129,9641112,9641129
9646347,9641125,9665106,9641129,9641112,9641125
9646347,9641125,9665106,9641129,9641112,9641126
9646347,9641125,9665106,9641129,9641129,9641128
9646347,9641125,9665106,9641129,9641129,9665106
9646347,9641125,9665106,9641129,9641129,9641112
9646347,9641125,9665106,9641129,9641129,9641129
9646347,9641125,9665106,9641129,9641129,9641125
9646347,9641125,9665106,9641129,9641129,9641126
9646347,9641125,9665106,9641129,9641125,9641128
9646347,9641125,9665106,9641129,9641125,9665106
9646347,9641125,9665106,9641129,9641125,9641112
9646347,9641125,9665106,9641129,9641125,9641129
9646347,9641125,9665106,9641129,9641125,9641125
9646347,9641125,9665106,9641129,9641125,9641126
9646347,9641125,9665106,9641129,9641126,9641128
9646347,9641125,9665106,9641129,9641126,9665106
9646347,9641125,9665106,9641129,9641126,9641112
9646347,9641125,9665106,9641129,9641126,9641129
9646347,9641125,9665106,9641129,9641126,9641125
9646347,9641125,9665106,9641129,9641126,9641126
9646347,9641125,9665106,9641125,9641128,9641128
9646347,9641125,9665106,9641125,9641128,9665106
9646347,9641125,9665106,9641125,9641128,9641112
9646347,9641125,9665106,9641125,9641128,9641129
9646347,9641125,9665106,9641125,9641128,9641125
9646347,9641125,9665106,9641125,9641128,9641126
9646347,9641125,9665106,9641125,9665106,9641128
9646347,9641125,9665106,9641125,9665106,9665106
9646347,9641125,9665106,9641125,9665106,9641112
9646347,9641125,9665106,9641125,9665106,9641129
9646347,9641125,9665106,9641125,9665106,9641125
9646347,9641125,9665106,9641125,9665106,9641126
9646347,9641125,9665106,9641125,9641112,9641128
9646347,9641125,9665106,9641125,9641112,9665106
9646347,9641125,9665106,9641125,9641112,9641112
9646347,9641125,9665106,9641125,9641112,9641129
9646347,9641125,9665106,9641125,9641112,9641125
9646347,9641125,9665106,9641125,9641112,9641126
9646347,9641125,9665106,9641125,9641129,9641128
9646347,9641125,9665106,9641125,9641129,9665106
9646347,9641125,9665106,9641125,9641129,9641112
9646347,9641125,9665106,9641125,9641129,9641129
9646347,9641125,9665106,9641125,9641129,9641125
9646347,9641125,9665106,9641125,9641129,9641126
9646347,9641125,9665106,9641125,9641125,9641128
9646347,9641125,9665106,9641125,9641125,9665106
9646347,9641125,9665106,9641125,9641125,9641112
9646347,9641125,9665106,9641125,9641125,9641129
9646347,9641125,9665106,9641125,9641125,9641125
9646347,9641125,9665106,9641125,9641125,9641126
9646347,9641125,9665106,9641125,9641126,9641128
9646347,9641125,9665106,9641125,9641126,9665106
9646347,9641125,9665106,9641125,9641126,9641112
9646347,9641125,9665106,9641125,9641126,9641129
9646347,9641125,9665106,9641125,9641126,9641125
9646347,9641125,9665106,9641125,9641126,9641126
9646347,9641125,9665106,9641126,9641128,9641128
9646347,9641125,9665106,9641126,9641128,9665106
9646347,9641125,9665106,9641126,9641128,9641112
9646347,9641125,9665106,9641126,9641128,9641129
9646347,9641125,9665106,9641126,9641128,9641125
9646347,9641125,9665106,9641126,9641128,9641126
9646347,9641125,9665106,9641126,9665106,9641128
9646347,9641125,9665106,9641126,9665106,9665106
9646347,9641125,9665106,9641126,9665106,9641112
9646347,9641125,9665106,9641126,9665106,9641129
9646347,9641125,9665106,9641126,9665106,9641125
9646347,9641125,9665106,9641126,9665106,9641126
9646347,9641125,9665106,9641126,9641112,9641128
9646347,9641125,9665106,9641126,9641112,9665106
9646347,9641125,9665106,9641126,9641112,9641112
9646347,9641125,9665106,9641126,9641112,9641129
9646347,9641125,9665106,9641126,9641112,9641125
9646347,9641125,9665106,9641126,9641112,9641126
9646347,9641125,9665106,9641126,9641129,9641128
9646347,9641125,9665106,9641126,9641129,9665106
9646347,9641125,9665106,9641126,9641129,9641112
9646347,9641125,9665106,9641126,9641129,9641129
9646347,9641125,9665106,9641126,9641129,9641125
9646347,9641125,9665106,9641126,9641129,9641126
9646347,9641125,9665106,9641126,9641125,9641128
9646347,9641125,9665106,9641126,9641125,9665106
9646347,9641125,9665106,9641126,9641125,9641112
9646347,9641125,9665106,9641126,9641125,9641129
9646347,9641125,9665106,9641126,9641125,9641125
9646347,9641125,9665106,9641126,9641125,9641126
9646347,9641125,9665106,9641126,9641126,9641128
9646347,9641125,9665106,9641126,9641126,9665106
9646347,9641125,9665106,9641126,9641126,9641112
9646347,9641125,9665106,9641126,9641126,9641129
9646347,9641125,9665106,9641126,9641126,9641125
9646347,9641125,9665106,9641126,9641126,9641126
9646347,9641125,9641112,9641128,9641128,9641128
9646347,9641125,9641112,9641128,9641128,9665106
9646347,9641125,9641112,9641128,9641128,9641112
9646347,9641125,9641112,9641128,9641128,9641129
9646347,9641125,9641112,9641128,9641128,9641125
9646347,9641125,9641112,9641128,9641128,9641126
9646347,9641125,9641112,9641128,9665106,9641128
9646347,9641125,9641112,9641128,9665106,9665106
9646347,9641125,9641112,9641128,9665106,9641112
9646347,9641125,9641112,9641128,9665106,9641129
9646347,9641125,9641112,9641128,9665106,9641125
9646347,9641125,9641112,9641128,9665106,9641126
9646347,9641125,9641112,9641128,9641112,9641128
9646347,9641125,9641112,9641128,9641112,9665106
9646347,9641125,9641112,9641128,9641112,9641112
9646347,9641125,9641112,9641128,9641112,9641129
9646347,9641125,9641112,9641128,9641112,9641125
9646347,9641125,9641112,9641128,9641112,9641126
9646347,9641125,9641112,9641128,9641129,9641128
9646347,9641125,9641112,9641128,9641129,9665106
9646347,9641125,9641112,9641128,9641129,9641112
9646347,9641125,9641112,9641128,9641129,9641129
9646347,9641125,9641112,9641128,9641129,9641125
9646347,9641125,9641112,9641128,9641129,9641126
9646347,9641125,9641112,9641128,9641125,9641128
9646347,9641125,9641112,9641128,9641125,9665106
9646347,9641125,9641112,9641128,9641125,9641112
9646347,9641125,9641112,9641128,9641125,9641129
9646347,9641125,9641112,9641128,9641125,9641125
9646347,9641125,9641112,9641128,9641125,9641126
9646347,9641125,9641112,9641128,9641126,9641128
9646347,9641125,9641112,9641128,9641126,9665106
9646347,9641125,9641112,9641128,9641126,9641112
9646347,9641125,9641112,9641128,9641126,9641129
9646347,9641125,9641112,9641128,9641126,9641125
9646347,9641125,9641112,9641128,9641126,9641126
9646347,9641125,9641112,9665106,9641128,9641128
9646347,9641125,9641112,9665106,9641128,9665106
9646347,9641125,9641112,9665106,9641128,9641112
9646347,9641125,9641112,9665106,9641128,9641129
9646347,9641125,9641112,9665106,9641128,9641125
9646347,9641125,9641112,9665106,9641128,9641126
9646347,9641125,9641112,9665106,9665106,9641128
9646347,9641125,9641112,9665106,9665106,9665106
9646347,9641125,9641112,9665106,9665106,9641112
9646347,9641125,9641112,9665106,9665106,9641129
9646347,9641125,9641112,9665106,9665106,9641125
9646347,9641125,9641112,9665106,9665106,9641126
9646347,9641125,9641112,9665106,9641112,9641128
9646347,9641125,9641112,9665106,9641112,9665106
9646347,9641125,9641112,9665106,9641112,9641112
9646347,9641125,9641112,9665106,9641112,9641129
9646347,9641125,9641112,9665106,9641112,9641125
9646347,9641125,9641112,9665106,9641112,9641126
9646347,9641125,9641112,9665106,9641129,9641128
9646347,9641125,9641112,9665106,9641129,9665106
9646347,9641125,9641112,9665106,9641129,9641112
9646347,9641125,9641112,9665106,9641129,9641129
9646347,9641125,9641112,9665106,9641129,9641125
9646347,9641125,9641112,9665106,9641129,9641126
9646347,9641125,9641112,9665106,9641125,9641128
9646347,9641125,9641112,9665106,9641125,9665106
9646347,9641125,9641112,9665106,9641125,9641112
9646347,9641125,9641112,9665106,9641125,9641129
9646347,9641125,9641112,9665106,9641125,9641125
9646347,9641125,9641112,9665106,9641125,9641126
9646347,9641125,9641112,9665106,9641126,9641128
9646347,9641125,9641112,9665106,9641126,9665106
9646347,9641125,9641112,9665106,9641126,9641112
9646347,9641125,9641112,9665106,9641126,9641129
9646347,9641125,9641112,9665106,9641126,9641125
9646347,9641125,9641112,9665106,9641126,9641126
9646347,9641125,9641112,9641112,9641128,9641128
9646347,9641125,9641112,9641112,9641128,9665106
9646347,9641125,9641112,9641112,9641128,9641112
9646347,9641125,9641112,9641112,9641128,9641129
9646347,9641125,9641112,9641112,9641128,9641125
9646347,9641125,9641112,9641112,9641128,9641126
9646347,9641125,9641112,9641112,9665106,9641128
9646347,9641125,9641112,9641112,9665106,9665106
9646347,9641125,9641112,9641112,9665106,9641112
9646347,9641125,9641112,9641112,9665106,9641129
9646347,9641125,9641112,9641112,9665106,9641125
9646347,9641125,9641112,9641112,9665106,9641126
9646347,9641125,9641112,9641112,9641112,9641128
9646347,9641125,9641112,9641112,9641112,9665106
9646347,9641125,9641112,9641112,9641112,9641112
9646347,9641125,9641112,9641112,9641112,9641129
9646347,9641125,9641112,9641112,9641112,9641125
9646347,9641125,9641112,9641112,9641112,9641126
9646347,9641125,9641112,9641112,9641129,9641128
9646347,9641125,9641112,9641112,9641129,9665106
9646347,9641125,9641112,9641112,9641129,9641112
9646347,9641125,9641112,9641112,9641129,9641129
9646347,9641125,9641112,9641112,9641129,9641125
9646347,9641125,9641112,9641112,9641129,9641126
9646347,9641125,9641112,9641112,9641125,9641128
9646347,9641125,9641112,9641112,9641125,9665106
9646347,9641125,9641112,9641112,9641125,9641112
9646347,9641125,9641112,9641112,9641125,9641129
9646347,9641125,9641112,9641112,9641125,9641125
9646347,9641125,9641112,9641112,9641125,9641126
9646347,9641125,9641112,9641112,9641126,9641128
9646347,9641125,9641112,9641112,9641126,9665106
9646347,9641125,9641112,9641112,9641126,9641112
9646347,9641125,9641112,9641112,9641126,9641129
9646347,9641125,9641112,9641112,9641126,9641125
9646347,9641125,9641112,9641112,9641126,9641126
9646347,9641125,9641112,9641129,9641128,9641128
9646347,9641125,9641112,9641129,9641128,9665106
9646347,9641125,9641112,9641129,9641128,9641112
9646347,9641125,9641112,9641129,9641128,9641129
9646347,9641125,9641112,9641129,9641128,9641125
9646347,9641125,9641112,9641129,9641128,9641126
9646347,9641125,9641112,9641129,9665106,9641128
9646347,9641125,9641112,9641129,9665106,9665106
9646347,9641125,9641112,9641129,9665106,9641112
9646347,9641125,9641112,9641129,9665106,9641129
9646347,9641125,9641112,9641129,9665106,9641125
9646347,9641125,9641112,9641129,9665106,9641126
9646347,9641125,9641112,9641129,9641112,9641128
9646347,9641125,9641112,9641129,9641112,9665106
9646347,9641125,9641112,9641129,9641112,9641112
9646347,9641125,9641112,9641129,9641112,9641129
9646347,9641125,9641112,9641129,9641112,9641125
9646347,9641125,9641112,9641129,9641112,9641126
9646347,9641125,9641112,9641129,9641129,9641128
9646347,9641125,9641112,9641129,9641129,9665106
9646347,9641125,9641112,9641129,9641129,9641112
9646347,9641125,9641112,9641129,9641129,9641129
9646347,9641125,9641112,9641129,9641129,9641125
9646347,9641125,9641112,9641129,9641129,9641126
9646347,9641125,9641112,9641129,9641125,9641128
9646347,9641125,9641112,9641129,9641125,9665106
9646347,9641125,9641112,9641129,9641125,9641112
9646347,9641125,9641112,9641129,9641125,9641129
9646347,9641125,9641112,9641129,9641125,9641125
9646347,9641125,9641112,9641129,9641125,9641126
9646347,9641125,9641112,9641129,9641126,9641128
9646347,9641125,9641112,9641129,9641126,9665106
9646347,9641125,9641112,9641129,9641126,9641112
9646347,9641125,9641112,9641129,9641126,9641129
9646347,9641125,9641112,9641129,9641126,9641125
9646347,9641125,9641112,9641129,9641126,9641126
9646347,9641125,9641112,9641125,9641128,9641128
9646347,9641125,9641112,9641125,9641128,9665106
9646347,9641125,9641112,9641125,9641128,9641112
9646347,9641125,9641112,9641125,9641128,9641129
9646347,9641125,9641112,9641125,9641128,9641125
9646347,9641125,9641112,9641125,9641128,9641126
9646347,9641125,9641112,9641125,9665106,9641128
9646347,9641125,9641112,9641125,9665106,9665106
9646347,9641125,9641112,9641125,9665106,9641112
9646347,9641125,9641112,9641125,9665106,9641129
9646347,9641125,9641112,9641125,9665106,9641125
9646347,9641125,9641112,9641125,9665106,9641126
9646347,9641125,9641112,9641125,9641112,9641128
9646347,9641125,9641112,9641125,9641112,9665106
9646347,9641125,9641112,9641125,9641112,9641112
9646347,9641125,9641112,9641125,9641112,9641129
9646347,9641125,9641112,9641125,9641112,9641125
9646347,9641125,9641112,9641125,9641112,9641126
9646347,9641125,9641112,9641125,9641129,9641128
9646347,9641125,9641112,9641125,9641129,9665106
9646347,9641125,9641112,9641125,9641129,9641112
9646347,9641125,9641112,9641125,9641129,9641129
9646347,9641125,9641112,9641125,9641129,9641125
9646347,9641125,9641112,9641125,9641129,9641126
9646347,9641125,9641112,9641125,9641125,9641128
9646347,9641125,9641112,9641125,9641125,9665106
9646347,9641125,9641112,9641125,9641125,9641112
9646347,9641125,9641112,9641125,9641125,9641129
9646347,9641125,9641112,9641125,9641125,9641125
9646347,9641125,9641112,9641125,9641125,9641126
9646347,9641125,9641112,9641125,9641126,9641128
9646347,9641125,9641112,9641125,9641126,9665106
9646347,9641125,9641112,9641125,9641126,9641112
9646347,9641125,9641112,9641125,9641126,9641129
9646347,9641125,9641112,9641125,9641126,9641125
9646347,9641125,9641112,9641125,9641126,9641126
9646347,9641125,9641112,9641126,9641128,9641128
9646347,9641125,9641112,9641126,9641128,9665106
9646347,9641125,9641112,9641126,9641128,9641112
9646347,9641125,9641112,9641126,9641128,9641129
9646347,9641125,9641112,9641126,9641128,9641125
9646347,9641125,9641112,9641126,9641128,9641126
9646347,9641125,9641112,9641126,9665106,9641128
9646347,9641125,9641112,9641126,9665106,9665106
9646347,9641125,9641112,9641126,9665106,9641112
9646347,9641125,9641112,9641126,9665106,9641129
9646347,9641125,9641112,9641126,9665106,9641125
9646347,9641125,9641112,9641126,9665106,9641126
9646347,9641125,9641112,9641126,9641112,9641128
9646347,9641125,9641112,9641126,9641112,9665106
9646347,9641125,9641112,9641126,9641112,9641112
9646347,9641125,9641112,9641126,9641112,9641129
9646347,9641125,9641112,9641126,9641112,9641125
9646347,9641125,9641112,9641126,9641112,9641126
9646347,9641125,9641112,9641126,9641129,9641128
9646347,9641125,9641112,9641126,9641129,9665106
9646347,9641125,9641112,9641126,9641129,9641112
9646347,9641125,9641112,9641126,9641129,9641129
9646347,9641125,9641112,9641126,9641129,9641125
9646347,9641125,9641112,9641126,9641129,9641126
9646347,9641125,9641112,9641126,9641125,9641128
9646347,9641125,9641112,9641126,9641125,9665106
9646347,9641125,9641112,9641126,9641125,9641112
9646347,9641125,9641112,9641126,9641125,9641129
9646347,9641125,9641112,9641126,9641125,9641125
9646347,9641125,9641112,9641126,9641125,9641126
9646347,9641125,9641112,9641126,9641126,9641128
9646347,9641125,9641112,9641126,9641126,9665106
9646347,9641125,9641112,9641126,9641126,9641112
9646347,9641125,9641112,9641126,9641126,9641129
9646347,9641125,9641112,9641126,9641126,9641125
9646347,9641125,9641112,9641126,9641126,9641126
9646347,9641125,9641129,9641128,9641128,9641128
9646347,9641125,9641129,9641128,9641128,9665106
9646347,9641125,9641129,9641128,9641128,9641112
9646347,9641125,9641129,9641128,9641128,9641129
9646347,9641125,9641129,9641128,9641128,9641125
9646347,9641125,9641129,9641128,9641128,9641126
9646347,9641125,9641129,9641128,9665106,9641128
9646347,9641125,9641129,9641128,9665106,9665106
9646347,9641125,9641129,9641128,9665106,9641112
9646347,9641125,9641129,9641128,9665106,9641129
9646347,9641125,9641129,9641128,9665106,9641125
9646347,9641125,9641129,9641128,9665106,9641126
9646347,9641125,9641129,9641128,9641112,9641128
9646347,9641125,9641129,9641128,9641112,9665106
9646347,9641125,9641129,9641128,9641112,9641112
9646347,9641125,9641129,9641128,9641112,9641129
9646347,9641125,9641129,9641128,9641112,9641125
9646347,9641125,9641129,9641128,9641112,9641126
9646347,9641125,9641129,9641128,9641129,9641128
9646347,9641125,9641129,9641128,9641129,9665106
9646347,9641125,9641129,9641128,9641129,9641112
9646347,9641125,9641129,9641128,9641129,9641129
9646347,9641125,9641129,9641128,9641129,9641125
9646347,9641125,9641129,9641128,9641129,9641126
9646347,9641125,9641129,9641128,9641125,9641128
9646347,9641125,9641129,9641128,9641125,9665106
9646347,9641125,9641129,9641128,9641125,9641112
9646347,9641125,9641129,9641128,9641125,9641129
9646347,9641125,9641129,9641128,9641125,9641125
9646347,9641125,9641129,9641128,9641125,9641126
9646347,9641125,9641129,9641128,9641126,9641128
9646347,9641125,9641129,9641128,9641126,9665106
9646347,9641125,9641129,9641128,9641126,9641112
9646347,9641125,9641129,9641128,9641126,9641129
9646347,9641125,9641129,9641128,9641126,9641125
9646347,9641125,9641129,9641128,9641126,9641126
9646347,9641125,9641129,9665106,9641128,9641128
9646347,9641125,9641129,9665106,9641128,9665106
9646347,9641125,9641129,9665106,9641128,9641112
9646347,9641125,9641129,9665106,9641128,9641129
9646347,9641125,9641129,9665106,9641128,9641125
9646347,9641125,9641129,9665106,9641128,9641126
9646347,9641125,9641129,9665106,9665106,9641128
9646347,9641125,9641129,9665106,9665106,9665106
9646347,9641125,9641129,9665106,9665106,9641112
9646347,9641125,9641129,9665106,9665106,9641129
9646347,9641125,9641129,9665106,9665106,9641125
9646347,9641125,9641129,9665106,9665106,9641126
9646347,9641125,9641129,9665106,9641112,9641128
9646347,9641125,9641129,9665106,9641112,9665106
9646347,9641125,9641129,9665106,9641112,9641112
9646347,9641125,9641129,9665106,9641112,9641129
9646347,9641125,9641129,9665106,9641112,9641125
9646347,9641125,9641129,9665106,9641112,9641126
9646347,9641125,9641129,9665106,9641129,9641128
9646347,9641125,9641129,9665106,9641129,9665106
9646347,9641125,9641129,9665106,9641129,9641112
9646347,9641125,9641129,9665106,9641129,9641129
9646347,9641125,9641129,9665106,9641129,9641125
9646347,9641125,9641129,9665106,9641129,9641126
9646347,9641125,9641129,9665106,9641125,9641128
9646347,9641125,9641129,9665106,9641125,9665106
9646347,9641125,9641129,9665106,9641125,9641112
9646347,9641125,9641129,9665106,9641125,9641129
9646347,9641125,9641129,9665106,9641125,9641125
9646347,9641125,9641129,9665106,9641125,9641126
9646347,9641125,9641129,9665106,9641126,9641128
9646347,9641125,9641129,9665106,9641126,9665106
9646347,9641125,9641129,9665106,9641126,9641112
9646347,9641125,9641129,9665106,9641126,9641129
9646347,9641125,9641129,9665106,9641126,9641125
9646347,9641125,9641129,9665106,9641126,9641126
9646347,9641125,9641129,9641112,9641128,9641128
9646347,9641125,9641129,9641112,9641128,9665106
9646347,9641125,9641129,9641112,9641128,9641112
9646347,9641125,9641129,9641112,9641128,9641129
9646347,9641125,9641129,9641112,9641128,9641125
9646347,9641125,9641129,9641112,9641128,9641126
9646347,9641125,9641129,9641112,9665106,9641128
9646347,9641125,9641129,9641112,9665106,9665106
9646347,9641125,9641129,9641112,9665106,9641112
9646347,9641125,9641129,9641112,9665106,9641129
9646347,9641125,9641129,9641112,9665106,9641125
9646347,9641125,9641129,9641112,9665106,9641126
9646347,9641125,9641129,9641112,9641112,9641128
9646347,9641125,9641129,9641112,9641112,9665106
9646347,9641125,9641129,9641112,9641112,9641112
9646347,9641125,9641129,9641112,9641112,9641129
9646347,9641125,9641129,9641112,9641112,9641125
9646347,9641125,9641129,9641112,9641112,9641126
9646347,9641125,9641129,9641112,9641129,9641128
9646347,9641125,9641129,9641112,9641129,9665106
9646347,9641125,9641129,9641112,9641129,9641112
9646347,9641125,9641129,9641112,9641129,9641129
9646347,9641125,9641129,9641112,9641129,9641125
9646347,9641125,9641129,9641112,9641129,9641126
9646347,9641125,9641129,9641112,9641125,9641128
9646347,9641125,9641129,9641112,9641125,9665106
9646347,9641125,9641129,9641112,9641125,9641112
9646347,9641125,9641129,9641112,9641125,9641129
9646347,9641125,9641129,9641112,9641125,9641125
9646347,9641125,9641129,9641112,9641125,9641126
9646347,9641125,9641129,9641112,9641126,9641128
9646347,9641125,9641129,9641112,9641126,9665106
9646347,9641125,9641129,9641112,9641126,9641112
9646347,9641125,9641129,9641112,9641126,9641129
9646347,9641125,9641129,9641112,9641126,9641125
9646347,9641125,9641129,9641112,9641126,9641126
9646347,9641125,9641129,9641129,9641128,9641128
9646347,9641125,9641129,9641129,9641128,9665106
9646347,9641125,9641129,9641129,9641128,9641112
9646347,9641125,9641129,9641129,9641128,9641129
9646347,9641125,9641129,9641129,9641128,9641125
9646347,9641125,9641129,9641129,9641128,9641126
9646347,9641125,9641129,9641129,9665106,9641128
9646347,9641125,9641129,9641129,9665106,9665106
9646347,9641125,9641129,9641129,9665106,9641112
9646347,9641125,9641129,9641129,9665106,9641129
9646347,9641125,9641129,9641129,9665106,9641125
9646347,9641125,9641129,9641129,9665106,9641126
9646347,9641125,9641129,9641129,9641112,9641128
9646347,9641125,9641129,9641129,9641112,9665106
9646347,9641125,9641129,9641129,9641112,9641112
9646347,9641125,9641129,9641129,9641112,9641129
9646347,9641125,9641129,9641129,9641112,9641125
9646347,9641125,9641129,9641129,9641112,9641126
9646347,9641125,9641129,9641129,9641129,9641128
9646347,9641125,9641129,9641129,9641129,9665106
9646347,9641125,9641129,9641129,9641129,9641112
9646347,9641125,9641129,9641129,9641129,9641129
9646347,9641125,9641129,9641129,9641129,9641125
9646347,9641125,9641129,9641129,9641129,9641126
9646347,9641125,9641129,9641129,9641125,9641128
9646347,9641125,9641129,9641129,9641125,9665106
9646347,9641125,9641129,9641129,9641125,9641112
9646347,9641125,9641129,9641129,9641125,9641129
9646347,9641125,9641129,9641129,9641125,9641125
9646347,9641125,9641129,9641129,9641125,9641126
9646347,9641125,9641129,9641129,9641126,9641128
9646347,9641125,9641129,9641129,9641126,9665106
9646347,9641125,9641129,9641129,9641126,9641112
9646347,9641125,9641129,9641129,9641126,9641129
9646347,9641125,9641129,9641129,9641126,9641125
9646347,9641125,9641129,9641129,9641126,9641126
9646347,9641125,9641129,9641125,9641128,9641128
9646347,9641125,9641129,9641125,9641128,9665106
9646347,9641125,9641129,9641125,9641128,9641112
9646347,9641125,9641129,9641125,9641128,9641129
9646347,9641125,9641129,9641125,9641128,9641125
9646347,9641125,9641129,9641125,9641128,9641126
9646347,9641125,9641129,9641125,9665106,9641128
9646347,9641125,9641129,9641125,9665106,9665106
9646347,9641125,9641129,9641125,9665106,9641112
9646347,9641125,9641129,9641125,9665106,9641129
9646347,9641125,9641129,9641125,9665106,9641125
9646347,9641125,9641129,9641125,9665106,9641126
9646347,9641125,9641129,9641125,9641112,9641128
9646347,9641125,9641129,9641125,9641112,9665106
9646347,9641125,9641129,9641125,9641112,9641112
9646347,9641125,9641129,9641125,9641112,9641129
9646347,9641125,9641129,9641125,9641112,9641125
9646347,9641125,9641129,9641125,9641112,9641126
9646347,9641125,9641129,9641125,9641129,9641128
9646347,9641125,9641129,9641125,9641129,9665106
9646347,9641125,9641129,9641125,9641129,9641112
9646347,9641125,9641129,9641125,9641129,9641129
9646347,9641125,9641129,9641125,9641129,9641125
9646347,9641125,9641129,9641125,9641129,9641126
9646347,9641125,9641129,9641125,9641125,9641128
9646347,9641125,9641129,9641125,9641125,9665106
9646347,9641125,9641129,9641125,9641125,9641112
9646347,9641125,9641129,9641125,9641125,9641129
9646347,9641125,9641129,9641125,9641125,9641125
9646347,9641125,9641129,9641125,9641125,9641126
9646347,9641125,9641129,9641125,9641126,9641128
9646347,9641125,9641129,9641125,9641126,9665106
9646347,9641125,9641129,9641125,9641126,9641112
9646347,9641125,9641129,9641125,9641126,9641129
9646347,9641125,9641129,9641125,9641126,9641125
9646347,9641125,9641129,9641125,9641126,9641126
9646347,9641125,9641129,9641126,9641128,9641128
9646347,9641125,9641129,9641126,9641128,9665106
9646347,9641125,9641129,9641126,9641128,9641112
9646347,9641125,9641129,9641126,9641128,9641129
9646347,9641125,9641129,9641126,9641128,9641125
9646347,9641125,9641129,9641126,9641128,9641126
9646347,9641125,9641129,9641126,9665106,9641128
9646347,9641125,9641129,9641126,9665106,9665106
9646347,9641125,9641129,9641126,9665106,9641112
9646347,9641125,9641129,9641126,9665106,9641129
9646347,9641125,9641129,9641126,9665106,9641125
9646347,9641125,9641129,9641126,9665106,9641126
9646347,9641125,9641129,9641126,9641112,9641128
9646347,9641125,9641129,9641126,9641112,9665106
9646347,9641125,9641129,9641126,9641112,9641112
9646347,9641125,9641129,9641126,9641112,9641129
9646347,9641125,9641129,9641126,9641112,9641125
9646347,9641125,9641129,9641126,9641112,9641126
9646347,9641125,9641129,9641126,9641129,9641128
9646347,9641125,9641129,9641126,9641129,9665106
9646347,9641125,9641129,9641126,9641129,9641112
9646347,9641125,9641129,9641126,9641129,9641129
9646347,9641125,9641129,9641126,9641129,9641125
9646347,9641125,9641129,9641126,9641129,9641126
9646347,9641125,9641129,9641126,9641125,9641128
9646347,9641125,9641129,9641126,9641125,9665106
9646347,9641125,9641129,9641126,9641125,9641112
9646347,9641125,9641129,9641126,9641125,9641129
9646347,9641125,9641129,9641126,9641125,9641125
9646347,9641125,9641129,9641126,9641125,9641126
9646347,9641125,9641129,9641126,9641126,9641128
9646347,9641125,9641129,9641126,9641126,9665106
9646347,9641125,9641129,9641126,9641126,9641112
9646347,9641125,9641129,9641126,9641126,9641129
9646347,9641125,9641129,9641126,9641126,9641125
9646347,9641125,9641129,9641126,9641126,9641126
9646347,9641125,9641125,9641128,9641128,9641128
9646347,9641125,9641125,9641128,9641128,9665106
9646347,9641125,9641125,9641128,9641128,9641112
9646347,9641125,9641125,9641128,9641128,9641129
9646347,9641125,9641125,9641128,9641128,9641125
9646347,9641125,9641125,9641128,9641128,9641126
9646347,9641125,9641125,9641128,9665106,9641128
9646347,9641125,9641125,9641128,9665106,9665106
9646347,9641125,9641125,9641128,9665106,9641112
9646347,9641125,9641125,9641128,9665106,9641129
9646347,9641125,9641125,9641128,9665106,9641125
9646347,9641125,9641125,9641128,9665106,9641126
9646347,9641125,9641125,9641128,9641112,9641128
9646347,9641125,9641125,9641128,9641112,9665106
9646347,9641125,9641125,9641128,9641112,9641112
9646347,9641125,9641125,9641128,9641112,9641129
9646347,9641125,9641125,9641128,9641112,9641125
9646347,9641125,9641125,9641128,9641112,9641126
9646347,9641125,9641125,9641128,9641129,9641128
9646347,9641125,9641125,9641128,9641129,9665106
9646347,9641125,9641125,9641128,9641129,9641112
9646347,9641125,9641125,9641128,9641129,9641129
9646347,9641125,9641125,9641128,9641129,9641125
9646347,9641125,9641125,9641128,9641129,9641126
9646347,9641125,9641125,9641128,9641125,9641128
9646347,9641125,9641125,9641128,9641125,9665106
9646347,9641125,9641125,9641128,9641125,9641112
9646347,9641125,9641125,9641128,9641125,9641129
9646347,9641125,9641125,9641128,9641125,9641125
9646347,9641125,9641125,9641128,9641125,9641126
9646347,9641125,9641125,9641128,9641126,9641128
9646347,9641125,9641125,9641128,9641126,9665106
9646347,9641125,9641125,9641128,9641126,9641112
9646347,9641125,9641125,9641128,9641126,9641129
9646347,9641125,9641125,9641128,9641126,9641125
9646347,9641125,9641125,9641128,9641126,9641126
9646347,9641125,9641125,9665106,9641128,9641128
9646347,9641125,9641125,9665106,9641128,9665106
9646347,9641125,9641125,9665106,9641128,9641112
9646347,9641125,9641125,9665106,9641128,9641129
9646347,9641125,9641125,9665106,9641128,9641125
9646347,9641125,9641125,9665106,9641128,9641126
9646347,9641125,9641125,9665106,9665106,9641128
9646347,9641125,9641125,9665106,9665106,9665106
9646347,9641125,9641125,9665106,9665106,9641112
9646347,9641125,9641125,9665106,9665106,9641129
9646347,9641125,9641125,9665106,9665106,9641125
9646347,9641125,9641125,9665106,9665106,9641126
9646347,9641125,9641125,9665106,9641112,9641128
9646347,9641125,9641125,9665106,9641112,9665106
9646347,9641125,9641125,9665106,9641112,9641112
9646347,9641125,9641125,9665106,9641112,9641129
9646347,9641125,9641125,9665106,9641112,9641125
9646347,9641125,9641125,9665106,9641112,9641126
9646347,9641125,9641125,9665106,9641129,9641128
9646347,9641125,9641125,9665106,9641129,9665106
9646347,9641125,9641125,9665106,9641129,9641112
9646347,9641125,9641125,9665106,9641129,9641129
9646347,9641125,9641125,9665106,9641129,9641125
9646347,9641125,9641125,9665106,9641129,9641126
9646347,9641125,9641125,9665106,9641125,9641128
9646347,9641125,9641125,9665106,9641125,9665106
9646347,9641125,9641125,9665106,9641125,9641112
9646347,9641125,9641125,9665106,9641125,9641129
9646347,9641125,9641125,9665106,9641125,9641125
9646347,9641125,9641125,9665106,9641125,9641126
9646347,9641125,9641125,9665106,9641126,9641128
9646347,9641125,9641125,9665106,9641126,9665106
9646347,9641125,9641125,9665106,9641126,9641112
9646347,9641125,9641125,9665106,9641126,9641129
9646347,9641125,9641125,9665106,9641126,9641125
9646347,9641125,9641125,9665106,9641126,9641126
9646347,9641125,9641125,9641112,9641128,9641128
9646347,9641125,9641125,9641112,9641128,9665106
9646347,9641125,9641125,9641112,9641128,9641112
9646347,9641125,9641125,9641112,9641128,9641129
9646347,9641125,9641125,9641112,9641128,9641125
9646347,9641125,9641125,9641112,9641128,9641126
9646347,9641125,9641125,9641112,9665106,9641128
9646347,9641125,9641125,9641112,9665106,9665106
9646347,9641125,9641125,9641112,9665106,9641112
9646347,9641125,9641125,9641112,9665106,9641129
9646347,9641125,9641125,9641112,9665106,9641125
9646347,9641125,9641125,9641112,9665106,9641126
9646347,9641125,9641125,9641112,9641112,9641128
9646347,9641125,9641125,9641112,9641112,9665106
9646347,9641125,9641125,9641112,9641112,9641112
9646347,9641125,9641125,9641112,9641112,9641129
9646347,9641125,9641125,9641112,9641112,9641125
9646347,9641125,9641125,9641112,9641112,9641126
9646347,9641125,9641125,9641112,9641129,9641128
9646347,9641125,9641125,9641112,9641129,9665106
9646347,9641125,9641125,9641112,9641129,9641112
9646347,9641125,9641125,9641112,9641129,9641129
9646347,9641125,9641125,9641112,9641129,9641125
9646347,9641125,9641125,9641112,9641129,9641126
9646347,9641125,9641125,9641112,9641125,9641128
9646347,9641125,9641125,9641112,9641125,9665106
9646347,9641125,9641125,9641112,9641125,9641112
9646347,9641125,9641125,9641112,9641125,9641129
9646347,9641125,9641125,9641112,9641125,9641125
9646347,9641125,9641125,9641112,9641125,9641126
9646347,9641125,9641125,9641112,9641126,9641128
9646347,9641125,9641125,9641112,9641126,9665106
9646347,9641125,9641125,9641112,9641126,9641112
9646347,9641125,9641125,9641112,9641126,9641129
9646347,9641125,9641125,9641112,9641126,9641125
9646347,9641125,9641125,9641112,9641126,9641126
9646347,9641125,9641125,9641129,9641128,9641128
9646347,9641125,9641125,9641129,9641128,9665106
9646347,9641125,9641125,9641129,9641128,9641112
9646347,9641125,9641125,9641129,9641128,9641129
9646347,9641125,9641125,9641129,9641128,9641125
9646347,9641125,9641125,9641129,9641128,9641126
9646347,9641125,9641125,9641129,9665106,9641128
9646347,9641125,9641125,9641129,9665106,9665106
9646347,9641125,9641125,9641129,9665106,9641112
9646347,9641125,9641125,9641129,9665106,9641129
9646347,9641125,9641125,9641129,9665106,9641125
9646347,9641125,9641125,9641129,9665106,9641126
9646347,9641125,9641125,9641129,9641112,9641128
9646347,9641125,9641125,9641129,9641112,9665106
9646347,9641125,9641125,9641129,9641112,9641112
9646347,9641125,9641125,9641129,9641112,9641129
9646347,9641125,9641125,9641129,9641112,9641125
9646347,9641125,9641125,9641129,9641112,9641126
9646347,9641125,9641125,9641129,9641129,9641128
9646347,9641125,9641125,9641129,9641129,9665106
9646347,9641125,9641125,9641129,9641129,9641112
9646347,9641125,9641125,9641129,9641129,9641129
9646347,9641125,9641125,9641129,9641129,9641125
9646347,9641125,9641125,9641129,9641129,9641126
9646347,9641125,9641125,9641129,9641125,9641128
9646347,9641125,9641125,9641129,9641125,9665106
9646347,9641125,9641125,9641129,9641125,9641112
9646347,9641125,9641125,9641129,9641125,9641129
9646347,9641125,9641125,9641129,9641125,9641125
9646347,9641125,9641125,9641129,9641125,9641126
9646347,9641125,9641125,9641129,9641126,9641128
9646347,9641125,9641125,9641129,9641126,9665106
9646347,9641125,9641125,9641129,9641126,9641112
9646347,9641125,9641125,9641129,9641126,9641129
9646347,9641125,9641125,9641129,9641126,9641125
9646347,9641125,9641125,9641129,9641126,9641126
9646347,9641125,9641125,9641125,9641128,9641128
9646347,9641125,9641125,9641125,9641128,9665106
9646347,9641125,9641125,9641125,9641128,9641112
9646347,9641125,9641125,9641125,9641128,9641129
9646347,9641125,9641125,9641125,9641128,9641125
9646347,9641125,9641125,9641125,9641128,9641126
9646347,9641125,9641125,9641125,9665106,9641128
9646347,9641125,9641125,9641125,9665106,9665106
9646347,9641125,9641125,9641125,9665106,9641112
9646347,9641125,9641125,9641125,9665106,9641129
9646347,9641125,9641125,9641125,9665106,9641125
9646347,9641125,9641125,9641125,9665106,9641126
9646347,9641125,9641125,9641125,9641112,9641128
9646347,9641125,9641125,9641125,9641112,9665106
9646347,9641125,9641125,9641125,9641112,9641112
9646347,9641125,9641125,9641125,9641112,9641129
9646347,9641125,9641125,9641125,9641112,9641125
9646347,9641125,9641125,9641125,9641112,9641126
9646347,9641125,9641125,9641125,9641129,9641128
9646347,9641125,9641125,9641125,9641129,9665106
9646347,9641125,9641125,9641125,9641129,9641112
9646347,9641125,9641125,9641125,9641129,9641129
9646347,9641125,9641125,9641125,9641129,9641125
9646347,9641125,9641125,9641125,9641129,9641126
9646347,9641125,9641125,9641125,9641125,9641128
9646347,9641125,9641125,9641125,9641125,9665106
9646347,9641125,9641125,9641125,9641125,9641112
9646347,9641125,9641125,9641125,9641125,9641129
9646347,9641125,9641125,9641125,9641125,9641125
9646347,9641125,9641125,9641125,9641125,9641126
9646347,9641125,9641125,9641125,9641126,9641128
9646347,9641125,9641125,9641125,9641126,9665106
9646347,9641125,9641125,9641125,9641126,9641112
9646347,9641125,9641125,9641125,9641126,9641129
9646347,9641125,9641125,9641125,9641126,9641125
9646347,9641125,9641125,9641125,9641126,9641126
9646347,9641125,9641125,9641126,9641128,9641128
9646347,9641125,9641125,9641126,9641128,9665106
9646347,9641125,9641125,9641126,9641128,9641112
9646347,9641125,9641125,9641126,9641128,9641129
9646347,9641125,9641125,9641126,9641128,9641125
9646347,9641125,9641125,9641126,9641128,9641126
9646347,9641125,9641125,9641126,9665106,9641128
9646347,9641125,9641125,9641126,9665106,9665106
9646347,9641125,9641125,9641126,9665106,9641112
9646347,9641125,9641125,9641126,9665106,9641129
9646347,9641125,9641125,9641126,9665106,9641125
9646347,9641125,9641125,9641126,9665106,9641126
9646347,9641125,9641125,9641126,9641112,9641128
9646347,9641125,9641125,9641126,9641112,9665106
9646347,9641125,9641125,9641126,9641112,9641112
9646347,9641125,9641125,9641126,9641112,9641129
9646347,9641125,9641125,9641126,9641112,9641125
9646347,9641125,9641125,9641126,9641112,9641126
9646347,9641125,9641125,9641126,9641129,9641128
9646347,9641125,9641125,9641126,9641129,9665106
9646347,9641125,9641125,9641126,9641129,9641112
9646347,9641125,9641125,9641126,9641129,9641129
9646347,9641125,9641125,9641126,9641129,9641125
9646347,9641125,9641125,9641126,9641129,9641126
9646347,9641125,9641125,9641126,9641125,9641128
9646347,9641125,9641125,9641126,9641125,9665106
9646347,9641125,9641125,9641126,9641125,9641112
9646347,9641125,9641125,9641126,9641125,9641129
9646347,9641125,9641125,9641126,9641125,9641125
9646347,9641125,9641125,9641126,9641125,9641126
9646347,9641125,9641125,9641126,9641126,9641128
9646347,9641125,9641125,9641126,9641126,9665106
9646347,9641125,9641125,9641126,9641126,9641112
9646347,9641125,9641125,9641126,9641126,9641129
9646347,9641125,9641125,9641126,9641126,9641125
9646347,9641125,9641125,9641126,9641126,9641126
9646347,9641125,9641126,9641128,9641128,9641128
9646347,9641125,9641126,9641128,9641128,9665106
9646347,9641125,9641126,9641128,9641128,9641112
9646347,9641125,9641126,9641128,9641128,9641129
9646347,9641125,9641126,9641128,9641128,9641125
9646347,9641125,9641126,9641128,9641128,9641126
9646347,9641125,9641126,9641128,9665106,9641128
9646347,9641125,9641126,9641128,9665106,9665106
9646347,9641125,9641126,9641128,9665106,9641112
9646347,9641125,9641126,9641128,9665106,9641129
9646347,9641125,9641126,9641128,9665106,9641125
9646347,9641125,9641126,9641128,9665106,9641126
9646347,9641125,9641126,9641128,9641112,9641128
9646347,9641125,9641126,9641128,9641112,9665106
9646347,9641125,9641126,9641128,9641112,9641112
9646347,9641125,9641126,9641128,9641112,9641129
9646347,9641125,9641126,9641128,9641112,9641125
9646347,9641125,9641126,9641128,9641112,9641126
9646347,9641125,9641126,9641128,9641129,9641128
9646347,9641125,9641126,9641128,9641129,9665106
9646347,9641125,9641126,9641128,9641129,9641112
9646347,9641125,9641126,9641128,9641129,9641129
9646347,9641125,9641126,9641128,9641129,9641125
9646347,9641125,9641126,9641128,9641129,9641126
9646347,9641125,9641126,9641128,9641125,9641128
9646347,9641125,9641126,9641128,9641125,9665106
9646347,9641125,9641126,9641128,9641125,9641112
9646347,9641125,9641126,9641128,9641125,9641129
9646347,9641125,9641126,9641128,9641125,9641125
9646347,9641125,9641126,9641128,9641125,9641126
9646347,9641125,9641126,9641128,9641126,9641128
9646347,9641125,9641126,9641128,9641126,9665106
9646347,9641125,9641126,9641128,9641126,9641112
9646347,9641125,9641126,9641128,9641126,9641129
9646347,9641125,9641126,9641128,9641126,9641125
9646347,9641125,9641126,9641128,9641126,9641126
9646347,9641125,9641126,9665106,9641128,9641128
9646347,9641125,9641126,9665106,9641128,9665106
9646347,9641125,9641126,9665106,9641128,9641112
9646347,9641125,9641126,9665106,9641128,9641129
9646347,9641125,9641126,9665106,9641128,9641125
9646347,9641125,9641126,9665106,9641128,9641126
9646347,9641125,9641126,9665106,9665106,9641128
9646347,9641125,9641126,9665106,9665106,9665106
9646347,9641125,9641126,9665106,9665106,9641112
9646347,9641125,9641126,9665106,9665106,9641129
9646347,9641125,9641126,9665106,9665106,9641125
9646347,9641125,9641126,9665106,9665106,9641126
9646347,9641125,9641126,9665106,9641112,9641128
9646347,9641125,9641126,9665106,9641112,9665106
9646347,9641125,9641126,9665106,9641112,9641112
9646347,9641125,9641126,9665106,9641112,9641129
9646347,9641125,9641126,9665106,9641112,9641125
9646347,9641125,9641126,9665106,9641112,9641126
9646347,9641125,9641126,9665106,9641129,9641128
9646347,9641125,9641126,9665106,9641129,9665106
9646347,9641125,9641126,9665106,9641129,9641112
9646347,9641125,9641126,9665106,9641129,9641129
9646347,9641125,9641126,9665106,9641129,9641125
9646347,9641125,9641126,9665106,9641129,9641126
9646347,9641125,9641126,9665106,9641125,9641128
9646347,9641125,9641126,9665106,9641125,9665106
9646347,9641125,9641126,9665106,9641125,9641112
9646347,9641125,9641126,9665106,9641125,9641129
9646347,9641125,9641126,9665106,9641125,9641125
9646347,9641125,9641126,9665106,9641125,9641126
9646347,9641125,9641126,9665106,9641126,9641128
9646347,9641125,9641126,9665106,9641126,9665106
9646347,9641125,9641126,9665106,9641126,9641112
9646347,9641125,9641126,9665106,9641126,9641129
9646347,9641125,9641126,9665106,9641126,9641125
9646347,9641125,9641126,9665106,9641126,9641126
9646347,9641125,9641126,9641112,9641128,9641128
9646347,9641125,9641126,9641112,9641128,9665106
9646347,9641125,9641126,9641112,9641128,9641112
9646347,9641125,9641126,9641112,9641128,9641129
9646347,9641125,9641126,9641112,9641128,9641125
9646347,9641125,9641126,9641112,9641128,9641126
9646347,9641125,9641126,9641112,9665106,9641128
9646347,9641125,9641126,9641112,9665106,9665106
9646347,9641125,9641126,9641112,9665106,9641112
9646347,9641125,9641126,9641112,9665106,9641129
9646347,9641125,9641126,9641112,9665106,9641125
9646347,9641125,9641126,9641112,9665106,9641126
9646347,9641125,9641126,9641112,9641112,9641128
9646347,9641125,9641126,9641112,9641112,9665106
9646347,9641125,9641126,9641112,9641112,9641112
9646347,9641125,9641126,9641112,9641112,9641129
9646347,9641125,9641126,9641112,9641112,9641125
9646347,9641125,9641126,9641112,9641112,9641126
9646347,9641125,9641126,9641112,9641129,9641128
9646347,9641125,9641126,9641112,9641129,9665106
9646347,9641125,9641126,9641112,9641129,9641112
9646347,9641125,9641126,9641112,9641129,9641129
9646347,9641125,9641126,9641112,9641129,9641125
9646347,9641125,9641126,9641112,9641129,9641126
9646347,9641125,9641126,9641112,9641125,9641128
9646347,9641125,9641126,9641112,9641125,9665106
9646347,9641125,9641126,9641112,9641125,9641112
9646347,9641125,9641126,9641112,9641125,9641129
9646347,9641125,9641126,9641112,9641125,9641125
9646347,9641125,9641126,9641112,9641125,9641126
9646347,9641125,9641126,9641112,9641126,9641128
9646347,9641125,9641126,9641112,9641126,9665106
9646347,9641125,9641126,9641112,9641126,9641112
9646347,9641125,9641126,9641112,9641126,9641129
9646347,9641125,9641126,9641112,9641126,9641125
9646347,9641125,9641126,9641112,9641126,9641126
9646347,9641125,9641126,9641129,9641128,9641128
9646347,9641125,9641126,9641129,9641128,9665106
9646347,9641125,9641126,9641129,9641128,9641112
9646347,9641125,9641126,9641129,9641128,9641129
9646347,9641125,9641126,9641129,9641128,9641125
9646347,9641125,9641126,9641129,9641128,9641126
9646347,9641125,9641126,9641129,9665106,9641128
9646347,9641125,9641126,9641129,9665106,9665106
9646347,9641125,9641126,9641129,9665106,9641112
9646347,9641125,9641126,9641129,9665106,9641129
9646347,9641125,9641126,9641129,9665106,9641125
9646347,9641125,9641126,9641129,9665106,9641126
9646347,9641125,9641126,9641129,9641112,9641128
9646347,9641125,9641126,9641129,9641112,9665106
9646347,9641125,9641126,9641129,9641112,9641112
9646347,9641125,9641126,9641129,9641112,9641129
9646347,9641125,9641126,9641129,9641112,9641125
9646347,9641125,9641126,9641129,9641112,9641126
9646347,9641125,9641126,9641129,9641129,9641128
9646347,9641125,9641126,9641129,9641129,9665106
9646347,9641125,9641126,9641129,9641129,9641112
9646347,9641125,9641126,9641129,9641129,9641129
9646347,9641125,9641126,9641129,9641129,9641125
9646347,9641125,9641126,9641129,9641129,9641126
9646347,9641125,9641126,9641129,9641125,9641128
9646347,9641125,9641126,9641129,9641125,9665106
9646347,9641125,9641126,9641129,9641125,9641112
9646347,9641125,9641126,9641129,9641125,9641129
9646347,9641125,9641126,9641129,9641125,9641125
9646347,9641125,9641126,9641129,9641125,9641126
9646347,9641125,9641126,9641129,9641126,9641128
9646347,9641125,9641126,9641129,9641126,9665106
9646347,9641125,9641126,9641129,9641126,9641112
9646347,9641125,9641126,9641129,9641126,9641129
9646347,9641125,9641126,9641129,9641126,9641125
9646347,9641125,9641126,9641129,9641126,9641126
9646347,9641125,9641126,9641125,9641128,9641128
9646347,9641125,9641126,9641125,9641128,9665106
9646347,9641125,9641126,9641125,9641128,9641112
9646347,9641125,9641126,9641125,9641128,9641129
9646347,9641125,9641126,9641125,9641128,9641125
9646347,9641125,9641126,9641125,9641128,9641126
9646347,9641125,9641126,9641125,9665106,9641128
9646347,9641125,9641126,9641125,9665106,9665106
9646347,9641125,9641126,9641125,9665106,9641112
9646347,9641125,9641126,9641125,9665106,9641129
9646347,9641125,9641126,9641125,9665106,9641125
9646347,9641125,9641126,9641125,9665106,9641126
9646347,9641125,9641126,9641125,9641112,9641128
9646347,9641125,9641126,9641125,9641112,9665106
9646347,9641125,9641126,9641125,9641112,9641112
9646347,9641125,9641126,9641125,9641112,9641129
9646347,9641125,9641126,9641125,9641112,9641125
9646347,9641125,9641126,9641125,9641112,9641126
9646347,9641125,9641126,9641125,9641129,9641128
9646347,9641125,9641126,9641125,9641129,9665106
9646347,9641125,9641126,9641125,9641129,9641112
9646347,9641125,9641126,9641125,9641129,9641129
9646347,9641125,9641126,9641125,9641129,9641125
9646347,9641125,9641126,9641125,9641129,9641126
9646347,9641125,9641126,9641125,9641125,9641128
9646347,9641125,9641126,9641125,9641125,9665106
9646347,9641125,9641126,9641125,9641125,9641112
9646347,9641125,9641126,9641125,9641125,9641129
9646347,9641125,9641126,9641125,9641125,9641125
9646347,9641125,9641126,9641125,9641125,9641126
9646347,9641125,9641126,9641125,9641126,9641128
9646347,9641125,9641126,9641125,9641126,9665106
9646347,9641125,9641126,9641125,9641126,9641112
9646347,9641125,9641126,9641125,9641126,9641129
9646347,9641125,9641126,9641125,9641126,9641125
9646347,9641125,9641126,9641125,9641126,9641126
9646347,9641125,9641126,9641126,9641128,9641128
9646347,9641125,9641126,9641126,9641128,9665106
9646347,9641125,9641126,9641126,9641128,9641112
9646347,9641125,9641126,9641126,9641128,9641129
9646347,9641125,9641126,9641126,9641128,9641125
9646347,9641125,9641126,9641126,9641128,9641126
9646347,9641125,9641126,9641126,9665106,9641128
9646347,9641125,9641126,9641126,9665106,9665106
9646347,9641125,9641126,9641126,9665106,9641112
9646347,9641125,9641126,9641126,9665106,9641129
9646347,9641125,9641126,9641126,9665106,9641125
9646347,9641125,9641126,9641126,9665106,9641126
9646347,9641125,9641126,9641126,9641112,9641128
9646347,9641125,9641126,9641126,9641112,9665106
9646347,9641125,9641126,9641126,9641112,9641112
9646347,9641125,9641126,9641126,9641112,9641129
9646347,9641125,9641126,9641126,9641112,9641125
9646347,9641125,9641126,9641126,9641112,9641126
9646347,9641125,9641126,9641126,9641129,9641128
9646347,9641125,9641126,9641126,9641129,9665106
9646347,9641125,9641126,9641126,9641129,9641112
9646347,9641125,9641126,9641126,9641129,9641129
9646347,9641125,9641126,9641126,9641129,9641125
9646347,9641125,9641126,9641126,9641129,9641126
9646347,9641125,9641126,9641126,9641125,9641128
9646347,9641125,9641126,9641126,9641125,9665106
9646347,9641125,9641126,9641126,9641125,9641112
9646347,9641125,9641126,9641126,9641125,9641129
9646347,9641125,9641126,9641126,9641125,9641125
9646347,9641125,9641126,9641126,9641125,9641126
9646347,9641125,9641126,9641126,9641126,9641128
9646347,9641125,9641126,9641126,9641126,9665106
9646347,9641125,9641126,9641126,9641126,9641112
9646347,9641125,9641126,9641126,9641126,9641129
9646347,9641125,9641126,9641126,9641126,9641125
9646347,9641125,9641126,9641126,9641126,9641126
9646347,9641126,9641128,9641128,9641128,9641128
9646347,9641126,9641128,9641128,9641128,9665106
9646347,9641126,9641128,9641128,9641128,9641112
9646347,9641126,9641128,9641128,9641128,9641129
9646347,9641126,9641128,9641128,9641128,9641125
9646347,9641126,9641128,9641128,9641128,9641126
9646347,9641126,9641128,9641128,9665106,9641128
9646347,9641126,9641128,9641128,9665106,9665106
9646347,9641126,9641128,9641128,9665106,9641112
9646347,9641126,9641128,9641128,9665106,9641129
9646347,9641126,9641128,9641128,9665106,9641125
9646347,9641126,9641128,9641128,9665106,9641126
9646347,9641126,9641128,9641128,9641112,9641128
9646347,9641126,9641128,9641128,9641112,9665106
9646347,9641126,9641128,9641128,9641112,9641112
9646347,9641126,9641128,9641128,9641112,9641129
9646347,9641126,9641128,9641128,9641112,9641125
9646347,9641126,9641128,9641128,9641112,9641126
9646347,9641126,9641128,9641128,9641129,9641128
9646347,9641126,9641128,9641128,9641129,9665106
9646347,9641126,9641128,9641128,9641129,9641112
9646347,9641126,9641128,9641128,9641129,9641129
9646347,9641126,9641128,9641128,9641129,9641125
9646347,9641126,9641128,9641128,9641129,9641126
9646347,9641126,9641128,9641128,9641125,9641128
9646347,9641126,9641128,9641128,9641125,9665106
9646347,9641126,9641128,9641128,9641125,9641112
9646347,9641126,9641128,9641128,9641125,9641129
9646347,9641126,9641128,9641128,9641125,9641125
9646347,9641126,9641128,9641128,9641125,9641126
9646347,9641126,9641128,9641128,9641126,9641128
9646347,9641126,9641128,9641128,9641126,9665106
9646347,9641126,9641128,9641128,9641126,9641112
9646347,9641126,9641128,9641128,9641126,9641129
9646347,9641126,9641128,9641128,9641126,9641125
9646347,9641126,9641128,9641128,9641126,9641126
9646347,9641126,9641128,9665106,9641128,9641128
9646347,9641126,9641128,9665106,9641128,9665106
9646347,9641126,9641128,9665106,9641128,9641112
9646347,9641126,9641128,9665106,9641128,9641129
9646347,9641126,9641128,9665106,9641128,9641125
9646347,9641126,9641128,9665106,9641128,9641126
9646347,9641126,9641128,9665106,9665106,9641128
9646347,9641126,9641128,9665106,9665106,9665106
9646347,9641126,9641128,9665106,9665106,9641112
9646347,9641126,9641128,9665106,9665106,9641129
9646347,9641126,9641128,9665106,9665106,9641125
9646347,9641126,9641128,9665106,9665106,9641126
9646347,9641126,9641128,9665106,9641112,9641128
9646347,9641126,9641128,9665106,9641112,9665106
9646347,9641126,9641128,9665106,9641112,9641112
9646347,9641126,9641128,9665106,9641112,9641129
9646347,9641126,9641128,9665106,9641112,9641125
9646347,9641126,9641128,9665106,9641112,9641126
9646347,9641126,9641128,9665106,9641129,9641128
9646347,9641126,9641128,9665106,9641129,9665106
9646347,9641126,9641128,9665106,9641129,9641112
9646347,9641126,9641128,9665106,9641129,9641129
9646347,9641126,9641128,9665106,9641129,9641125
9646347,9641126,9641128,9665106,9641129,9641126
9646347,9641126,9641128,9665106,9641125,9641128
9646347,9641126,9641128,9665106,9641125,9665106
9646347,9641126,9641128,9665106,9641125,9641112
9646347,9641126,9641128,9665106,9641125,9641129
9646347,9641126,9641128,9665106,9641125,9641125
9646347,9641126,9641128,9665106,9641125,9641126
9646347,9641126,9641128,9665106,9641126,9641128
9646347,9641126,9641128,9665106,9641126,9665106
9646347,9641126,9641128,9665106,9641126,9641112
9646347,9641126,9641128,9665106,9641126,9641129
9646347,9641126,9641128,9665106,9641126,9641125
9646347,9641126,9641128,9665106,9641126,9641126
9646347,9641126,9641128,9641112,9641128,9641128
9646347,9641126,9641128,9641112,9641128,9665106
9646347,9641126,9641128,9641112,9641128,9641112
9646347,9641126,9641128,9641112,9641128,9641129
9646347,9641126,9641128,9641112,9641128,9641125
9646347,9641126,9641128,9641112,9641128,9641126
9646347,9641126,9641128,9641112,9665106,9641128
9646347,9641126,9641128,9641112,9665106,9665106
9646347,9641126,9641128,9641112,9665106,9641112
9646347,9641126,9641128,9641112,9665106,9641129
9646347,9641126,9641128,9641112,9665106,9641125
9646347,9641126,9641128,9641112,9665106,9641126
9646347,9641126,9641128,9641112,9641112,9641128
9646347,9641126,9641128,9641112,9641112,9665106
9646347,9641126,9641128,9641112,9641112,9641112
9646347,9641126,9641128,9641112,9641112,9641129
9646347,9641126,9641128,9641112,9641112,9641125
9646347,9641126,9641128,9641112,9641112,9641126
9646347,9641126,9641128,9641112,9641129,9641128
9646347,9641126,9641128,9641112,9641129,9665106
9646347,9641126,9641128,9641112,9641129,9641112
9646347,9641126,9641128,9641112,9641129,9641129
9646347,9641126,9641128,9641112,9641129,9641125
9646347,9641126,9641128,9641112,9641129,9641126
9646347,9641126,9641128,9641112,9641125,9641128
9646347,9641126,9641128,9641112,9641125,9665106
9646347,9641126,9641128,9641112,9641125,9641112
9646347,9641126,9641128,9641112,9641125,9641129
9646347,9641126,9641128,9641112,9641125,9641125
9646347,9641126,9641128,9641112,9641125,9641126
9646347,9641126,9641128,9641112,9641126,9641128
9646347,9641126,9641128,9641112,9641126,9665106
9646347,9641126,9641128,9641112,9641126,9641112
9646347,9641126,9641128,9641112,9641126,9641129
9646347,9641126,9641128,9641112,9641126,9641125
9646347,9641126,9641128,9641112,9641126,9641126
9646347,9641126,9641128,9641129,9641128,9641128
9646347,9641126,9641128,9641129,9641128,9665106
9646347,9641126,9641128,9641129,9641128,9641112
9646347,9641126,9641128,9641129,9641128,9641129
9646347,9641126,9641128,9641129,9641128,9641125
9646347,9641126,9641128,9641129,9641128,9641126
9646347,9641126,9641128,9641129,9665106,9641128
9646347,9641126,9641128,9641129,9665106,9665106
9646347,9641126,9641128,9641129,9665106,9641112
9646347,9641126,9641128,9641129,9665106,9641129
9646347,9641126,9641128,9641129,9665106,9641125
9646347,9641126,9641128,9641129,9665106,9641126
9646347,9641126,9641128,9641129,9641112,9641128
9646347,9641126,9641128,9641129,9641112,9665106
9646347,9641126,9641128,9641129,9641112,9641112
9646347,9641126,9641128,9641129,9641112,9641129
9646347,9641126,9641128,9641129,9641112,9641125
9646347,9641126,9641128,9641129,9641112,9641126
9646347,9641126,9641128,9641129,9641129,9641128
9646347,9641126,9641128,9641129,9641129,9665106
9646347,9641126,9641128,9641129,9641129,9641112
9646347,9641126,9641128,9641129,9641129,9641129
9646347,9641126,9641128,9641129,9641129,9641125
9646347,9641126,9641128,9641129,9641129,9641126
9646347,9641126,9641128,9641129,9641125,9641128
9646347,9641126,9641128,9641129,9641125,9665106
9646347,9641126,9641128,9641129,9641125,9641112
9646347,9641126,9641128,9641129,9641125,9641129
9646347,9641126,9641128,9641129,9641125,9641125
9646347,9641126,9641128,9641129,9641125,9641126
9646347,9641126,9641128,9641129,9641126,9641128
9646347,9641126,9641128,9641129,9641126,9665106
9646347,9641126,9641128,9641129,9641126,9641112
9646347,9641126,9641128,9641129,9641126,9641129
9646347,9641126,9641128,9641129,9641126,9641125
9646347,9641126,9641128,9641129,9641126,9641126
9646347,9641126,9641128,9641125,9641128,9641128
9646347,9641126,9641128,9641125,9641128,9665106
9646347,9641126,9641128,9641125,9641128,9641112
9646347,9641126,9641128,9641125,9641128,9641129
9646347,9641126,9641128,9641125,9641128,9641125
9646347,9641126,9641128,9641125,9641128,9641126
9646347,9641126,9641128,9641125,9665106,9641128
9646347,9641126,9641128,9641125,9665106,9665106
9646347,9641126,9641128,9641125,9665106,9641112
9646347,9641126,9641128,9641125,9665106,9641129
9646347,9641126,9641128,9641125,9665106,9641125
9646347,9641126,9641128,9641125,9665106,9641126
9646347,9641126,9641128,9641125,9641112,9641128
9646347,9641126,9641128,9641125,9641112,9665106
9646347,9641126,9641128,9641125,9641112,9641112
9646347,9641126,9641128,9641125,9641112,9641129
9646347,9641126,9641128,9641125,9641112,9641125
9646347,9641126,9641128,9641125,9641112,9641126
9646347,9641126,9641128,9641125,9641129,9641128
9646347,9641126,9641128,9641125,9641129,9665106
9646347,9641126,9641128,9641125,9641129,9641112
9646347,9641126,9641128,9641125,9641129,9641129
9646347,9641126,9641128,9641125,9641129,9641125
9646347,9641126,9641128,9641125,9641129,9641126
9646347,9641126,9641128,9641125,9641125,9641128
9646347,9641126,9641128,9641125,9641125,9665106
9646347,9641126,9641128,9641125,9641125,9641112
9646347,9641126,9641128,9641125,9641125,9641129
9646347,9641126,9641128,9641125,9641125,9641125
9646347,9641126,9641128,9641125,9641125,9641126
9646347,9641126,9641128,9641125,9641126,9641128
9646347,9641126,9641128,9641125,9641126,9665106
9646347,9641126,9641128,9641125,9641126,9641112
9646347,9641126,9641128,9641125,9641126,9641129
9646347,9641126,9641128,9641125,9641126,9641125
9646347,9641126,9641128,9641125,9641126,9641126
9646347,9641126,9641128,9641126,9641128,9641128
9646347,9641126,9641128,9641126,9641128,9665106
9646347,9641126,9641128,9641126,9641128,9641112
9646347,9641126,9641128,9641126,9641128,9641129
9646347,9641126,9641128,9641126,9641128,9641125
9646347,9641126,9641128,9641126,9641128,9641126
9646347,9641126,9641128,9641126,9665106,9641128
9646347,9641126,9641128,9641126,9665106,9665106
9646347,9641126,9641128,9641126,9665106,9641112
9646347,9641126,9641128,9641126,9665106,9641129
9646347,9641126,9641128,9641126,9665106,9641125
9646347,9641126,9641128,9641126,9665106,9641126
9646347,9641126,9641128,9641126,9641112,9641128
9646347,9641126,9641128,9641126,9641112,9665106
9646347,9641126,9641128,9641126,9641112,9641112
9646347,9641126,9641128,9641126,9641112,9641129
9646347,9641126,9641128,9641126,9641112,9641125
9646347,9641126,9641128,9641126,9641112,9641126
9646347,9641126,9641128,9641126,9641129,9641128
9646347,9641126,9641128,9641126,9641129,9665106
9646347,9641126,9641128,9641126,9641129,9641112
9646347,9641126,9641128,9641126,9641129,9641129
9646347,9641126,9641128,9641126,9641129,9641125
9646347,9641126,9641128,9641126,9641129,9641126
9646347,9641126,9641128,9641126,9641125,9641128
9646347,9641126,9641128,9641126,9641125,9665106
9646347,9641126,9641128,9641126,9641125,9641112
9646347,9641126,9641128,9641126,9641125,9641129
9646347,9641126,9641128,9641126,9641125,9641125
9646347,9641126,9641128,9641126,9641125,9641126
9646347,9641126,9641128,9641126,9641126,9641128
9646347,9641126,9641128,9641126,9641126,9665106
9646347,9641126,9641128,9641126,9641126,9641112
9646347,9641126,9641128,9641126,9641126,9641129
9646347,9641126,9641128,9641126,9641126,9641125
9646347,9641126,9641128,9641126,9641126,9641126
9646347,9641126,9665106,9641128,9641128,9641128
9646347,9641126,9665106,9641128,9641128,9665106
9646347,9641126,9665106,9641128,9641128,9641112
9646347,9641126,9665106,9641128,9641128,9641129
9646347,9641126,9665106,9641128,9641128,9641125
9646347,9641126,9665106,9641128,9641128,9641126
9646347,9641126,9665106,9641128,9665106,9641128
9646347,9641126,9665106,9641128,9665106,9665106
9646347,9641126,9665106,9641128,9665106,9641112
9646347,9641126,9665106,9641128,9665106,9641129
9646347,9641126,9665106,9641128,9665106,9641125
9646347,9641126,9665106,9641128,9665106,9641126
9646347,9641126,9665106,9641128,9641112,9641128
9646347,9641126,9665106,9641128,9641112,9665106
9646347,9641126,9665106,9641128,9641112,9641112
9646347,9641126,9665106,9641128,9641112,9641129
9646347,9641126,9665106,9641128,9641112,9641125
9646347,9641126,9665106,9641128,9641112,9641126
9646347,9641126,9665106,9641128,9641129,9641128
9646347,9641126,9665106,9641128,9641129,9665106
9646347,9641126,9665106,9641128,9641129,9641112
9646347,9641126,9665106,9641128,9641129,9641129
9646347,9641126,9665106,9641128,9641129,9641125
9646347,9641126,9665106,9641128,9641129,9641126
9646347,9641126,9665106,9641128,9641125,9641128
9646347,9641126,9665106,9641128,9641125,9665106
9646347,9641126,9665106,9641128,9641125,9641112
9646347,9641126,9665106,9641128,9641125,9641129
9646347,9641126,9665106,9641128,9641125,9641125
9646347,9641126,9665106,9641128,9641125,9641126
9646347,9641126,9665106,9641128,9641126,9641128
9646347,9641126,9665106,9641128,9641126,9665106
9646347,9641126,9665106,9641128,9641126,9641112
9646347,9641126,9665106,9641128,9641126,9641129
9646347,9641126,9665106,9641128,9641126,9641125
9646347,9641126,9665106,9641128,9641126,9641126
9646347,9641126,9665106,9665106,9641128,9641128
9646347,9641126,9665106,9665106,9641128,9665106
9646347,9641126,9665106,9665106,9641128,9641112
9646347,9641126,9665106,9665106,9641128,9641129
9646347,9641126,9665106,9665106,9641128,9641125
9646347,9641126,9665106,9665106,9641128,9641126
9646347,9641126,9665106,9665106,9665106,9641128
9646347,9641126,9665106,9665106,9665106,9665106
9646347,9641126,9665106,9665106,9665106,9641112
9646347,9641126,9665106,9665106,9665106,9641129
9646347,9641126,9665106,9665106,9665106,9641125
9646347,9641126,9665106,9665106,9665106,9641126
9646347,9641126,9665106,9665106,9641112,9641128
9646347,9641126,9665106,9665106,9641112,9665106
9646347,9641126,9665106,9665106,9641112,9641112
9646347,9641126,9665106,9665106,9641112,9641129
9646347,9641126,9665106,9665106,9641112,9641125
9646347,9641126,9665106,9665106,9641112,9641126
9646347,9641126,9665106,9665106,9641129,9641128
9646347,9641126,9665106,9665106,9641129,9665106
9646347,9641126,9665106,9665106,9641129,9641112
9646347,9641126,9665106,9665106,9641129,9641129
9646347,9641126,9665106,9665106,9641129,9641125
9646347,9641126,9665106,9665106,9641129,9641126
9646347,9641126,9665106,9665106,9641125,9641128
9646347,9641126,9665106,9665106,9641125,9665106
9646347,9641126,9665106,9665106,9641125,9641112
9646347,9641126,9665106,9665106,9641125,9641129
9646347,9641126,9665106,9665106,9641125,9641125
9646347,9641126,9665106,9665106,9641125,9641126
9646347,9641126,9665106,9665106,9641126,9641128
9646347,9641126,9665106,9665106,9641126,9665106
9646347,9641126,9665106,9665106,9641126,9641112
9646347,9641126,9665106,9665106,9641126,9641129
9646347,9641126,9665106,9665106,9641126,9641125
9646347,9641126,9665106,9665106,9641126,9641126
9646347,9641126,9665106,9641112,9641128,9641128
9646347,9641126,9665106,9641112,9641128,9665106
9646347,9641126,9665106,9641112,9641128,9641112
9646347,9641126,9665106,9641112,9641128,9641129
9646347,9641126,9665106,9641112,9641128,9641125
9646347,9641126,9665106,9641112,9641128,9641126
9646347,9641126,9665106,9641112,9665106,9641128
9646347,9641126,9665106,9641112,9665106,9665106
9646347,9641126,9665106,9641112,9665106,9641112
9646347,9641126,9665106,9641112,9665106,9641129
9646347,9641126,9665106,9641112,9665106,9641125
9646347,9641126,9665106,9641112,9665106,9641126
9646347,9641126,9665106,9641112,9641112,9641128
9646347,9641126,9665106,9641112,9641112,9665106
9646347,9641126,9665106,9641112,9641112,9641112
9646347,9641126,9665106,9641112,9641112,9641129
9646347,9641126,9665106,9641112,9641112,9641125
9646347,9641126,9665106,9641112,9641112,9641126
9646347,9641126,9665106,9641112,9641129,9641128
9646347,9641126,9665106,9641112,9641129,9665106
9646347,9641126,9665106,9641112,9641129,9641112
9646347,9641126,9665106,9641112,9641129,9641129
9646347,9641126,9665106,9641112,9641129,9641125
9646347,9641126,9665106,9641112,9641129,9641126
9646347,9641126,9665106,9641112,9641125,9641128
9646347,9641126,9665106,9641112,9641125,9665106
9646347,9641126,9665106,9641112,9641125,9641112
9646347,9641126,9665106,9641112,9641125,9641129
9646347,9641126,9665106,9641112,9641125,9641125
9646347,9641126,9665106,9641112,9641125,9641126
9646347,9641126,9665106,9641112,9641126,9641128
9646347,9641126,9665106,9641112,9641126,9665106
9646347,9641126,9665106,9641112,9641126,9641112
9646347,9641126,9665106,9641112,9641126,9641129
9646347,9641126,9665106,9641112,9641126,9641125
9646347,9641126,9665106,9641112,9641126,9641126
9646347,9641126,9665106,9641129,9641128,9641128
9646347,9641126,9665106,9641129,9641128,9665106
9646347,9641126,9665106,9641129,9641128,9641112
9646347,9641126,9665106,9641129,9641128,9641129
9646347,9641126,9665106,9641129,9641128,9641125
9646347,9641126,9665106,9641129,9641128,9641126
9646347,9641126,9665106,9641129,9665106,9641128
9646347,9641126,9665106,9641129,9665106,9665106
9646347,9641126,9665106,9641129,9665106,9641112
9646347,9641126,9665106,9641129,9665106,9641129
9646347,9641126,9665106,9641129,9665106,9641125
9646347,9641126,9665106,9641129,9665106,9641126
9646347,9641126,9665106,9641129,9641112,9641128
9646347,9641126,9665106,9641129,9641112,9665106
9646347,9641126,9665106,9641129,9641112,9641112
9646347,9641126,9665106,9641129,9641112,9641129
9646347,9641126,9665106,9641129,9641112,9641125
9646347,9641126,9665106,9641129,9641112,9641126
9646347,9641126,9665106,9641129,9641129,9641128
9646347,9641126,9665106,9641129,9641129,9665106
9646347,9641126,9665106,9641129,9641129,9641112
9646347,9641126,9665106,9641129,9641129,9641129
9646347,9641126,9665106,9641129,9641129,9641125
9646347,9641126,9665106,9641129,9641129,9641126
9646347,9641126,9665106,9641129,9641125,9641128
9646347,9641126,9665106,9641129,9641125,9665106
9646347,9641126,9665106,9641129,9641125,9641112
9646347,9641126,9665106,9641129,9641125,9641129
9646347,9641126,9665106,9641129,9641125,9641125
9646347,9641126,9665106,9641129,9641125,9641126
9646347,9641126,9665106,9641129,9641126,9641128
9646347,9641126,9665106,9641129,9641126,9665106
9646347,9641126,9665106,9641129,9641126,9641112
9646347,9641126,9665106,9641129,9641126,9641129
9646347,9641126,9665106,9641129,9641126,9641125
9646347,9641126,9665106,9641129,9641126,9641126
9646347,9641126,9665106,9641125,9641128,9641128
9646347,9641126,9665106,9641125,9641128,9665106
9646347,9641126,9665106,9641125,9641128,9641112
9646347,9641126,9665106,9641125,9641128,9641129
9646347,9641126,9665106,9641125,9641128,9641125
9646347,9641126,9665106,9641125,9641128,9641126
9646347,9641126,9665106,9641125,9665106,9641128
9646347,9641126,9665106,9641125,9665106,9665106
9646347,9641126,9665106,9641125,9665106,9641112
9646347,9641126,9665106,9641125,9665106,9641129
9646347,9641126,9665106,9641125,9665106,9641125
9646347,9641126,9665106,9641125,9665106,9641126
9646347,9641126,9665106,9641125,9641112,9641128
9646347,9641126,9665106,9641125,9641112,9665106
9646347,9641126,9665106,9641125,9641112,9641112
9646347,9641126,9665106,9641125,9641112,9641129
9646347,9641126,9665106,9641125,9641112,9641125
9646347,9641126,9665106,9641125,9641112,9641126
9646347,9641126,9665106,9641125,9641129,9641128
9646347,9641126,9665106,9641125,9641129,9665106
9646347,9641126,9665106,9641125,9641129,9641112
9646347,9641126,9665106,9641125,9641129,9641129
9646347,9641126,9665106,9641125,9641129,9641125
9646347,9641126,9665106,9641125,9641129,9641126
9646347,9641126,9665106,9641125,9641125,9641128
9646347,9641126,9665106,9641125,9641125,9665106
9646347,9641126,9665106,9641125,9641125,9641112
9646347,9641126,9665106,9641125,9641125,9641129
9646347,9641126,9665106,9641125,9641125,9641125
9646347,9641126,9665106,9641125,9641125,9641126
9646347,9641126,9665106,9641125,9641126,9641128
9646347,9641126,9665106,9641125,9641126,9665106
9646347,9641126,9665106,9641125,9641126,9641112
9646347,9641126,9665106,9641125,9641126,9641129
9646347,9641126,9665106,9641125,9641126,9641125
9646347,9641126,9665106,9641125,9641126,9641126
9646347,9641126,9665106,9641126,9641128,9641128
9646347,9641126,9665106,9641126,9641128,9665106
9646347,9641126,9665106,9641126,9641128,9641112
9646347,9641126,9665106,9641126,9641128,9641129
9646347,9641126,9665106,9641126,9641128,9641125
9646347,9641126,9665106,9641126,9641128,9641126
9646347,9641126,9665106,9641126,9665106,9641128
9646347,9641126,9665106,9641126,9665106,9665106
9646347,9641126,9665106,9641126,9665106,9641112
9646347,9641126,9665106,9641126,9665106,9641129
9646347,9641126,9665106,9641126,9665106,9641125
9646347,9641126,9665106,9641126,9665106,9641126
9646347,9641126,9665106,9641126,9641112,9641128
9646347,9641126,9665106,9641126,9641112,9665106
9646347,9641126,9665106,9641126,9641112,9641112
9646347,9641126,9665106,9641126,9641112,9641129
9646347,9641126,9665106,9641126,9641112,9641125
9646347,9641126,9665106,9641126,9641112,9641126
9646347,9641126,9665106,9641126,9641129,9641128
9646347,9641126,9665106,9641126,9641129,9665106
9646347,9641126,9665106,9641126,9641129,9641112
9646347,9641126,9665106,9641126,9641129,9641129
9646347,9641126,9665106,9641126,9641129,9641125
9646347,9641126,9665106,9641126,9641129,9641126
9646347,9641126,9665106,9641126,9641125,9641128
9646347,9641126,9665106,9641126,9641125,9665106
9646347,9641126,9665106,9641126,9641125,9641112
9646347,9641126,9665106,9641126,9641125,9641129
9646347,9641126,9665106,9641126,9641125,9641125
9646347,9641126,9665106,9641126,9641125,9641126
9646347,9641126,9665106,9641126,9641126,9641128
9646347,9641126,9665106,9641126,9641126,9665106
9646347,9641126,9665106,9641126,9641126,9641112
9646347,9641126,9665106,9641126,9641126,9641129
9646347,9641126,9665106,9641126,9641126,9641125
9646347,9641126,9665106,9641126,9641126,9641126
9646347,9641126,9641112,9641128,9641128,9641128
9646347,9641126,9641112,9641128,9641128,9665106
9646347,9641126,9641112,9641128,9641128,9641112
9646347,9641126,9641112,9641128,9641128,9641129
9646347,9641126,9641112,9641128,9641128,9641125
9646347,9641126,9641112,9641128,9641128,9641126
9646347,9641126,9641112,9641128,9665106,9641128
9646347,9641126,9641112,9641128,9665106,9665106
9646347,9641126,9641112,9641128,9665106,9641112
9646347,9641126,9641112,9641128,9665106,9641129
9646347,9641126,9641112,9641128,9665106,9641125
9646347,9641126,9641112,9641128,9665106,9641126
9646347,9641126,9641112,9641128,9641112,9641128
9646347,9641126,9641112,9641128,9641112,9665106
9646347,9641126,9641112,9641128,9641112,9641112
9646347,9641126,9641112,9641128,9641112,9641129
9646347,9641126,9641112,9641128,9641112,9641125
9646347,9641126,9641112,9641128,9641112,9641126
9646347,9641126,9641112,9641128,9641129,9641128
9646347,9641126,9641112,9641128,9641129,9665106
9646347,9641126,9641112,9641128,9641129,9641112
9646347,9641126,9641112,9641128,9641129,9641129
9646347,9641126,9641112,9641128,9641129,9641125
9646347,9641126,9641112,9641128,9641129,9641126
9646347,9641126,9641112,9641128,9641125,9641128
9646347,9641126,9641112,9641128,9641125,9665106
9646347,9641126,9641112,9641128,9641125,9641112
9646347,9641126,9641112,9641128,9641125,9641129
9646347,9641126,9641112,9641128,9641125,9641125
9646347,9641126,9641112,9641128,9641125,9641126
9646347,9641126,9641112,9641128,9641126,9641128
9646347,9641126,9641112,9641128,9641126,9665106
9646347,9641126,9641112,9641128,9641126,9641112
9646347,9641126,9641112,9641128,9641126,9641129
9646347,9641126,9641112,9641128,9641126,9641125
9646347,9641126,9641112,9641128,9641126,9641126
9646347,9641126,9641112,9665106,9641128,9641128
9646347,9641126,9641112,9665106,9641128,9665106
9646347,9641126,9641112,9665106,9641128,9641112
9646347,9641126,9641112,9665106,9641128,9641129
9646347,9641126,9641112,9665106,9641128,9641125
9646347,9641126,9641112,9665106,9641128,9641126
9646347,9641126,9641112,9665106,9665106,9641128
9646347,9641126,9641112,9665106,9665106,9665106
9646347,9641126,9641112,9665106,9665106,9641112
9646347,9641126,9641112,9665106,9665106,9641129
9646347,9641126,9641112,9665106,9665106,9641125
9646347,9641126,9641112,9665106,9665106,9641126
9646347,9641126,9641112,9665106,9641112,9641128
9646347,9641126,9641112,9665106,9641112,9665106
9646347,9641126,9641112,9665106,9641112,9641112
9646347,9641126,9641112,9665106,9641112,9641129
9646347,9641126,9641112,9665106,9641112,9641125
9646347,9641126,9641112,9665106,9641112,9641126
9646347,9641126,9641112,9665106,9641129,9641128
9646347,9641126,9641112,9665106,9641129,9665106
9646347,9641126,9641112,9665106,9641129,9641112
9646347,9641126,9641112,9665106,9641129,9641129
9646347,9641126,9641112,9665106,9641129,9641125
9646347,9641126,9641112,9665106,9641129,9641126
9646347,9641126,9641112,9665106,9641125,9641128
9646347,9641126,9641112,9665106,9641125,9665106
9646347,9641126,9641112,9665106,9641125,9641112
9646347,9641126,9641112,9665106,9641125,9641129
9646347,9641126,9641112,9665106,9641125,9641125
9646347,9641126,9641112,9665106,9641125,9641126
9646347,9641126,9641112,9665106,9641126,9641128
9646347,9641126,9641112,9665106,9641126,9665106
9646347,9641126,9641112,9665106,9641126,9641112
9646347,9641126,9641112,9665106,9641126,9641129
9646347,9641126,9641112,9665106,9641126,9641125
9646347,9641126,9641112,9665106,9641126,9641126
9646347,9641126,9641112,9641112,9641128,9641128
9646347,9641126,9641112,9641112,9641128,9665106
9646347,9641126,9641112,9641112,9641128,9641112
9646347,9641126,9641112,9641112,9641128,9641129
9646347,9641126,9641112,9641112,9641128,9641125
9646347,9641126,9641112,9641112,9641128,9641126
9646347,9641126,9641112,9641112,9665106,9641128
9646347,9641126,9641112,9641112,9665106,9665106
9646347,9641126,9641112,9641112,9665106,9641112
9646347,9641126,9641112,9641112,9665106,9641129
9646347,9641126,9641112,9641112,9665106,9641125
9646347,9641126,9641112,9641112,9665106,9641126
9646347,9641126,9641112,9641112,9641112,9641128
9646347,9641126,9641112,9641112,9641112,9665106
9646347,9641126,9641112,9641112,9641112,9641112
9646347,9641126,9641112,9641112,9641112,9641129
9646347,9641126,9641112,9641112,9641112,9641125
9646347,9641126,9641112,9641112,9641112,9641126
9646347,9641126,9641112,9641112,9641129,9641128
9646347,9641126,9641112,9641112,9641129,9665106
9646347,9641126,9641112,9641112,9641129,9641112
9646347,9641126,9641112,9641112,9641129,9641129
9646347,9641126,9641112,9641112,9641129,9641125
9646347,9641126,9641112,9641112,9641129,9641126
9646347,9641126,9641112,9641112,9641125,9641128
9646347,9641126,9641112,9641112,9641125,9665106
9646347,9641126,9641112,9641112,9641125,9641112
9646347,9641126,9641112,9641112,9641125,9641129
9646347,9641126,9641112,9641112,9641125,9641125
9646347,9641126,9641112,9641112,9641125,9641126
9646347,9641126,9641112,9641112,9641126,9641128
9646347,9641126,9641112,9641112,9641126,9665106
9646347,9641126,9641112,9641112,9641126,9641112
9646347,9641126,9641112,9641112,9641126,9641129
9646347,9641126,9641112,9641112,9641126,9641125
9646347,9641126,9641112,9641112,9641126,9641126
9646347,9641126,9641112,9641129,9641128,9641128
9646347,9641126,9641112,9641129,9641128,9665106
9646347,9641126,9641112,9641129,9641128,9641112
9646347,9641126,9641112,9641129,9641128,9641129
9646347,9641126,9641112,9641129,9641128,9641125
9646347,9641126,9641112,9641129,9641128,9641126
9646347,9641126,9641112,9641129,9665106,9641128
9646347,9641126,9641112,9641129,9665106,9665106
9646347,9641126,9641112,9641129,9665106,9641112
9646347,9641126,9641112,9641129,9665106,9641129
9646347,9641126,9641112,9641129,9665106,9641125
9646347,9641126,9641112,9641129,9665106,9641126
9646347,9641126,9641112,9641129,9641112,9641128
9646347,9641126,9641112,9641129,9641112,9665106
9646347,9641126,9641112,9641129,9641112,9641112
9646347,9641126,9641112,9641129,9641112,9641129
9646347,9641126,9641112,9641129,9641112,9641125
9646347,9641126,9641112,9641129,9641112,9641126
9646347,9641126,9641112,9641129,9641129,9641128
9646347,9641126,9641112,9641129,9641129,9665106
9646347,9641126,9641112,9641129,9641129,9641112
9646347,9641126,9641112,9641129,9641129,9641129
9646347,9641126,9641112,9641129,9641129,9641125
9646347,9641126,9641112,9641129,9641129,9641126
9646347,9641126,9641112,9641129,9641125,9641128
9646347,9641126,9641112,9641129,9641125,9665106
9646347,9641126,9641112,9641129,9641125,9641112
9646347,9641126,9641112,9641129,9641125,9641129
9646347,9641126,9641112,9641129,9641125,9641125
9646347,9641126,9641112,9641129,9641125,9641126
9646347,9641126,9641112,9641129,9641126,9641128
9646347,9641126,9641112,9641129,9641126,9665106
9646347,9641126,9641112,9641129,9641126,9641112
9646347,9641126,9641112,9641129,9641126,9641129
9646347,9641126,9641112,9641129,9641126,9641125
9646347,9641126,9641112,9641129,9641126,9641126
9646347,9641126,9641112,9641125,9641128,9641128
9646347,9641126,9641112,9641125,9641128,9665106
9646347,9641126,9641112,9641125,9641128,9641112
9646347,9641126,9641112,9641125,9641128,9641129
9646347,9641126,9641112,9641125,9641128,9641125
9646347,9641126,9641112,9641125,9641128,9641126
9646347,9641126,9641112,9641125,9665106,9641128
9646347,9641126,9641112,9641125,9665106,9665106
9646347,9641126,9641112,9641125,9665106,9641112
9646347,9641126,9641112,9641125,9665106,9641129
9646347,9641126,9641112,9641125,9665106,9641125
9646347,9641126,9641112,9641125,9665106,9641126
9646347,9641126,9641112,9641125,9641112,9641128
9646347,9641126,9641112,9641125,9641112,9665106
9646347,9641126,9641112,9641125,9641112,9641112
9646347,9641126,9641112,9641125,9641112,9641129
9646347,9641126,9641112,9641125,9641112,9641125
9646347,9641126,9641112,9641125,9641112,9641126
9646347,9641126,9641112,9641125,9641129,9641128
9646347,9641126,9641112,9641125,9641129,9665106
9646347,9641126,9641112,9641125,9641129,9641112
9646347,9641126,9641112,9641125,9641129,9641129
9646347,9641126,9641112,9641125,9641129,9641125
9646347,9641126,9641112,9641125,9641129,9641126
9646347,9641126,9641112,9641125,9641125,9641128
9646347,9641126,9641112,9641125,9641125,9665106
9646347,9641126,9641112,9641125,9641125,9641112
9646347,9641126,9641112,9641125,9641125,9641129
9646347,9641126,9641112,9641125,9641125,9641125
9646347,9641126,9641112,9641125,9641125,9641126
9646347,9641126,9641112,9641125,9641126,9641128
9646347,9641126,9641112,9641125,9641126,9665106
9646347,9641126,9641112,9641125,9641126,9641112
9646347,9641126,9641112,9641125,9641126,9641129
9646347,9641126,9641112,9641125,9641126,9641125
9646347,9641126,9641112,9641125,9641126,9641126
9646347,9641126,9641112,9641126,9641128,9641128
9646347,9641126,9641112,9641126,9641128,9665106
9646347,9641126,9641112,9641126,9641128,9641112
9646347,9641126,9641112,9641126,9641128,9641129
9646347,9641126,9641112,9641126,9641128,9641125
9646347,9641126,9641112,9641126,9641128,9641126
9646347,9641126,9641112,9641126,9665106,9641128
9646347,9641126,9641112,9641126,9665106,9665106
9646347,9641126,9641112,9641126,9665106,9641112
9646347,9641126,9641112,9641126,9665106,9641129
9646347,9641126,9641112,9641126,9665106,9641125
9646347,9641126,9641112,9641126,9665106,9641126
9646347,9641126,9641112,9641126,9641112,9641128
9646347,9641126,9641112,9641126,9641112,9665106
9646347,9641126,9641112,9641126,9641112,9641112
9646347,9641126,9641112,9641126,9641112,9641129
9646347,9641126,9641112,9641126,9641112,9641125
9646347,9641126,9641112,9641126,9641112,9641126
9646347,9641126,9641112,9641126,9641129,9641128
9646347,9641126,9641112,9641126,9641129,9665106
9646347,9641126,9641112,9641126,9641129,9641112
9646347,9641126,9641112,9641126,9641129,9641129
9646347,9641126,9641112,9641126,9641129,9641125
9646347,9641126,9641112,9641126,9641129,9641126
9646347,9641126,9641112,9641126,9641125,9641128
9646347,9641126,9641112,9641126,9641125,9665106
9646347,9641126,9641112,9641126,9641125,9641112
9646347,9641126,9641112,9641126,9641125,9641129
9646347,9641126,9641112,9641126,9641125,9641125
9646347,9641126,9641112,9641126,9641125,9641126
9646347,9641126,9641112,9641126,9641126,9641128
9646347,9641126,9641112,9641126,9641126,9665106
9646347,9641126,9641112,9641126,9641126,9641112
9646347,9641126,9641112,9641126,9641126,9641129
9646347,9641126,9641112,9641126,9641126,9641125
9646347,9641126,9641112,9641126,9641126,9641126
9646347,9641126,9641129,9641128,9641128,9641128
9646347,9641126,9641129,9641128,9641128,9665106
9646347,9641126,9641129,9641128,9641128,9641112
9646347,9641126,9641129,9641128,9641128,9641129
9646347,9641126,9641129,9641128,9641128,9641125
9646347,9641126,9641129,9641128,9641128,9641126
9646347,9641126,9641129,9641128,9665106,9641128
9646347,9641126,9641129,9641128,9665106,9665106
9646347,9641126,9641129,9641128,9665106,9641112
9646347,9641126,9641129,9641128,9665106,9641129
9646347,9641126,9641129,9641128,9665106,9641125
9646347,9641126,9641129,9641128,9665106,9641126
9646347,9641126,9641129,9641128,9641112,9641128
9646347,9641126,9641129,9641128,9641112,9665106
9646347,9641126,9641129,9641128,9641112,9641112
9646347,9641126,9641129,9641128,9641112,9641129
9646347,9641126,9641129,9641128,9641112,9641125
9646347,9641126,9641129,9641128,9641112,9641126
9646347,9641126,9641129,9641128,9641129,9641128
9646347,9641126,9641129,9641128,9641129,9665106
9646347,9641126,9641129,9641128,9641129,9641112
9646347,9641126,9641129,9641128,9641129,9641129
9646347,9641126,9641129,9641128,9641129,9641125
9646347,9641126,9641129,9641128,9641129,9641126
9646347,9641126,9641129,9641128,9641125,9641128
9646347,9641126,9641129,9641128,9641125,9665106
9646347,9641126,9641129,9641128,9641125,9641112
9646347,9641126,9641129,9641128,9641125,9641129
9646347,9641126,9641129,9641128,9641125,9641125
9646347,9641126,9641129,9641128,9641125,9641126
9646347,9641126,9641129,9641128,9641126,9641128
9646347,9641126,9641129,9641128,9641126,9665106
9646347,9641126,9641129,9641128,9641126,9641112
9646347,9641126,9641129,9641128,9641126,9641129
9646347,9641126,9641129,9641128,9641126,9641125
9646347,9641126,9641129,9641128,9641126,9641126
9646347,9641126,9641129,9665106,9641128,9641128
9646347,9641126,9641129,9665106,9641128,9665106
9646347,9641126,9641129,9665106,9641128,9641112
9646347,9641126,9641129,9665106,9641128,9641129
9646347,9641126,9641129,9665106,9641128,9641125
9646347,9641126,9641129,9665106,9641128,9641126
9646347,9641126,9641129,9665106,9665106,9641128
9646347,9641126,9641129,9665106,9665106,9665106
9646347,9641126,9641129,9665106,9665106,9641112
9646347,9641126,9641129,9665106,9665106,9641129
9646347,9641126,9641129,9665106,9665106,9641125
9646347,9641126,9641129,9665106,9665106,9641126
9646347,9641126,9641129,9665106,9641112,9641128
9646347,9641126,9641129,9665106,9641112,9665106
9646347,9641126,9641129,9665106,9641112,9641112
9646347,9641126,9641129,9665106,9641112,9641129
9646347,9641126,9641129,9665106,9641112,9641125
9646347,9641126,9641129,9665106,9641112,9641126
9646347,9641126,9641129,9665106,9641129,9641128
9646347,9641126,9641129,9665106,9641129,9665106
9646347,9641126,9641129,9665106,9641129,9641112
9646347,9641126,9641129,9665106,9641129,9641129
9646347,9641126,9641129,9665106,9641129,9641125
9646347,9641126,9641129,9665106,9641129,9641126
9646347,9641126,9641129,9665106,9641125,9641128
9646347,9641126,9641129,9665106,9641125,9665106
9646347,9641126,9641129,9665106,9641125,9641112
9646347,9641126,9641129,9665106,9641125,9641129
9646347,9641126,9641129,9665106,9641125,9641125
9646347,9641126,9641129,9665106,9641125,9641126
9646347,9641126,9641129,9665106,9641126,9641128
9646347,9641126,9641129,9665106,9641126,9665106
9646347,9641126,9641129,9665106,9641126,9641112
9646347,9641126,9641129,9665106,9641126,9641129
9646347,9641126,9641129,9665106,9641126,9641125
9646347,9641126,9641129,9665106,9641126,9641126
9646347,9641126,9641129,9641112,9641128,9641128
9646347,9641126,9641129,9641112,9641128,9665106
9646347,9641126,9641129,9641112,9641128,9641112
9646347,9641126,9641129,9641112,9641128,9641129
9646347,9641126,9641129,9641112,9641128,9641125
9646347,9641126,9641129,9641112,9641128,9641126
9646347,9641126,9641129,9641112,9665106,9641128
9646347,9641126,9641129,9641112,9665106,9665106
9646347,9641126,9641129,9641112,9665106,9641112
9646347,9641126,9641129,9641112,9665106,9641129
9646347,9641126,9641129,9641112,9665106,9641125
9646347,9641126,9641129,9641112,9665106,9641126
9646347,9641126,9641129,9641112,9641112,9641128
9646347,9641126,9641129,9641112,9641112,9665106
9646347,9641126,9641129,9641112,9641112,9641112
9646347,9641126,9641129,9641112,9641112,9641129
9646347,9641126,9641129,9641112,9641112,9641125
9646347,9641126,9641129,9641112,9641112,9641126
9646347,9641126,9641129,9641112,9641129,9641128
9646347,9641126,9641129,9641112,9641129,9665106
9646347,9641126,9641129,9641112,9641129,9641112
9646347,9641126,9641129,9641112,9641129,9641129
9646347,9641126,9641129,9641112,9641129,9641125
9646347,9641126,9641129,9641112,9641129,9641126
9646347,9641126,9641129,9641112,9641125,9641128
9646347,9641126,9641129,9641112,9641125,9665106
9646347,9641126,9641129,9641112,9641125,9641112
9646347,9641126,9641129,9641112,9641125,9641129
9646347,9641126,9641129,9641112,9641125,9641125
9646347,9641126,9641129,9641112,9641125,9641126
9646347,9641126,9641129,9641112,9641126,9641128
9646347,9641126,9641129,9641112,9641126,9665106
9646347,9641126,9641129,9641112,9641126,9641112
9646347,9641126,9641129,9641112,9641126,9641129
9646347,9641126,9641129,9641112,9641126,9641125
9646347,9641126,9641129,9641112,9641126,9641126
9646347,9641126,9641129,9641129,9641128,9641128
9646347,9641126,9641129,9641129,9641128,9665106
9646347,9641126,9641129,9641129,9641128,9641112
9646347,9641126,9641129,9641129,9641128,9641129
9646347,9641126,9641129,9641129,9641128,9641125
9646347,9641126,9641129,9641129,9641128,9641126
9646347,9641126,9641129,9641129,9665106,9641128
9646347,9641126,9641129,9641129,9665106,9665106
9646347,9641126,9641129,9641129,9665106,9641112
9646347,9641126,9641129,9641129,9665106,9641129
9646347,9641126,9641129,9641129,9665106,9641125
9646347,9641126,9641129,9641129,9665106,9641126
9646347,9641126,9641129,9641129,9641112,9641128
9646347,9641126,9641129,9641129,9641112,9665106
9646347,9641126,9641129,9641129,9641112,9641112
9646347,9641126,9641129,9641129,9641112,9641129
9646347,9641126,9641129,9641129,9641112,9641125
9646347,9641126,9641129,9641129,9641112,9641126
9646347,9641126,9641129,9641129,9641129,9641128
9646347,9641126,9641129,9641129,9641129,9665106
9646347,9641126,9641129,9641129,9641129,9641112
9646347,9641126,9641129,9641129,9641129,9641129
9646347,9641126,9641129,9641129,9641129,9641125
9646347,9641126,9641129,9641129,9641129,9641126
9646347,9641126,9641129,9641129,9641125,9641128
9646347,9641126,9641129,9641129,9641125,9665106
9646347,9641126,9641129,9641129,9641125,9641112
9646347,9641126,9641129,9641129,9641125,9641129
9646347,9641126,9641129,9641129,9641125,9641125
9646347,9641126,9641129,9641129,9641125,9641126
9646347,9641126,9641129,9641129,9641126,9641128
9646347,9641126,9641129,9641129,9641126,9665106
9646347,9641126,9641129,9641129,9641126,9641112
9646347,9641126,9641129,9641129,9641126,9641129
9646347,9641126,9641129,9641129,9641126,9641125
9646347,9641126,9641129,9641129,9641126,9641126
9646347,9641126,9641129,9641125,9641128,9641128
9646347,9641126,9641129,9641125,9641128,9665106
9646347,9641126,9641129,9641125,9641128,9641112
9646347,9641126,9641129,9641125,9641128,9641129
9646347,9641126,9641129,9641125,9641128,9641125
9646347,9641126,9641129,9641125,9641128,9641126
9646347,9641126,9641129,9641125,9665106,9641128
9646347,9641126,9641129,9641125,9665106,9665106
9646347,9641126,9641129,9641125,9665106,9641112
9646347,9641126,9641129,9641125,9665106,9641129
9646347,9641126,9641129,9641125,9665106,9641125
9646347,9641126,9641129,9641125,9665106,9641126
9646347,9641126,9641129,9641125,9641112,9641128
9646347,9641126,9641129,9641125,9641112,9665106
9646347,9641126,9641129,9641125,9641112,9641112
9646347,9641126,9641129,9641125,9641112,9641129
9646347,9641126,9641129,9641125,9641112,9641125
9646347,9641126,9641129,9641125,9641112,9641126
9646347,9641126,9641129,9641125,9641129,9641128
9646347,9641126,9641129,9641125,9641129,9665106
9646347,9641126,9641129,9641125,9641129,9641112
9646347,9641126,9641129,9641125,9641129,9641129
9646347,9641126,9641129,9641125,9641129,9641125
9646347,9641126,9641129,9641125,9641129,9641126
9646347,9641126,9641129,9641125,9641125,9641128
9646347,9641126,9641129,9641125,9641125,9665106
9646347,9641126,9641129,9641125,9641125,9641112
9646347,9641126,9641129,9641125,9641125,9641129
9646347,9641126,9641129,9641125,9641125,9641125
9646347,9641126,9641129,9641125,9641125,9641126
9646347,9641126,9641129,9641125,9641126,9641128
9646347,9641126,9641129,9641125,9641126,9665106
9646347,9641126,9641129,9641125,9641126,9641112
9646347,9641126,9641129,9641125,9641126,9641129
9646347,9641126,9641129,9641125,9641126,9641125
9646347,9641126,9641129,9641125,9641126,9641126
9646347,9641126,9641129,9641126,9641128,9641128
9646347,9641126,9641129,9641126,9641128,9665106
9646347,9641126,9641129,9641126,9641128,9641112
9646347,9641126,9641129,9641126,9641128,9641129
9646347,9641126,9641129,9641126,9641128,9641125
9646347,9641126,9641129,9641126,9641128,9641126
9646347,9641126,9641129,9641126,9665106,9641128
9646347,9641126,9641129,9641126,9665106,9665106
9646347,9641126,9641129,9641126,9665106,9641112
9646347,9641126,9641129,9641126,9665106,9641129
9646347,9641126,9641129,9641126,9665106,9641125
9646347,9641126,9641129,9641126,9665106,9641126
9646347,9641126,9641129,9641126,9641112,9641128
9646347,9641126,9641129,9641126,9641112,9665106
9646347,9641126,9641129,9641126,9641112,9641112
9646347,9641126,9641129,9641126,9641112,9641129
9646347,9641126,9641129,9641126,9641112,9641125
9646347,9641126,9641129,9641126,9641112,9641126
9646347,9641126,9641129,9641126,9641129,9641128
9646347,9641126,9641129,9641126,9641129,9665106
9646347,9641126,9641129,9641126,9641129,9641112
9646347,9641126,9641129,9641126,9641129,9641129
9646347,9641126,9641129,9641126,9641129,9641125
9646347,9641126,9641129,9641126,9641129,9641126
9646347,9641126,9641129,9641126,9641125,9641128
9646347,9641126,9641129,9641126,9641125,9665106
9646347,9641126,9641129,9641126,9641125,9641112
9646347,9641126,9641129,9641126,9641125,9641129
9646347,9641126,9641129,9641126,9641125,9641125
9646347,9641126,9641129,9641126,9641125,9641126
9646347,9641126,9641129,9641126,9641126,9641128
9646347,9641126,9641129,9641126,9641126,9665106
9646347,9641126,9641129,9641126,9641126,9641112
9646347,9641126,9641129,9641126,9641126,9641129
9646347,9641126,9641129,9641126,9641126,9641125
9646347,9641126,9641129,9641126,9641126,9641126
9646347,9641126,9641125,9641128,9641128,9641128
9646347,9641126,9641125,9641128,9641128,9665106
9646347,9641126,9641125,9641128,9641128,9641112
9646347,9641126,9641125,9641128,9641128,9641129
9646347,9641126,9641125,9641128,9641128,9641125
9646347,9641126,9641125,9641128,9641128,9641126
9646347,9641126,9641125,9641128,9665106,9641128
9646347,9641126,9641125,9641128,9665106,9665106
9646347,9641126,9641125,9641128,9665106,9641112
9646347,9641126,9641125,9641128,9665106,9641129
9646347,9641126,9641125,9641128,9665106,9641125
9646347,9641126,9641125,9641128,9665106,9641126
9646347,9641126,9641125,9641128,9641112,9641128
9646347,9641126,9641125,9641128,9641112,9665106
9646347,9641126,9641125,9641128,9641112,9641112
9646347,9641126,9641125,9641128,9641112,9641129
9646347,9641126,9641125,9641128,9641112,9641125
9646347,9641126,9641125,9641128,9641112,9641126
9646347,9641126,9641125,9641128,9641129,9641128
9646347,9641126,9641125,9641128,9641129,9665106
9646347,9641126,9641125,9641128,9641129,9641112
9646347,9641126,9641125,9641128,9641129,9641129
9646347,9641126,9641125,9641128,9641129,9641125
9646347,9641126,9641125,9641128,9641129,9641126
9646347,9641126,9641125,9641128,9641125,9641128
9646347,9641126,9641125,9641128,9641125,9665106
9646347,9641126,9641125,9641128,9641125,9641112
9646347,9641126,9641125,9641128,9641125,9641129
9646347,9641126,9641125,9641128,9641125,9641125
9646347,9641126,9641125,9641128,9641125,9641126
9646347,9641126,9641125,9641128,9641126,9641128
9646347,9641126,9641125,9641128,9641126,9665106
9646347,9641126,9641125,9641128,9641126,9641112
9646347,9641126,9641125,9641128,9641126,9641129
9646347,9641126,9641125,9641128,9641126,9641125
9646347,9641126,9641125,9641128,9641126,9641126
9646347,9641126,9641125,9665106,9641128,9641128
9646347,9641126,9641125,9665106,9641128,9665106
9646347,9641126,9641125,9665106,9641128,9641112
9646347,9641126,9641125,9665106,9641128,9641129
9646347,9641126,9641125,9665106,9641128,9641125
9646347,9641126,9641125,9665106,9641128,9641126
9646347,9641126,9641125,9665106,9665106,9641128
9646347,9641126,9641125,9665106,9665106,9665106
9646347,9641126,9641125,9665106,9665106,9641112
9646347,9641126,9641125,9665106,9665106,9641129
9646347,9641126,9641125,9665106,9665106,9641125
9646347,9641126,9641125,9665106,9665106,9641126
9646347,9641126,9641125,9665106,9641112,9641128
9646347,9641126,9641125,9665106,9641112,9665106
9646347,9641126,9641125,9665106,9641112,9641112
9646347,9641126,9641125,9665106,9641112,9641129
9646347,9641126,9641125,9665106,9641112,9641125
9646347,9641126,9641125,9665106,9641112,9641126
9646347,9641126,9641125,9665106,9641129,9641128
9646347,9641126,9641125,9665106,9641129,9665106
9646347,9641126,9641125,9665106,9641129,9641112
9646347,9641126,9641125,9665106,9641129,9641129
9646347,9641126,9641125,9665106,9641129,9641125
9646347,9641126,9641125,9665106,9641129,9641126
9646347,9641126,9641125,9665106,9641125,9641128
9646347,9641126,9641125,9665106,9641125,9665106
9646347,9641126,9641125,9665106,9641125,9641112
9646347,9641126,9641125,9665106,9641125,9641129
9646347,9641126,9641125,9665106,9641125,9641125
9646347,9641126,9641125,9665106,9641125,9641126
9646347,9641126,9641125,9665106,9641126,9641128
9646347,9641126,9641125,9665106,9641126,9665106
9646347,9641126,9641125,9665106,9641126,9641112
9646347,9641126,9641125,9665106,9641126,9641129
9646347,9641126,9641125,9665106,9641126,9641125
9646347,9641126,9641125,9665106,9641126,9641126
9646347,9641126,9641125,9641112,9641128,9641128
9646347,9641126,9641125,9641112,9641128,9665106
9646347,9641126,9641125,9641112,9641128,9641112
9646347,9641126,9641125,9641112,9641128,9641129
9646347,9641126,9641125,9641112,9641128,9641125
9646347,9641126,9641125,9641112,9641128,9641126
9646347,9641126,9641125,9641112,9665106,9641128
9646347,9641126,9641125,9641112,9665106,9665106
9646347,9641126,9641125,9641112,9665106,9641112
9646347,9641126,9641125,9641112,9665106,9641129
9646347,9641126,9641125,9641112,9665106,9641125
9646347,9641126,9641125,9641112,9665106,9641126
9646347,9641126,9641125,9641112,9641112,9641128
9646347,9641126,9641125,9641112,9641112,9665106
9646347,9641126,9641125,9641112,9641112,9641112
9646347,9641126,9641125,9641112,9641112,9641129
9646347,9641126,9641125,9641112,9641112,9641125
9646347,9641126,9641125,9641112,9641112,9641126
9646347,9641126,9641125,9641112,9641129,9641128
9646347,9641126,9641125,9641112,9641129,9665106
9646347,9641126,9641125,9641112,9641129,9641112
9646347,9641126,9641125,9641112,9641129,9641129
9646347,9641126,9641125,9641112,9641129,9641125
9646347,9641126,9641125,9641112,9641129,9641126
9646347,9641126,9641125,9641112,9641125,9641128
9646347,9641126,9641125,9641112,9641125,9665106
9646347,9641126,9641125,9641112,9641125,9641112
9646347,9641126,9641125,9641112,9641125,9641129
9646347,9641126,9641125,9641112,9641125,9641125
9646347,9641126,9641125,9641112,9641125,9641126
9646347,9641126,9641125,9641112,9641126,9641128
9646347,9641126,9641125,9641112,9641126,9665106
9646347,9641126,9641125,9641112,9641126,9641112
9646347,9641126,9641125,9641112,9641126,9641129
9646347,9641126,9641125,9641112,9641126,9641125
9646347,9641126,9641125,9641112,9641126,9641126
9646347,9641126,9641125,9641129,9641128,9641128
9646347,9641126,9641125,9641129,9641128,9665106
9646347,9641126,9641125,9641129,9641128,9641112
9646347,9641126,9641125,9641129,9641128,9641129
9646347,9641126,9641125,9641129,9641128,9641125
9646347,9641126,9641125,9641129,9641128,9641126
9646347,9641126,9641125,9641129,9665106,9641128
9646347,9641126,9641125,9641129,9665106,9665106
9646347,9641126,9641125,9641129,9665106,9641112
9646347,9641126,9641125,9641129,9665106,9641129
9646347,9641126,9641125,9641129,9665106,9641125
9646347,9641126,9641125,9641129,9665106,9641126
9646347,9641126,9641125,9641129,9641112,9641128
9646347,9641126,9641125,9641129,9641112,9665106
9646347,9641126,9641125,9641129,9641112,9641112
9646347,9641126,9641125,9641129,9641112,9641129
9646347,9641126,9641125,9641129,9641112,9641125
9646347,9641126,9641125,9641129,9641112,9641126
9646347,9641126,9641125,9641129,9641129,9641128
9646347,9641126,9641125,9641129,9641129,9665106
9646347,9641126,9641125,9641129,9641129,9641112
9646347,9641126,9641125,9641129,9641129,9641129
9646347,9641126,9641125,9641129,9641129,9641125
9646347,9641126,9641125,9641129,9641129,9641126
9646347,9641126,9641125,9641129,9641125,9641128
9646347,9641126,9641125,9641129,9641125,9665106
9646347,9641126,9641125,9641129,9641125,9641112
9646347,9641126,9641125,9641129,9641125,9641129
9646347,9641126,9641125,9641129,9641125,9641125
9646347,9641126,9641125,9641129,9641125,9641126
9646347,9641126,9641125,9641129,9641126,9641128
9646347,9641126,9641125,9641129,9641126,9665106
9646347,9641126,9641125,9641129,9641126,9641112
9646347,9641126,9641125,9641129,9641126,9641129
9646347,9641126,9641125,9641129,9641126,9641125
9646347,9641126,9641125,9641129,9641126,9641126
9646347,9641126,9641125,9641125,9641128,9641128
9646347,9641126,9641125,9641125,9641128,9665106
9646347,9641126,9641125,9641125,9641128,9641112
9646347,9641126,9641125,9641125,9641128,9641129
9646347,9641126,9641125,9641125,9641128,9641125
9646347,9641126,9641125,9641125,9641128,9641126
9646347,9641126,9641125,9641125,9665106,9641128
9646347,9641126,9641125,9641125,9665106,9665106
9646347,9641126,9641125,9641125,9665106,9641112
9646347,9641126,9641125,9641125,9665106,9641129
9646347,9641126,9641125,9641125,9665106,9641125
9646347,9641126,9641125,9641125,9665106,9641126
9646347,9641126,9641125,9641125,9641112,9641128
9646347,9641126,9641125,9641125,9641112,9665106
9646347,9641126,9641125,9641125,9641112,9641112
9646347,9641126,9641125,9641125,9641112,9641129
9646347,9641126,9641125,9641125,9641112,9641125
9646347,9641126,9641125,9641125,9641112,9641126
9646347,9641126,9641125,9641125,9641129,9641128
9646347,9641126,9641125,9641125,9641129,9665106
9646347,9641126,9641125,9641125,9641129,9641112
9646347,9641126,9641125,9641125,9641129,9641129
9646347,9641126,9641125,9641125,9641129,9641125
9646347,9641126,9641125,9641125,9641129,9641126
9646347,9641126,9641125,9641125,9641125,9641128
9646347,9641126,9641125,9641125,9641125,9665106
9646347,9641126,9641125,9641125,9641125,9641112
9646347,9641126,9641125,9641125,9641125,9641129
9646347,9641126,9641125,9641125,9641125,9641125
9646347,9641126,9641125,9641125,9641125,9641126
9646347,9641126,9641125,9641125,9641126,9641128
9646347,9641126,9641125,9641125,9641126,9665106
9646347,9641126,9641125,9641125,9641126,9641112
9646347,9641126,9641125,9641125,9641126,9641129
9646347,9641126,9641125,9641125,9641126,9641125
9646347,9641126,9641125,9641125,9641126,9641126
9646347,9641126,9641125,9641126,9641128,9641128
9646347,9641126,9641125,9641126,9641128,9665106
9646347,9641126,9641125,9641126,9641128,9641112
9646347,9641126,9641125,9641126,9641128,9641129
9646347,9641126,9641125,9641126,9641128,9641125
9646347,9641126,9641125,9641126,9641128,9641126
9646347,9641126,9641125,9641126,9665106,9641128
9646347,9641126,9641125,9641126,9665106,9665106
9646347,9641126,9641125,9641126,9665106,9641112
9646347,9641126,9641125,9641126,9665106,9641129
9646347,9641126,9641125,9641126,9665106,9641125
9646347,9641126,9641125,9641126,9665106,9641126
9646347,9641126,9641125,9641126,9641112,9641128
9646347,9641126,9641125,9641126,9641112,9665106
9646347,9641126,9641125,9641126,9641112,9641112
9646347,9641126,9641125,9641126,9641112,9641129
9646347,9641126,9641125,9641126,9641112,9641125
9646347,9641126,9641125,9641126,9641112,9641126
9646347,9641126,9641125,9641126,9641129,9641128
9646347,9641126,9641125,9641126,9641129,9665106
9646347,9641126,9641125,9641126,9641129,9641112
9646347,9641126,9641125,9641126,9641129,9641129
9646347,9641126,9641125,9641126,9641129,9641125
9646347,9641126,9641125,9641126,9641129,9641126
9646347,9641126,9641125,9641126,9641125,9641128
9646347,9641126,9641125,9641126,9641125,9665106
9646347,9641126,9641125,9641126,9641125,9641112
9646347,9641126,9641125,9641126,9641125,9641129
9646347,9641126,9641125,9641126,9641125,9641125
9646347,9641126,9641125,9641126,9641125,9641126
9646347,9641126,9641125,9641126,9641126,9641128
9646347,9641126,9641125,9641126,9641126,9665106
9646347,9641126,9641125,9641126,9641126,9641112
9646347,9641126,9641125,9641126,9641126,9641129
9646347,9641126,9641125,9641126,9641126,9641125
9646347,9641126,9641125,9641126,9641126,9641126
9646347,9641126,9641126,9641128,9641128,9641128
9646347,9641126,9641126,9641128,9641128,9665106
9646347,9641126,9641126,9641128,9641128,9641112
9646347,9641126,9641126,9641128,9641128,9641129
9646347,9641126,9641126,9641128,9641128,9641125
9646347,9641126,9641126,9641128,9641128,9641126
9646347,9641126,9641126,9641128,9665106,9641128
9646347,9641126,9641126,9641128,9665106,9665106
9646347,9641126,9641126,9641128,9665106,9641112
9646347,9641126,9641126,9641128,9665106,9641129
9646347,9641126,9641126,9641128,9665106,9641125
9646347,9641126,9641126,9641128,9665106,9641126
9646347,9641126,9641126,9641128,9641112,9641128
9646347,9641126,9641126,9641128,9641112,9665106
9646347,9641126,9641126,9641128,9641112,9641112
9646347,9641126,9641126,9641128,9641112,9641129
9646347,9641126,9641126,9641128,9641112,9641125
9646347,9641126,9641126,9641128,9641112,9641126
9646347,9641126,9641126,9641128,9641129,9641128
9646347,9641126,9641126,9641128,9641129,9665106
9646347,9641126,9641126,9641128,9641129,9641112
9646347,9641126,9641126,9641128,9641129,9641129
9646347,9641126,9641126,9641128,9641129,9641125
9646347,9641126,9641126,9641128,9641129,9641126
9646347,9641126,9641126,9641128,9641125,9641128
9646347,9641126,9641126,9641128,9641125,9665106
9646347,9641126,9641126,9641128,9641125,9641112
9646347,9641126,9641126,9641128,9641125,9641129
9646347,9641126,9641126,9641128,9641125,9641125
9646347,9641126,9641126,9641128,9641125,9641126
9646347,9641126,9641126,9641128,9641126,9641128
9646347,9641126,9641126,9641128,9641126,9665106
9646347,9641126,9641126,9641128,9641126,9641112
9646347,9641126,9641126,9641128,9641126,9641129
9646347,9641126,9641126,9641128,9641126,9641125
9646347,9641126,9641126,9641128,9641126,9641126
9646347,9641126,9641126,9665106,9641128,9641128
9646347,9641126,9641126,9665106,9641128,9665106
9646347,9641126,9641126,9665106,9641128,9641112
9646347,9641126,9641126,9665106,9641128,9641129
9646347,9641126,9641126,9665106,9641128,9641125
9646347,9641126,9641126,9665106,9641128,9641126
9646347,9641126,9641126,9665106,9665106,9641128
9646347,9641126,9641126,9665106,9665106,9665106
9646347,9641126,9641126,9665106,9665106,9641112
9646347,9641126,9641126,9665106,9665106,9641129
9646347,9641126,9641126,9665106,9665106,9641125
9646347,9641126,9641126,9665106,9665106,9641126
9646347,9641126,9641126,9665106,9641112,9641128
9646347,9641126,9641126,9665106,9641112,9665106
9646347,9641126,9641126,9665106,9641112,9641112
9646347,9641126,9641126,9665106,9641112,9641129
9646347,9641126,9641126,9665106,9641112,9641125
9646347,9641126,9641126,9665106,9641112,9641126
9646347,9641126,9641126,9665106,9641129,9641128
9646347,9641126,9641126,9665106,9641129,9665106
9646347,9641126,9641126,9665106,9641129,9641112
9646347,9641126,9641126,9665106,9641129,9641129
9646347,9641126,9641126,9665106,9641129,9641125
9646347,9641126,9641126,9665106,9641129,9641126
9646347,9641126,9641126,9665106,9641125,9641128
9646347,9641126,9641126,9665106,9641125,9665106
9646347,9641126,9641126,9665106,9641125,9641112
9646347,9641126,9641126,9665106,9641125,9641129
9646347,9641126,9641126,9665106,9641125,9641125
9646347,9641126,9641126,9665106,9641125,9641126
9646347,9641126,9641126,9665106,9641126,9641128
9646347,9641126,9641126,9665106,9641126,9665106
9646347,9641126,9641126,9665106,9641126,9641112
9646347,9641126,9641126,9665106,9641126,9641129
9646347,9641126,9641126,9665106,9641126,9641125
9646347,9641126,9641126,9665106,9641126,9641126
9646347,9641126,9641126,9641112,9641128,9641128
9646347,9641126,9641126,9641112,9641128,9665106
9646347,9641126,9641126,9641112,9641128,9641112
9646347,9641126,9641126,9641112,9641128,9641129
9646347,9641126,9641126,9641112,9641128,9641125
9646347,9641126,9641126,9641112,9641128,9641126
9646347,9641126,9641126,9641112,9665106,9641128
9646347,9641126,9641126,9641112,9665106,9665106
9646347,9641126,9641126,9641112,9665106,9641112
9646347,9641126,9641126,9641112,9665106,9641129
9646347,9641126,9641126,9641112,9665106,9641125
9646347,9641126,9641126,9641112,9665106,9641126
9646347,9641126,9641126,9641112,9641112,9641128
9646347,9641126,9641126,9641112,9641112,9665106
9646347,9641126,9641126,9641112,9641112,9641112
9646347,9641126,9641126,9641112,9641112,9641129
9646347,9641126,9641126,9641112,9641112,9641125
9646347,9641126,9641126,9641112,9641112,9641126
9646347,9641126,9641126,9641112,9641129,9641128
9646347,9641126,9641126,9641112,9641129,9665106
9646347,9641126,9641126,9641112,9641129,9641112
9646347,9641126,9641126,9641112,9641129,9641129
9646347,9641126,9641126,9641112,9641129,9641125
9646347,9641126,9641126,9641112,9641129,9641126
9646347,9641126,9641126,9641112,9641125,9641128
9646347,9641126,9641126,9641112,9641125,9665106
9646347,9641126,9641126,9641112,9641125,9641112
9646347,9641126,9641126,9641112,9641125,9641129
9646347,9641126,9641126,9641112,9641125,9641125
9646347,9641126,9641126,9641112,9641125,9641126
9646347,9641126,9641126,9641112,9641126,9641128
9646347,9641126,9641126,9641112,9641126,9665106
9646347,9641126,9641126,9641112,9641126,9641112
9646347,9641126,9641126,9641112,9641126,9641129
9646347,9641126,9641126,9641112,9641126,9641125
9646347,9641126,9641126,9641112,9641126,9641126
9646347,9641126,9641126,9641129,9641128,9641128
9646347,9641126,9641126,9641129,9641128,9665106
9646347,9641126,9641126,9641129,9641128,9641112
9646347,9641126,9641126,9641129,9641128,9641129
9646347,9641126,9641126,9641129,9641128,9641125
9646347,9641126,9641126,9641129,9641128,9641126
9646347,9641126,9641126,9641129,9665106,9641128
9646347,9641126,9641126,9641129,9665106,9665106
9646347,9641126,9641126,9641129,9665106,9641112
9646347,9641126,9641126,9641129,9665106,9641129
9646347,9641126,9641126,9641129,9665106,9641125
9646347,9641126,9641126,9641129,9665106,9641126
9646347,9641126,9641126,9641129,9641112,9641128
9646347,9641126,9641126,9641129,9641112,9665106
9646347,9641126,9641126,9641129,9641112,9641112
9646347,9641126,9641126,9641129,9641112,9641129
9646347,9641126,9641126,9641129,9641112,9641125
9646347,9641126,9641126,9641129,9641112,9641126
9646347,9641126,9641126,9641129,9641129,9641128
9646347,9641126,9641126,9641129,9641129,9665106
9646347,9641126,9641126,9641129,9641129,9641112
9646347,9641126,9641126,9641129,9641129,9641129
9646347,9641126,9641126,9641129,9641129,9641125
9646347,9641126,9641126,9641129,9641129,9641126
9646347,9641126,9641126,9641129,9641125,9641128
9646347,9641126,9641126,9641129,9641125,9665106
9646347,9641126,9641126,9641129,9641125,9641112
9646347,9641126,9641126,9641129,9641125,9641129
9646347,9641126,9641126,9641129,9641125,9641125
9646347,9641126,9641126,9641129,9641125,9641126
9646347,9641126,9641126,9641129,9641126,9641128
9646347,9641126,9641126,9641129,9641126,9665106
9646347,9641126,9641126,9641129,9641126,9641112
9646347,9641126,9641126,9641129,9641126,9641129
9646347,9641126,9641126,9641129,9641126,9641125
9646347,9641126,9641126,9641129,9641126,9641126
9646347,9641126,9641126,9641125,9641128,9641128
9646347,9641126,9641126,9641125,9641128,9665106
9646347,9641126,9641126,9641125,9641128,9641112
9646347,9641126,9641126,9641125,9641128,9641129
9646347,9641126,9641126,9641125,9641128,9641125
9646347,9641126,9641126,9641125,9641128,9641126
9646347,9641126,9641126,9641125,9665106,9641128
9646347,9641126,9641126,9641125,9665106,9665106
9646347,9641126,9641126,9641125,9665106,9641112
9646347,9641126,9641126,9641125,9665106,9641129
9646347,9641126,9641126,9641125,9665106,9641125
9646347,9641126,9641126,9641125,9665106,9641126
9646347,9641126,9641126,9641125,9641112,9641128
9646347,9641126,9641126,9641125,9641112,9665106
9646347,9641126,9641126,9641125,9641112,9641112
9646347,9641126,9641126,9641125,9641112,9641129
9646347,9641126,9641126,9641125,9641112,9641125
9646347,9641126,9641126,9641125,9641112,9641126
9646347,9641126,9641126,9641125,9641129,9641128
9646347,9641126,9641126,9641125,9641129,9665106
9646347,9641126,9641126,9641125,9641129,9641112
9646347,9641126,9641126,9641125,9641129,9641129
9646347,9641126,9641126,9641125,9641129,9641125
9646347,9641126,9641126,9641125,9641129,9641126
9646347,9641126,9641126,9641125,9641125,9641128
9646347,9641126,9641126,9641125,9641125,9665106
9646347,9641126,9641126,9641125,9641125,9641112
9646347,9641126,9641126,9641125,9641125,9641129
9646347,9641126,9641126,9641125,9641125,9641125
9646347,9641126,9641126,9641125,9641125,9641126
9646347,9641126,9641126,9641125,9641126,9641128
9646347,9641126,9641126,9641125,9641126,9665106
9646347,9641126,9641126,9641125,9641126,9641112
9646347,9641126,9641126,9641125,9641126,9641129
9646347,9641126,9641126,9641125,9641126,9641125
9646347,9641126,9641126,9641125,9641126,9641126
9646347,9641126,9641126,9641126,9641128,9641128
9646347,9641126,9641126,9641126,9641128,9665106
9646347,9641126,9641126,9641126,9641128,9641112
9646347,9641126,9641126,9641126,9641128,9641129
9646347,9641126,9641126,9641126,9641128,9641125
9646347,9641126,9641126,9641126,9641128,9641126
9646347,9641126,9641126,9641126,9665106,9641128
9646347,9641126,9641126,9641126,9665106,9665106
9646347,9641126,9641126,9641126,9665106,9641112
9646347,9641126,9641126,9641126,9665106,9641129
9646347,9641126,9641126,9641126,9665106,9641125
9646347,9641126,9641126,9641126,9665106,9641126
9646347,9641126,9641126,9641126,9641112,9641128
9646347,9641126,9641126,9641126,9641112,9665106
9646347,9641126,9641126,9641126,9641112,9641112
9646347,9641126,9641126,9641126,9641112,9641129
9646347,9641126,9641126,9641126,9641112,9641125
9646347,9641126,9641126,9641126,9641112,9641126
9646347,9641126,9641126,9641126,9641129,9641128
9646347,9641126,9641126,9641126,9641129,9665106
9646347,9641126,9641126,9641126,9641129,9641112
9646347,9641126,9641126,9641126,9641129,9641129
9646347,9641126,9641126,9641126,9641129,9641125
9646347,9641126,9641126,9641126,9641129,9641126
9646347,9641126,9641126,9641126,9641125,9641128
9646347,9641126,9641126,9641126,9641125,9665106
9646347,9641126,9641126,9641126,9641125,9641112
9646347,9641126,9641126,9641126,9641125,9641129
9646347,9641126,9641126,9641126,9641125,9641125
9646347,9641126,9641126,9641126,9641125,9641126
9646347,9641126,9641126,9641126,9641126,9641128
9646347,9641126,9641126,9641126,9641126,9665106
9646347,9641126,9641126,9641126,9641126,9641112
9646347,9641126,9641126,9641126,9641126,9641129
9646347,9641126,9641126,9641126,9641126,9641125
9646347,9641126,9641126,9641126,9641126,9641126
9641096,9641100,9641100,9641100,9641100,9641100
9641096,9641100,9641100,9641100,9641100,9640110
9641096,9641100,9641100,9641100,9641100,9640102
9641096,9641100,9641100,9641100,9641100,9640113
9641096,9641100,9641100,9641100,9641100,9640115
9641096,9641100,9641100,9641100,9640110,9641100
9641096,9641100,9641100,9641100,9640110,9640110
9641096,9641100,9641100,9641100,9640110,9640102
9641096,9641100,9641100,9641100,9640110,9640113
9641096,9641100,9641100,9641100,9640110,9640115
9641096,9641100,9641100,9641100,9640102,9641100
9641096,9641100,9641100,9641100,9640102,9640110
9641096,9641100,9641100,9641100,9640102,9640102
9641096,9641100,9641100,9641100,9640102,9640113
9641096,9641100,9641100,9641100,9640102,9640115
9641096,9641100,9641100,9641100,9640113,9641100
9641096,9641100,9641100,9641100,9640113,9640110
9641096,9641100,9641100,9641100,9640113,9640102
9641096,9641100,9641100,9641100,9640113,9640113
9641096,9641100,9641100,9641100,9640113,9640115
9641096,9641100,9641100,9641100,9640115,9641100
9641096,9641100,9641100,9641100,9640115,9640110
9641096,9641100,9641100,9641100,9640115,9640102
9641096,9641100,9641100,9641100,9640115,9640113
9641096,9641100,9641100,9641100,9640115,9640115
9641096,9641100,9641100,9640110,9641100,9641100
9641096,9641100,9641100,9640110,9641100,9640110
9641096,9641100,9641100,9640110,9641100,9640102
9641096,9641100,9641100,9640110,9641100,9640113
9641096,9641100,9641100,9640110,9641100,9640115
9641096,9641100,9641100,9640110,9640110,9641100
9641096,9641100,9641100,9640110,9640110,9640110
9641096,9641100,9641100,9640110,9640110,9640102
9641096,9641100,9641100,9640110,9640110,9640113
9641096,9641100,9641100,9640110,9640110,9640115
9641096,9641100,9641100,9640110,9640102,9641100
9641096,9641100,9641100,9640110,9640102,9640110
9641096,9641100,9641100,9640110,9640102,9640102
9641096,9641100,9641100,9640110,9640102,9640113
9641096,9641100,9641100,9640110,9640102,9640115
9641096,9641100,9641100,9640110,9640113,9641100
9641096,9641100,9641100,9640110,9640113,9640110
9641096,9641100,9641100,9640110,9640113,9640102
9641096,9641100,9641100,9640110,9640113,9640113
9641096,9641100,9641100,9640110,9640113,9640115
9641096,9641100,9641100,9640110,9640115,9641100
9641096,9641100,9641100,9640110,9640115,9640110
9641096,9641100,9641100,9640110,9640115,9640102
9641096,9641100,9641100,9640110,9640115,9640113
9641096,9641100,9641100,9640110,9640115,9640115
9641096,9641100,9641100,9640102,9641100,9641100
9641096,9641100,9641100,9640102,9641100,9640110
9641096,9641100,9641100,9640102,9641100,9640102
9641096,9641100,9641100,9640102,9641100,9640113
9641096,9641100,9641100,9640102,9641100,9640115
9641096,9641100,9641100,9640102,9640110,9641100
9641096,9641100,9641100,9640102,9640110,9640110
9641096,9641100,9641100,9640102,9640110,9640102
9641096,9641100,9641100,9640102,9640110,9640113
9641096,9641100,9641100,9640102,9640110,9640115
9641096,9641100,9641100,9640102,9640102,9641100
9641096,9641100,9641100,9640102,9640102,9640110
9641096,9641100,9641100,9640102,9640102,9640102
9641096,9641100,9641100,9640102,9640102,9640113
9641096,9641100,9641100,9640102,9640102,9640115
9641096,9641100,9641100,9640102,9640113,9641100
9641096,9641100,9641100,9640102,9640113,9640110
9641096,9641100,9641100,9640102,9640113,9640102
9641096,9641100,9641100,9640102,9640113,9640113
9641096,9641100,9641100,9640102,9640113,9640115
9641096,9641100,9641100,9640102,9640115,9641100
9641096,9641100,9641100,9640102,9640115,9640110
9641096,9641100,9641100,9640102,9640115,9640102
9641096,9641100,9641100,9640102,9640115,9640113
9641096,9641100,9641100,9640102,9640115,9640115
9641096,9641100,9641100,9640113,9641100,9641100
9641096,9641100,9641100,9640113,9641100,9640110
9641096,9641100,9641100,9640113,9641100,9640102
9641096,9641100,9641100,9640113,9641100,9640113
9641096,9641100,9641100,9640113,9641100,9640115
9641096,9641100,9641100,9640113,9640110,9641100
9641096,9641100,9641100,9640113,9640110,9640110
9641096,9641100,9641100,9640113,9640110,9640102
9641096,9641100,9641100,9640113,9640110,9640113
9641096,9641100,9641100,9640113,9640110,9640115
9641096,9641100,9641100,9640113,9640102,9641100
9641096,9641100,9641100,9640113,9640102,9640110
9641096,9641100,9641100,9640113,9640102,9640102
9641096,9641100,9641100,9640113,9640102,9640113
9641096,9641100,9641100,9640113,9640102,9640115
9641096,9641100,9641100,9640113,9640113,9641100
9641096,9641100,9641100,9640113,9640113,9640110
9641096,9641100,9641100,9640113,9640113,9640102
9641096,9641100,9641100,9640113,9640113,9640113
9641096,9641100,9641100,9640113,9640113,9640115
9641096,9641100,9641100,9640113,9640115,9641100
9641096,9641100,9641100,9640113,9640115,9640110
9641096,9641100,9641100,9640113,9640115,9640102
9641096,9641100,9641100,9640113,9640115,9640113
9641096,9641100,9641100,9640113,9640115,9640115
9641096,9641100,9641100,9640115,9641100,9641100
9641096,9641100,9641100,9640115,9641100,9640110
9641096,9641100,9641100,9640115,9641100,9640102
9641096,9641100,9641100,9640115,9641100,9640113
9641096,9641100,9641100,9640115,9641100,9640115
9641096,9641100,9641100,9640115,9640110,9641100
9641096,9641100,9641100,9640115,9640110,9640110
9641096,9641100,9641100,9640115,9640110,9640102
9641096,9641100,9641100,9640115,9640110,9640113
9641096,9641100,9641100,9640115,9640110,9640115
9641096,9641100,9641100,9640115,9640102,9641100
9641096,9641100,9641100,9640115,9640102,9640110
9641096,9641100,9641100,9640115,9640102,9640102
9641096,9641100,9641100,9640115,9640102,9640113
9641096,9641100,9641100,9640115,9640102,9640115
9641096,9641100,9641100,9640115,9640113,9641100
9641096,9641100,9641100,9640115,9640113,9640110
9641096,9641100,9641100,9640115,9640113,9640102
9641096,9641100,9641100,9640115,9640113,9640113
9641096,9641100,9641100,9640115,9640113,9640115
9641096,9641100,9641100,9640115,9640115,9641100
9641096,9641100,9641100,9640115,9640115,9640110
9641096,9641100,9641100,9640115,9640115,9640102
9641096,9641100,9641100,9640115,9640115,9640113
9641096,9641100,9641100,9640115,9640115,9640115
9641096,9641100,9640110,9641100,9641100,9641100
9641096,9641100,9640110,9641100,9641100,9640110
9641096,9641100,9640110,9641100,9641100,9640102
9641096,9641100,9640110,9641100,9641100,9640113
9641096,9641100,9640110,9641100,9641100,9640115
9641096,9641100,9640110,9641100,9640110,9641100
9641096,9641100,9640110,9641100,9640110,9640110
9641096,9641100,9640110,9641100,9640110,9640102
9641096,9641100,9640110,9641100,9640110,9640113
9641096,9641100,9640110,9641100,9640110,9640115
9641096,9641100,9640110,9641100,9640102,9641100
9641096,9641100,9640110,9641100,9640102,9640110
9641096,9641100,9640110,9641100,9640102,9640102
9641096,9641100,9640110,9641100,9640102,9640113
9641096,9641100,9640110,9641100,9640102,9640115
9641096,9641100,9640110,9641100,9640113,9641100
9641096,9641100,9640110,9641100,9640113,9640110
9641096,9641100,9640110,9641100,9640113,9640102
9641096,9641100,9640110,9641100,9640113,9640113
9641096,9641100,9640110,9641100,9640113,9640115
9641096,9641100,9640110,9641100,9640115,9641100
9641096,9641100,9640110,9641100,9640115,9640110
9641096,9641100,9640110,9641100,9640115,9640102
9641096,9641100,9640110,9641100,9640115,9640113
9641096,9641100,9640110,9641100,9640115,9640115
9641096,9641100,9640110,9640110,9641100,9641100
9641096,9641100,9640110,9640110,9641100,9640110
9641096,9641100,9640110,9640110,9641100,9640102
9641096,9641100,9640110,9640110,9641100,9640113
9641096,9641100,9640110,9640110,9641100,9640115
9641096,9641100,9640110,9640110,9640110,9641100
9641096,9641100,9640110,9640110,9640110,9640110
9641096,9641100,9640110,9640110,9640110,9640102
9641096,9641100,9640110,9640110,9640110,9640113
9641096,9641100,9640110,9640110,9640110,9640115
9641096,9641100,9640110,9640110,9640102,9641100
9641096,9641100,9640110,9640110,9640102,9640110
9641096,9641100,9640110,9640110,9640102,9640102
9641096,9641100,9640110,9640110,9640102,9640113
9641096,9641100,9640110,9640110,9640102,9640115
9641096,9641100,9640110,9640110,9640113,9641100
9641096,9641100,9640110,9640110,9640113,9640110
9641096,9641100,9640110,9640110,9640113,9640102
9641096,9641100,9640110,9640110,9640113,9640113
9641096,9641100,9640110,9640110,9640113,9640115
9641096,9641100,9640110,9640110,9640115,9641100
9641096,9641100,9640110,9640110,9640115,9640110
9641096,9641100,9640110,9640110,9640115,9640102
9641096,9641100,9640110,9640110,9640115,9640113
9641096,9641100,9640110,9640110,9640115,9640115
9641096,9641100,9640110,9640102,9641100,9641100
9641096,9641100,9640110,9640102,9641100,9640110
9641096,9641100,9640110,9640102,9641100,9640102
9641096,9641100,9640110,9640102,9641100,9640113
9641096,9641100,9640110,9640102,9641100,9640115
9641096,9641100,9640110,9640102,9640110,9641100
9641096,9641100,9640110,9640102,9640110,9640110
9641096,9641100,9640110,9640102,9640110,9640102
9641096,9641100,9640110,9640102,9640110,9640113
9641096,9641100,9640110,9640102,9640110,9640115
9641096,9641100,9640110,9640102,9640102,9641100
9641096,9641100,9640110,9640102,9640102,9640110
9641096,9641100,9640110,9640102,9640102,9640102
9641096,9641100,9640110,9640102,9640102,9640113
9641096,9641100,9640110,9640102,9640102,9640115
9641096,9641100,9640110,9640102,9640113,9641100
9641096,9641100,9640110,9640102,9640113,9640110
9641096,9641100,9640110,9640102,9640113,9640102
9641096,9641100,9640110,9640102,9640113,9640113
9641096,9641100,9640110,9640102,9640113,9640115
9641096,9641100,9640110,9640102,9640115,9641100
9641096,9641100,9640110,9640102,9640115,9640110
9641096,9641100,9640110,9640102,9640115,9640102
9641096,9641100,9640110,9640102,9640115,9640113
9641096,9641100,9640110,9640102,9640115,9640115
9641096,9641100,9640110,9640113,9641100,9641100
9641096,9641100,9640110,9640113,9641100,9640110
9641096,9641100,9640110,9640113,9641100,9640102
9641096,9641100,9640110,9640113,9641100,9640113
9641096,9641100,9640110,9640113,9641100,9640115
9641096,9641100,9640110,9640113,9640110,9641100
9641096,9641100,9640110,9640113,9640110,9640110
9641096,9641100,9640110,9640113,9640110,9640102
9641096,9641100,9640110,9640113,9640110,9640113
9641096,9641100,9640110,9640113,9640110,9640115
9641096,9641100,9640110,9640113,9640102,9641100
9641096,9641100,9640110,9640113,9640102,9640110
9641096,9641100,9640110,9640113,9640102,9640102
9641096,9641100,9640110,9640113,9640102,9640113
9641096,9641100,9640110,9640113,9640102,9640115
9641096,9641100,9640110,9640113,9640113,9641100
9641096,9641100,9640110,9640113,9640113,9640110
9641096,9641100,9640110,9640113,9640113,9640102
9641096,9641100,9640110,9640113,9640113,9640113
9641096,9641100,9640110,9640113,9640113,9640115
9641096,9641100,9640110,9640113,9640115,9641100
9641096,9641100,9640110,9640113,9640115,9640110
9641096,9641100,9640110,9640113,9640115,9640102
9641096,9641100,9640110,9640113,9640115,9640113
9641096,9641100,9640110,9640113,9640115,9640115
9641096,9641100,9640110,9640115,9641100,9641100
9641096,9641100,9640110,9640115,9641100,9640110
9641096,9641100,9640110,9640115,9641100,9640102
9641096,9641100,9640110,9640115,9641100,9640113
9641096,9641100,9640110,9640115,9641100,9640115
9641096,9641100,9640110,9640115,9640110,9641100
9641096,9641100,9640110,9640115,9640110,9640110
9641096,9641100,9640110,9640115,9640110,9640102
9641096,9641100,9640110,9640115,9640110,9640113
9641096,9641100,9640110,9640115,9640110,9640115
9641096,9641100,9640110,9640115,9640102,9641100
9641096,9641100,9640110,9640115,9640102,9640110
9641096,9641100,9640110,9640115,9640102,9640102
9641096,9641100,9640110,9640115,9640102,9640113
9641096,9641100,9640110,9640115,9640102,9640115
9641096,9641100,9640110,9640115,9640113,9641100
9641096,9641100,9640110,9640115,9640113,9640110
9641096,9641100,9640110,9640115,9640113,9640102
9641096,9641100,9640110,9640115,9640113,9640113
9641096,9641100,9640110,9640115,9640113,9640115
9641096,9641100,9640110,9640115,9640115,9641100
9641096,9641100,9640110,9640115,9640115,9640110
9641096,9641100,9640110,9640115,9640115,9640102
9641096,9641100,9640110,9640115,9640115,9640113
9641096,9641100,9640110,9640115,9640115,9640115
9641096,9641100,9640102,9641100,9641100,9641100
9641096,9641100,9640102,9641100,9641100,9640110
9641096,9641100,9640102,9641100,9641100,9640102
9641096,9641100,9640102,9641100,9641100,9640113
9641096,9641100,9640102,9641100,9641100,9640115
9641096,9641100,9640102,9641100,9640110,9641100
9641096,9641100,9640102,9641100,9640110,9640110
9641096,9641100,9640102,9641100,9640110,9640102
9641096,9641100,9640102,9641100,9640110,9640113
9641096,9641100,9640102,9641100,9640110,9640115
9641096,9641100,9640102,9641100,9640102,9641100
9641096,9641100,9640102,9641100,9640102,9640110
9641096,9641100,9640102,9641100,9640102,9640102
9641096,9641100,9640102,9641100,9640102,9640113
9641096,9641100,9640102,9641100,9640102,9640115
9641096,9641100,9640102,9641100,9640113,9641100
9641096,9641100,9640102,9641100,9640113,9640110
9641096,9641100,9640102,9641100,9640113,9640102
9641096,9641100,9640102,9641100,9640113,9640113
9641096,9641100,9640102,9641100,9640113,9640115
9641096,9641100,9640102,9641100,9640115,9641100
9641096,9641100,9640102,9641100,9640115,9640110
9641096,9641100,9640102,9641100,9640115,9640102
9641096,9641100,9640102,9641100,9640115,9640113
9641096,9641100,9640102,9641100,9640115,9640115
9641096,9641100,9640102,9640110,9641100,9641100
9641096,9641100,9640102,9640110,9641100,9640110
9641096,9641100,9640102,9640110,9641100,9640102
9641096,9641100,9640102,9640110,9641100,9640113
9641096,9641100,9640102,9640110,9641100,9640115
9641096,9641100,9640102,9640110,9640110,9641100
9641096,9641100,9640102,9640110,9640110,9640110
9641096,9641100,9640102,9640110,9640110,9640102
9641096,9641100,9640102,9640110,9640110,9640113
9641096,9641100,9640102,9640110,9640110,9640115
9641096,9641100,9640102,9640110,9640102,9641100
9641096,9641100,9640102,9640110,9640102,9640110
9641096,9641100,9640102,9640110,9640102,9640102
9641096,9641100,9640102,9640110,9640102,9640113
9641096,9641100,9640102,9640110,9640102,9640115
9641096,9641100,9640102,9640110,9640113,9641100
9641096,9641100,9640102,9640110,9640113,9640110
9641096,9641100,9640102,9640110,9640113,9640102
9641096,9641100,9640102,9640110,9640113,9640113
9641096,9641100,9640102,9640110,9640113,9640115
9641096,9641100,9640102,9640110,9640115,9641100
9641096,9641100,9640102,9640110,9640115,9640110
9641096,9641100,9640102,9640110,9640115,9640102
9641096,9641100,9640102,9640110,9640115,9640113
9641096,9641100,9640102,9640110,9640115,9640115
9641096,9641100,9640102,9640102,9641100,9641100
9641096,9641100,9640102,9640102,9641100,9640110
9641096,9641100,9640102,9640102,9641100,9640102
9641096,9641100,9640102,9640102,9641100,9640113
9641096,9641100,9640102,9640102,9641100,9640115
9641096,9641100,9640102,9640102,9640110,9641100
9641096,9641100,9640102,9640102,9640110,9640110
9641096,9641100,9640102,9640102,9640110,9640102
9641096,9641100,9640102,9640102,9640110,9640113
9641096,9641100,9640102,9640102,9640110,9640115
9641096,9641100,9640102,9640102,9640102,9641100
9641096,9641100,9640102,9640102,9640102,9640110
9641096,9641100,9640102,9640102,9640102,9640102
9641096,9641100,9640102,9640102,9640102,9640113
9641096,9641100,9640102,9640102,9640102,9640115
9641096,9641100,9640102,9640102,9640113,9641100
9641096,9641100,9640102,9640102,9640113,9640110
9641096,9641100,9640102,9640102,9640113,9640102
9641096,9641100,9640102,9640102,9640113,9640113
9641096,9641100,9640102,9640102,9640113,9640115
9641096,9641100,9640102,9640102,9640115,9641100
9641096,9641100,9640102,9640102,9640115,9640110
9641096,9641100,9640102,9640102,9640115,9640102
9641096,9641100,9640102,9640102,9640115,9640113
9641096,9641100,9640102,9640102,9640115,9640115
9641096,9641100,9640102,9640113,9641100,9641100
9641096,9641100,9640102,9640113,9641100,9640110
9641096,9641100,9640102,9640113,9641100,9640102
9641096,9641100,9640102,9640113,9641100,9640113
9641096,9641100,9640102,9640113,9641100,9640115
9641096,9641100,9640102,9640113,9640110,9641100
9641096,9641100,9640102,9640113,9640110,9640110
9641096,9641100,9640102,9640113,9640110,9640102
9641096,9641100,9640102,9640113,9640110,9640113
9641096,9641100,9640102,9640113,9640110,9640115
9641096,9641100,9640102,9640113,9640102,9641100
9641096,9641100,9640102,9640113,9640102,9640110
9641096,9641100,9640102,9640113,9640102,9640102
9641096,9641100,9640102,9640113,9640102,9640113
9641096,9641100,9640102,9640113,9640102,9640115
9641096,9641100,9640102,9640113,9640113,9641100
9641096,9641100,9640102,9640113,9640113,9640110
9641096,9641100,9640102,9640113,9640113,9640102
9641096,9641100,9640102,9640113,9640113,9640113
9641096,9641100,9640102,9640113,9640113,9640115
9641096,9641100,9640102,9640113,9640115,9641100
9641096,9641100,9640102,9640113,9640115,9640110
9641096,9641100,9640102,9640113,9640115,9640102
9641096,9641100,9640102,9640113,9640115,9640113
9641096,9641100,9640102,9640113,9640115,9640115
9641096,9641100,9640102,9640115,9641100,9641100
9641096,9641100,9640102,9640115,9641100,9640110
9641096,9641100,9640102,9640115,9641100,9640102
9641096,9641100,9640102,9640115,9641100,9640113
9641096,9641100,9640102,9640115,9641100,9640115
9641096,9641100,9640102,9640115,9640110,9641100
9641096,9641100,9640102,9640115,9640110,9640110
9641096,9641100,9640102,9640115,9640110,9640102
9641096,9641100,9640102,9640115,9640110,9640113
9641096,9641100,9640102,9640115,9640110,9640115
9641096,9641100,9640102,9640115,9640102,9641100
9641096,9641100,9640102,9640115,9640102,9640110
9641096,9641100,9640102,9640115,9640102,9640102
9641096,9641100,9640102,9640115,9640102,9640113
9641096,9641100,9640102,9640115,9640102,9640115
9641096,9641100,9640102,9640115,9640113,9641100
9641096,9641100,9640102,9640115,9640113,9640110
9641096,9641100,9640102,9640115,9640113,9640102
9641096,9641100,9640102,9640115,9640113,9640113
9641096,9641100,9640102,9640115,9640113,9640115
9641096,9641100,9640102,9640115,9640115,9641100
9641096,9641100,9640102,9640115,9640115,9640110
9641096,9641100,9640102,9640115,9640115,9640102
9641096,9641100,9640102,9640115,9640115,9640113
9641096,9641100,9640102,9640115,9640115,9640115
9641096,9641100,9640113,9641100,9641100,9641100
9641096,9641100,9640113,9641100,9641100,9640110
9641096,9641100,9640113,9641100,9641100,9640102
9641096,9641100,9640113,9641100,9641100,9640113
9641096,9641100,9640113,9641100,9641100,9640115
9641096,9641100,9640113,9641100,9640110,9641100
9641096,9641100,9640113,9641100,9640110,9640110
9641096,9641100,9640113,9641100,9640110,9640102
9641096,9641100,9640113,9641100,9640110,9640113
9641096,9641100,9640113,9641100,9640110,9640115
9641096,9641100,9640113,9641100,9640102,9641100
9641096,9641100,9640113,9641100,9640102,9640110
9641096,9641100,9640113,9641100,9640102,9640102
9641096,9641100,9640113,9641100,9640102,9640113
9641096,9641100,9640113,9641100,9640102,9640115
9641096,9641100,9640113,9641100,9640113,9641100
9641096,9641100,9640113,9641100,9640113,9640110
9641096,9641100,9640113,9641100,9640113,9640102
9641096,9641100,9640113,9641100,9640113,9640113
9641096,9641100,9640113,9641100,9640113,9640115
9641096,9641100,9640113,9641100,9640115,9641100
9641096,9641100,9640113,9641100,9640115,9640110
9641096,9641100,9640113,9641100,9640115,9640102
9641096,9641100,9640113,9641100,9640115,9640113
9641096,9641100,9640113,9641100,9640115,9640115
9641096,9641100,9640113,9640110,9641100,9641100
9641096,9641100,9640113,9640110,9641100,9640110
9641096,9641100,9640113,9640110,9641100,9640102
9641096,9641100,9640113,9640110,9641100,9640113
9641096,9641100,9640113,9640110,9641100,9640115
9641096,9641100,9640113,9640110,9640110,9641100
9641096,9641100,9640113,9640110,9640110,9640110
9641096,9641100,9640113,9640110,9640110,9640102
9641096,9641100,9640113,9640110,9640110,9640113
9641096,9641100,9640113,9640110,9640110,9640115
9641096,9641100,9640113,9640110,9640102,9641100
9641096,9641100,9640113,9640110,9640102,9640110
9641096,9641100,9640113,9640110,9640102,9640102
9641096,9641100,9640113,9640110,9640102,9640113
9641096,9641100,9640113,9640110,9640102,9640115
9641096,9641100,9640113,9640110,9640113,9641100
9641096,9641100,9640113,9640110,9640113,9640110
9641096,9641100,9640113,9640110,9640113,9640102
9641096,9641100,9640113,9640110,9640113,9640113
9641096,9641100,9640113,9640110,9640113,9640115
9641096,9641100,9640113,9640110,9640115,9641100
9641096,9641100,9640113,9640110,9640115,9640110
9641096,9641100,9640113,9640110,9640115,9640102
9641096,9641100,9640113,9640110,9640115,9640113
9641096,9641100,9640113,9640110,9640115,9640115
9641096,9641100,9640113,9640102,9641100,9641100
9641096,9641100,9640113,9640102,9641100,9640110
9641096,9641100,9640113,9640102,9641100,9640102
9641096,9641100,9640113,9640102,9641100,9640113
9641096,9641100,9640113,9640102,9641100,9640115
9641096,9641100,9640113,9640102,9640110,9641100
9641096,9641100,9640113,9640102,9640110,9640110
9641096,9641100,9640113,9640102,9640110,9640102
9641096,9641100,9640113,9640102,9640110,9640113
9641096,9641100,9640113,9640102,9640110,9640115
9641096,9641100,9640113,9640102,9640102,9641100
9641096,9641100,9640113,9640102,9640102,9640110
9641096,9641100,9640113,9640102,9640102,9640102
9641096,9641100,9640113,9640102,9640102,9640113
9641096,9641100,9640113,9640102,9640102,9640115
9641096,9641100,9640113,9640102,9640113,9641100
9641096,9641100,9640113,9640102,9640113,9640110
9641096,9641100,9640113,9640102,9640113,9640102
9641096,9641100,9640113,9640102,9640113,9640113
9641096,9641100,9640113,9640102,9640113,9640115
9641096,9641100,9640113,9640102,9640115,9641100
9641096,9641100,9640113,9640102,9640115,9640110
9641096,9641100,9640113,9640102,9640115,9640102
9641096,9641100,9640113,9640102,9640115,9640113
9641096,9641100,9640113,9640102,9640115,9640115
9641096,9641100,9640113,9640113,9641100,9641100
9641096,9641100,9640113,9640113,9641100,9640110
9641096,9641100,9640113,9640113,9641100,9640102
9641096,9641100,9640113,9640113,9641100,9640113
9641096,9641100,9640113,9640113,9641100,9640115
9641096,9641100,9640113,9640113,9640110,9641100
9641096,9641100,9640113,9640113,9640110,9640110
9641096,9641100,9640113,9640113,9640110,9640102
9641096,9641100,9640113,9640113,9640110,9640113
9641096,9641100,9640113,9640113,9640110,9640115
9641096,9641100,9640113,9640113,9640102,9641100
9641096,9641100,9640113,9640113,9640102,9640110
9641096,9641100,9640113,9640113,9640102,9640102
9641096,9641100,9640113,9640113,9640102,9640113
9641096,9641100,9640113,9640113,9640102,9640115
9641096,9641100,9640113,9640113,9640113,9641100
9641096,9641100,9640113,9640113,9640113,9640110
9641096,9641100,9640113,9640113,9640113,9640102
9641096,9641100,9640113,9640113,9640113,9640113
9641096,9641100,9640113,9640113,9640113,9640115
9641096,9641100,9640113,9640113,9640115,9641100
9641096,9641100,9640113,9640113,9640115,9640110
9641096,9641100,9640113,9640113,9640115,9640102
9641096,9641100,9640113,9640113,9640115,9640113
9641096,9641100,9640113,9640113,9640115,9640115
9641096,9641100,9640113,9640115,9641100,9641100
9641096,9641100,9640113,9640115,9641100,9640110
9641096,9641100,9640113,9640115,9641100,9640102
9641096,9641100,9640113,9640115,9641100,9640113
9641096,9641100,9640113,9640115,9641100,9640115
9641096,9641100,9640113,9640115,9640110,9641100
9641096,9641100,9640113,9640115,9640110,9640110
9641096,9641100,9640113,9640115,9640110,9640102
9641096,9641100,9640113,9640115,9640110,9640113
9641096,9641100,9640113,9640115,9640110,9640115
9641096,9641100,9640113,9640115,9640102,9641100
9641096,9641100,9640113,9640115,9640102,9640110
9641096,9641100,9640113,9640115,9640102,9640102
9641096,9641100,9640113,9640115,9640102,9640113
9641096,9641100,9640113,9640115,9640102,9640115
9641096,9641100,9640113,9640115,9640113,9641100
9641096,9641100,9640113,9640115,9640113,9640110
9641096,9641100,9640113,9640115,9640113,9640102
9641096,9641100,9640113,9640115,9640113,9640113
9641096,9641100,9640113,9640115,9640113,9640115
9641096,9641100,9640113,9640115,9640115,9641100
9641096,9641100,9640113,9640115,9640115,9640110
9641096,9641100,9640113,9640115,9640115,9640102
9641096,9641100,9640113,9640115,9640115,9640113
9641096,9641100,9640113,9640115,9640115,9640115
9641096,9641100,9640115,9641100,9641100,9641100
9641096,9641100,9640115,9641100,9641100,9640110
9641096,9641100,9640115,9641100,9641100,9640102
9641096,9641100,9640115,9641100,9641100,9640113
9641096,9641100,9640115,9641100,9641100,9640115
9641096,9641100,9640115,9641100,9640110,9641100
9641096,9641100,9640115,9641100,9640110,9640110
9641096,9641100,9640115,9641100,9640110,9640102
9641096,9641100,9640115,9641100,9640110,9640113
9641096,9641100,9640115,9641100,9640110,9640115
9641096,9641100,9640115,9641100,9640102,9641100
9641096,9641100,9640115,9641100,9640102,9640110
9641096,9641100,9640115,9641100,9640102,9640102
9641096,9641100,9640115,9641100,9640102,9640113
9641096,9641100,9640115,9641100,9640102,9640115
9641096,9641100,9640115,9641100,9640113,9641100
9641096,9641100,9640115,9641100,9640113,9640110
9641096,9641100,9640115,9641100,9640113,9640102
9641096,9641100,9640115,9641100,9640113,9640113
9641096,9641100,9640115,9641100,9640113,9640115
9641096,9641100,9640115,9641100,9640115,9641100
9641096,9641100,9640115,9641100,9640115,9640110
9641096,9641100,9640115,9641100,9640115,9640102
9641096,9641100,9640115,9641100,9640115,9640113
9641096,9641100,9640115,9641100,9640115,9640115
9641096,9641100,9640115,9640110,9641100,9641100
9641096,9641100,9640115,9640110,9641100,9640110
9641096,9641100,9640115,9640110,9641100,9640102
9641096,9641100,9640115,9640110,9641100,9640113
9641096,9641100,9640115,9640110,9641100,9640115
9641096,9641100,9640115,9640110,9640110,9641100
9641096,9641100,9640115,9640110,9640110,9640110
9641096,9641100,9640115,9640110,9640110,9640102
9641096,9641100,9640115,9640110,9640110,9640113
9641096,9641100,9640115,9640110,9640110,9640115
9641096,9641100,9640115,9640110,9640102,9641100
9641096,9641100,9640115,9640110,9640102,9640110
9641096,9641100,9640115,9640110,9640102,9640102
9641096,9641100,9640115,9640110,9640102,9640113
9641096,9641100,9640115,9640110,9640102,9640115
9641096,9641100,9640115,9640110,9640113,9641100
9641096,9641100,9640115,9640110,9640113,9640110
9641096,9641100,9640115,9640110,9640113,9640102
9641096,9641100,9640115,9640110,9640113,9640113
9641096,9641100,9640115,9640110,9640113,9640115
9641096,9641100,9640115,9640110,9640115,9641100
9641096,9641100,9640115,9640110,9640115,9640110
9641096,9641100,9640115,9640110,9640115,9640102
9641096,9641100,9640115,9640110,9640115,9640113
9641096,9641100,9640115,9640110,9640115,9640115
9641096,9641100,9640115,9640102,9641100,9641100
9641096,9641100,9640115,9640102,9641100,9640110
9641096,9641100,9640115,9640102,9641100,9640102
9641096,9641100,9640115,9640102,9641100,9640113
9641096,9641100,9640115,9640102,9641100,9640115
9641096,9641100,9640115,9640102,9640110,9641100
9641096,9641100,9640115,9640102,9640110,9640110
9641096,9641100,9640115,9640102,9640110,9640102
9641096,9641100,9640115,9640102,9640110,9640113
9641096,9641100,9640115,9640102,9640110,9640115
9641096,9641100,9640115,9640102,9640102,9641100
9641096,9641100,9640115,9640102,9640102,9640110
9641096,9641100,9640115,9640102,9640102,9640102
9641096,9641100,9640115,9640102,9640102,9640113
9641096,9641100,9640115,9640102,9640102,9640115
9641096,9641100,9640115,9640102,9640113,9641100
9641096,9641100,9640115,9640102,9640113,9640110
9641096,9641100,9640115,9640102,9640113,9640102
9641096,9641100,9640115,9640102,9640113,9640113
9641096,9641100,9640115,9640102,9640113,9640115
9641096,9641100,9640115,9640102,9640115,9641100
9641096,9641100,9640115,9640102,9640115,9640110
9641096,9641100,9640115,9640102,9640115,9640102
9641096,9641100,9640115,9640102,9640115,9640113
9641096,9641100,9640115,9640102,9640115,9640115
9641096,9641100,9640115,9640113,9641100,9641100
9641096,9641100,9640115,9640113,9641100,9640110
9641096,9641100,9640115,9640113,9641100,9640102
9641096,9641100,9640115,9640113,9641100,9640113
9641096,9641100,9640115,9640113,9641100,9640115
9641096,9641100,9640115,9640113,9640110,9641100
9641096,9641100,9640115,9640113,9640110,9640110
9641096,9641100,9640115,9640113,9640110,9640102
9641096,9641100,9640115,9640113,9640110,9640113
9641096,9641100,9640115,9640113,9640110,9640115
9641096,9641100,9640115,9640113,9640102,9641100
9641096,9641100,9640115,9640113,9640102,9640110
9641096,9641100,9640115,9640113,9640102,9640102
9641096,9641100,9640115,9640113,9640102,9640113
9641096,9641100,9640115,9640113,9640102,9640115
9641096,9641100,9640115,9640113,9640113,9641100
9641096,9641100,9640115,9640113,9640113,9640110
9641096,9641100,9640115,9640113,9640113,9640102
9641096,9641100,9640115,9640113,9640113,9640113
9641096,9641100,9640115,9640113,9640113,9640115
9641096,9641100,9640115,9640113,9640115,9641100
9641096,9641100,9640115,9640113,9640115,9640110
9641096,9641100,9640115,9640113,9640115,9640102
9641096,9641100,9640115,9640113,9640115,9640113
9641096,9641100,9640115,9640113,9640115,9640115
9641096,9641100,9640115,9640115,9641100,9641100
9641096,9641100,9640115,9640115,9641100,9640110
9641096,9641100,9640115,9640115,9641100,9640102
9641096,9641100,9640115,9640115,9641100,9640113
9641096,9641100,9640115,9640115,9641100,9640115
9641096,9641100,9640115,9640115,9640110,9641100
9641096,9641100,9640115,9640115,9640110,9640110
9641096,9641100,9640115,9640115,9640110,9640102
9641096,9641100,9640115,9640115,9640110,9640113
9641096,9641100,9640115,9640115,9640110,9640115
9641096,9641100,9640115,9640115,9640102,9641100
9641096,9641100,9640115,9640115,9640102,9640110
9641096,9641100,9640115,9640115,9640102,9640102
9641096,9641100,9640115,9640115,9640102,9640113
9641096,9641100,9640115,9640115,9640102,9640115
9641096,9641100,9640115,9640115,9640113,9641100
9641096,9641100,9640115,9640115,9640113,9640110
9641096,9641100,9640115,9640115,9640113,9640102
9641096,9641100,9640115,9640115,9640113,9640113
9641096,9641100,9640115,9640115,9640113,9640115
9641096,9641100,9640115,9640115,9640115,9641100
9641096,9641100,9640115,9640115,9640115,9640110
9641096,9641100,9640115,9640115,9640115,9640102
9641096,9641100,9640115,9640115,9640115,9640113
9641096,9641100,9640115,9640115,9640115,9640115
9641096,9640110,9641100,9641100,9641100,9641100
9641096,9640110,9641100,9641100,9641100,9640110
9641096,9640110,9641100,9641100,9641100,9640102
9641096,9640110,9641100,9641100,9641100,9640113
9641096,9640110,9641100,9641100,9641100,9640115
9641096,9640110,9641100,9641100,9640110,9641100
9641096,9640110,9641100,9641100,9640110,9640110
9641096,9640110,9641100,9641100,9640110,9640102
9641096,9640110,9641100,9641100,9640110,9640113
9641096,9640110,9641100,9641100,9640110,9640115
9641096,9640110,9641100,9641100,9640102,9641100
9641096,9640110,9641100,9641100,9640102,9640110
9641096,9640110,9641100,9641100,9640102,9640102
9641096,9640110,9641100,9641100,9640102,9640113
9641096,9640110,9641100,9641100,9640102,9640115
9641096,9640110,9641100,9641100,9640113,9641100
9641096,9640110,9641100,9641100,9640113,9640110
9641096,9640110,9641100,9641100,9640113,9640102
9641096,9640110,9641100,9641100,9640113,9640113
9641096,9640110,9641100,9641100,9640113,9640115
9641096,9640110,9641100,9641100,9640115,9641100
9641096,9640110,9641100,9641100,9640115,9640110
9641096,9640110,9641100,9641100,9640115,9640102
9641096,9640110,9641100,9641100,9640115,9640113
9641096,9640110,9641100,9641100,9640115,9640115
9641096,9640110,9641100,9640110,9641100,9641100
9641096,9640110,9641100,9640110,9641100,9640110
9641096,9640110,9641100,9640110,9641100,9640102
9641096,9640110,9641100,9640110,9641100,9640113
9641096,9640110,9641100,9640110,9641100,9640115
9641096,9640110,9641100,9640110,9640110,9641100
9641096,9640110,9641100,9640110,9640110,9640110
9641096,9640110,9641100,9640110,9640110,9640102
9641096,9640110,9641100,9640110,9640110,9640113
9641096,9640110,9641100,9640110,9640110,9640115
9641096,9640110,9641100,9640110,9640102,9641100
9641096,9640110,9641100,9640110,9640102,9640110
9641096,9640110,9641100,9640110,9640102,9640102
9641096,9640110,9641100,9640110,9640102,9640113
9641096,9640110,9641100,9640110,9640102,9640115
9641096,9640110,9641100,9640110,9640113,9641100
9641096,9640110,9641100,9640110,9640113,9640110
9641096,9640110,9641100,9640110,9640113,9640102
9641096,9640110,9641100,9640110,9640113,9640113
9641096,9640110,9641100,9640110,9640113,9640115
9641096,9640110,9641100,9640110,9640115,9641100
9641096,9640110,9641100,9640110,9640115,9640110
9641096,9640110,9641100,9640110,9640115,9640102
9641096,9640110,9641100,9640110,9640115,9640113
9641096,9640110,9641100,9640110,9640115,9640115
9641096,9640110,9641100,9640102,9641100,9641100
9641096,9640110,9641100,9640102,9641100,9640110
9641096,9640110,9641100,9640102,9641100,9640102
9641096,9640110,9641100,9640102,9641100,9640113
9641096,9640110,9641100,9640102,9641100,9640115
9641096,9640110,9641100,9640102,9640110,9641100
9641096,9640110,9641100,9640102,9640110,9640110
9641096,9640110,9641100,9640102,9640110,9640102
9641096,9640110,9641100,9640102,9640110,9640113
9641096,9640110,9641100,9640102,9640110,9640115
9641096,9640110,9641100,9640102,9640102,9641100
9641096,9640110,9641100,9640102,9640102,9640110
9641096,9640110,9641100,9640102,9640102,9640102
9641096,9640110,9641100,9640102,9640102,9640113
9641096,9640110,9641100,9640102,9640102,9640115
9641096,9640110,9641100,9640102,9640113,9641100
9641096,9640110,9641100,9640102,9640113,9640110
9641096,9640110,9641100,9640102,9640113,9640102
9641096,9640110,9641100,9640102,9640113,9640113
9641096,9640110,9641100,9640102,9640113,9640115
9641096,9640110,9641100,9640102,9640115,9641100
9641096,9640110,9641100,9640102,9640115,9640110
9641096,9640110,9641100,9640102,9640115,9640102
9641096,9640110,9641100,9640102,9640115,9640113
9641096,9640110,9641100,9640102,9640115,9640115
9641096,9640110,9641100,9640113,9641100,9641100
9641096,9640110,9641100,9640113,9641100,9640110
9641096,9640110,9641100,9640113,9641100,9640102
9641096,9640110,9641100,9640113,9641100,9640113
9641096,9640110,9641100,9640113,9641100,9640115
9641096,9640110,9641100,9640113,9640110,9641100
9641096,9640110,9641100,9640113,9640110,9640110
9641096,9640110,9641100,9640113,9640110,9640102
9641096,9640110,9641100,9640113,9640110,9640113
9641096,9640110,9641100,9640113,9640110,9640115
9641096,9640110,9641100,9640113,9640102,9641100
9641096,9640110,9641100,9640113,9640102,9640110
9641096,9640110,9641100,9640113,9640102,9640102
9641096,9640110,9641100,9640113,9640102,9640113
9641096,9640110,9641100,9640113,9640102,9640115
9641096,9640110,9641100,9640113,9640113,9641100
9641096,9640110,9641100,9640113,9640113,9640110
9641096,9640110,9641100,9640113,9640113,9640102
9641096,9640110,9641100,9640113,9640113,9640113
9641096,9640110,9641100,9640113,9640113,9640115
9641096,9640110,9641100,9640113,9640115,9641100
9641096,9640110,9641100,9640113,9640115,9640110
9641096,9640110,9641100,9640113,9640115,9640102
9641096,9640110,9641100,9640113,9640115,9640113
9641096,9640110,9641100,9640113,9640115,9640115
9641096,9640110,9641100,9640115,9641100,9641100
9641096,9640110,9641100,9640115,9641100,9640110
9641096,9640110,9641100,9640115,9641100,9640102
9641096,9640110,9641100,9640115,9641100,9640113
9641096,9640110,9641100,9640115,9641100,9640115
9641096,9640110,9641100,9640115,9640110,9641100
9641096,9640110,9641100,9640115,9640110,9640110
9641096,9640110,9641100,9640115,9640110,9640102
9641096,9640110,9641100,9640115,9640110,9640113
9641096,9640110,9641100,9640115,9640110,9640115
9641096,9640110,9641100,9640115,9640102,9641100
9641096,9640110,9641100,9640115,9640102,9640110
9641096,9640110,9641100,9640115,9640102,9640102
9641096,9640110,9641100,9640115,9640102,9640113
9641096,9640110,9641100,9640115,9640102,9640115
9641096,9640110,9641100,9640115,9640113,9641100
9641096,9640110,9641100,9640115,9640113,9640110
9641096,9640110,9641100,9640115,9640113,9640102
9641096,9640110,9641100,9640115,9640113,9640113
9641096,9640110,9641100,9640115,9640113,9640115
9641096,9640110,9641100,9640115,9640115,9641100
9641096,9640110,9641100,9640115,9640115,9640110
9641096,9640110,9641100,9640115,9640115,9640102
9641096,9640110,9641100,9640115,9640115,9640113
9641096,9640110,9641100,9640115,9640115,9640115
9641096,9640110,9640110,9641100,9641100,9641100
9641096,9640110,9640110,9641100,9641100,9640110
9641096,9640110,9640110,9641100,9641100,9640102
9641096,9640110,9640110,9641100,9641100,9640113
9641096,9640110,9640110,9641100,9641100,9640115
9641096,9640110,9640110,9641100,9640110,9641100
9641096,9640110,9640110,9641100,9640110,9640110
9641096,9640110,9640110,9641100,9640110,9640102
9641096,9640110,9640110,9641100,9640110,9640113
9641096,9640110,9640110,9641100,9640110,9640115
9641096,9640110,9640110,9641100,9640102,9641100
9641096,9640110,9640110,9641100,9640102,9640110
9641096,9640110,9640110,9641100,9640102,9640102
9641096,9640110,9640110,9641100,9640102,9640113
9641096,9640110,9640110,9641100,9640102,9640115
9641096,9640110,9640110,9641100,9640113,9641100
9641096,9640110,9640110,9641100,9640113,9640110
9641096,9640110,9640110,9641100,9640113,9640102
9641096,9640110,9640110,9641100,9640113,9640113
9641096,9640110,9640110,9641100,9640113,9640115
9641096,9640110,9640110,9641100,9640115,9641100
9641096,9640110,9640110,9641100,9640115,9640110
9641096,9640110,9640110,9641100,9640115,9640102
9641096,9640110,9640110,9641100,9640115,9640113
9641096,9640110,9640110,9641100,9640115,9640115
9641096,9640110,9640110,9640110,9641100,9641100
9641096,9640110,9640110,9640110,9641100,9640110
9641096,9640110,9640110,9640110,9641100,9640102
9641096,9640110,9640110,9640110,9641100,9640113
9641096,9640110,9640110,9640110,9641100,9640115
9641096,9640110,9640110,9640110,9640110,9641100
9641096,9640110,9640110,9640110,9640110,9640110
9641096,9640110,9640110,9640110,9640110,9640102
9641096,9640110,9640110,9640110,9640110,9640113
9641096,9640110,9640110,9640110,9640110,9640115
9641096,9640110,9640110,9640110,9640102,9641100
9641096,9640110,9640110,9640110,9640102,9640110
9641096,9640110,9640110,9640110,9640102,9640102
9641096,9640110,9640110,9640110,9640102,9640113
9641096,9640110,9640110,9640110,9640102,9640115
9641096,9640110,9640110,9640110,9640113,9641100
9641096,9640110,9640110,9640110,9640113,9640110
9641096,9640110,9640110,9640110,9640113,9640102
9641096,9640110,9640110,9640110,9640113,9640113
9641096,9640110,9640110,9640110,9640113,9640115
9641096,9640110,9640110,9640110,9640115,9641100
9641096,9640110,9640110,9640110,9640115,9640110
9641096,9640110,9640110,9640110,9640115,9640102
9641096,9640110,9640110,9640110,9640115,9640113
9641096,9640110,9640110,9640110,9640115,9640115
9641096,9640110,9640110,9640102,9641100,9641100
9641096,9640110,9640110,9640102,9641100,9640110
9641096,9640110,9640110,9640102,9641100,9640102
9641096,9640110,9640110,9640102,9641100,9640113
9641096,9640110,9640110,9640102,9641100,9640115
9641096,9640110,9640110,9640102,9640110,9641100
9641096,9640110,9640110,9640102,9640110,9640110
9641096,9640110,9640110,9640102,9640110,9640102
9641096,9640110,9640110,9640102,9640110,9640113
9641096,9640110,9640110,9640102,9640110,9640115
9641096,9640110,9640110,9640102,9640102,9641100
9641096,9640110,9640110,9640102,9640102,9640110
9641096,9640110,9640110,9640102,9640102,9640102
9641096,9640110,9640110,9640102,9640102,9640113
9641096,9640110,9640110,9640102,9640102,9640115
9641096,9640110,9640110,9640102,9640113,9641100
9641096,9640110,9640110,9640102,9640113,9640110
9641096,9640110,9640110,9640102,9640113,9640102
9641096,9640110,9640110,9640102,9640113,9640113
9641096,9640110,9640110,9640102,9640113,9640115
9641096,9640110,9640110,9640102,9640115,9641100
9641096,9640110,9640110,9640102,9640115,9640110
9641096,9640110,9640110,9640102,9640115,9640102
9641096,9640110,9640110,9640102,9640115,9640113
9641096,9640110,9640110,9640102,9640115,9640115
9641096,9640110,9640110,9640113,9641100,9641100
9641096,9640110,9640110,9640113,9641100,9640110
9641096,9640110,9640110,9640113,9641100,9640102
9641096,9640110,9640110,9640113,9641100,9640113
9641096,9640110,9640110,9640113,9641100,9640115
9641096,9640110,9640110,9640113,9640110,9641100
9641096,9640110,9640110,9640113,9640110,9640110
9641096,9640110,9640110,9640113,9640110,9640102
9641096,9640110,9640110,9640113,9640110,9640113
9641096,9640110,9640110,9640113,9640110,9640115
9641096,9640110,9640110,9640113,9640102,9641100
9641096,9640110,9640110,9640113,9640102,9640110
9641096,9640110,9640110,9640113,9640102,9640102
9641096,9640110,9640110,9640113,9640102,9640113
9641096,9640110,9640110,9640113,9640102,9640115
9641096,9640110,9640110,9640113,9640113,9641100
9641096,9640110,9640110,9640113,9640113,9640110
9641096,9640110,9640110,9640113,9640113,9640102
9641096,9640110,9640110,9640113,9640113,9640113
9641096,9640110,9640110,9640113,9640113,9640115
9641096,9640110,9640110,9640113,9640115,9641100
9641096,9640110,9640110,9640113,9640115,9640110
9641096,9640110,9640110,9640113,9640115,9640102
9641096,9640110,9640110,9640113,9640115,9640113
9641096,9640110,9640110,9640113,9640115,9640115
9641096,9640110,9640110,9640115,9641100,9641100
9641096,9640110,9640110,9640115,9641100,9640110
9641096,9640110,9640110,9640115,9641100,9640102
9641096,9640110,9640110,9640115,9641100,9640113
9641096,9640110,9640110,9640115,9641100,9640115
9641096,9640110,9640110,9640115,9640110,9641100
9641096,9640110,9640110,9640115,9640110,9640110
9641096,9640110,9640110,9640115,9640110,9640102
9641096,9640110,9640110,9640115,9640110,9640113
9641096,9640110,9640110,9640115,9640110,9640115
9641096,9640110,9640110,9640115,9640102,9641100
9641096,9640110,9640110,9640115,9640102,9640110
9641096,9640110,9640110,9640115,9640102,9640102
9641096,9640110,9640110,9640115,9640102,9640113
9641096,9640110,9640110,9640115,9640102,9640115
9641096,9640110,9640110,9640115,9640113,9641100
9641096,9640110,9640110,9640115,9640113,9640110
9641096,9640110,9640110,9640115,9640113,9640102
9641096,9640110,9640110,9640115,9640113,9640113
9641096,9640110,9640110,9640115,9640113,9640115
9641096,9640110,9640110,9640115,9640115,9641100
9641096,9640110,9640110,9640115,9640115,9640110
9641096,9640110,9640110,9640115,9640115,9640102
9641096,9640110,9640110,9640115,9640115,9640113
9641096,9640110,9640110,9640115,9640115,9640115
9641096,9640110,9640102,9641100,9641100,9641100
9641096,9640110,9640102,9641100,9641100,9640110
9641096,9640110,9640102,9641100,9641100,9640102
9641096,9640110,9640102,9641100,9641100,9640113
9641096,9640110,9640102,9641100,9641100,9640115
9641096,9640110,9640102,9641100,9640110,9641100
9641096,9640110,9640102,9641100,9640110,9640110
9641096,9640110,9640102,9641100,9640110,9640102
9641096,9640110,9640102,9641100,9640110,9640113
9641096,9640110,9640102,9641100,9640110,9640115
9641096,9640110,9640102,9641100,9640102,9641100
9641096,9640110,9640102,9641100,9640102,9640110
9641096,9640110,9640102,9641100,9640102,9640102
9641096,9640110,9640102,9641100,9640102,9640113
9641096,9640110,9640102,9641100,9640102,9640115
9641096,9640110,9640102,9641100,9640113,9641100
9641096,9640110,9640102,9641100,9640113,9640110
9641096,9640110,9640102,9641100,9640113,9640102
9641096,9640110,9640102,9641100,9640113,9640113
9641096,9640110,9640102,9641100,9640113,9640115
9641096,9640110,9640102,9641100,9640115,9641100
9641096,9640110,9640102,9641100,9640115,9640110
9641096,9640110,9640102,9641100,9640115,9640102
9641096,9640110,9640102,9641100,9640115,9640113
9641096,9640110,9640102,9641100,9640115,9640115
9641096,9640110,9640102,9640110,9641100,9641100
9641096,9640110,9640102,9640110,9641100,9640110
9641096,9640110,9640102,9640110,9641100,9640102
9641096,9640110,9640102,9640110,9641100,9640113
9641096,9640110,9640102,9640110,9641100,9640115
9641096,9640110,9640102,9640110,9640110,9641100
9641096,9640110,9640102,9640110,9640110,9640110
9641096,9640110,9640102,9640110,9640110,9640102
9641096,9640110,9640102,9640110,9640110,9640113
9641096,9640110,9640102,9640110,9640110,9640115
9641096,9640110,9640102,9640110,9640102,9641100
9641096,9640110,9640102,9640110,9640102,9640110
9641096,9640110,9640102,9640110,9640102,9640102
9641096,9640110,9640102,9640110,9640102,9640113
9641096,9640110,9640102,9640110,9640102,9640115
9641096,9640110,9640102,9640110,9640113,9641100
9641096,9640110,9640102,9640110,9640113,9640110
9641096,9640110,9640102,9640110,9640113,9640102
9641096,9640110,9640102,9640110,9640113,9640113
9641096,9640110,9640102,9640110,9640113,9640115
9641096,9640110,9640102,9640110,9640115,9641100
9641096,9640110,9640102,9640110,9640115,9640110
9641096,9640110,9640102,9640110,9640115,9640102
9641096,9640110,9640102,9640110,9640115,9640113
9641096,9640110,9640102,9640110,9640115,9640115
9641096,9640110,9640102,9640102,9641100,9641100
9641096,9640110,9640102,9640102,9641100,9640110
9641096,9640110,9640102,9640102,9641100,9640102
9641096,9640110,9640102,9640102,9641100,9640113
9641096,9640110,9640102,9640102,9641100,9640115
9641096,9640110,9640102,9640102,9640110,9641100
9641096,9640110,9640102,9640102,9640110,9640110
9641096,9640110,9640102,9640102,9640110,9640102
9641096,9640110,9640102,9640102,9640110,9640113
9641096,9640110,9640102,9640102,9640110,9640115
9641096,9640110,9640102,9640102,9640102,9641100
9641096,9640110,9640102,9640102,9640102,9640110
9641096,9640110,9640102,9640102,9640102,9640102
9641096,9640110,9640102,9640102,9640102,9640113
9641096,9640110,9640102,9640102,9640102,9640115
9641096,9640110,9640102,9640102,9640113,9641100
9641096,9640110,9640102,9640102,9640113,9640110
9641096,9640110,9640102,9640102,9640113,9640102
9641096,9640110,9640102,9640102,9640113,9640113
9641096,9640110,9640102,9640102,9640113,9640115
9641096,9640110,9640102,9640102,9640115,9641100
9641096,9640110,9640102,9640102,9640115,9640110
9641096,9640110,9640102,9640102,9640115,9640102
9641096,9640110,9640102,9640102,9640115,9640113
9641096,9640110,9640102,9640102,9640115,9640115
9641096,9640110,9640102,9640113,9641100,9641100
9641096,9640110,9640102,9640113,9641100,9640110
9641096,9640110,9640102,9640113,9641100,9640102
9641096,9640110,9640102,9640113,9641100,9640113
9641096,9640110,9640102,9640113,9641100,9640115
9641096,9640110,9640102,9640113,9640110,9641100
9641096,9640110,9640102,9640113,9640110,9640110
9641096,9640110,9640102,9640113,9640110,9640102
9641096,9640110,9640102,9640113,9640110,9640113
9641096,9640110,9640102,9640113,9640110,9640115
9641096,9640110,9640102,9640113,9640102,9641100
9641096,9640110,9640102,9640113,9640102,9640110
9641096,9640110,9640102,9640113,9640102,9640102
9641096,9640110,9640102,9640113,9640102,9640113
9641096,9640110,9640102,9640113,9640102,9640115
9641096,9640110,9640102,9640113,9640113,9641100
9641096,9640110,9640102,9640113,9640113,9640110
9641096,9640110,9640102,9640113,9640113,9640102
9641096,9640110,9640102,9640113,9640113,9640113
9641096,9640110,9640102,9640113,9640113,9640115
9641096,9640110,9640102,9640113,9640115,9641100
9641096,9640110,9640102,9640113,9640115,9640110
9641096,9640110,9640102,9640113,9640115,9640102
9641096,9640110,9640102,9640113,9640115,9640113
9641096,9640110,9640102,9640113,9640115,9640115
9641096,9640110,9640102,9640115,9641100,9641100
9641096,9640110,9640102,9640115,9641100,9640110
9641096,9640110,9640102,9640115,9641100,9640102
9641096,9640110,9640102,9640115,9641100,9640113
9641096,9640110,9640102,9640115,9641100,9640115
9641096,9640110,9640102,9640115,9640110,9641100
9641096,9640110,9640102,9640115,9640110,9640110
9641096,9640110,9640102,9640115,9640110,9640102
9641096,9640110,9640102,9640115,9640110,9640113
9641096,9640110,9640102,9640115,9640110,9640115
9641096,9640110,9640102,9640115,9640102,9641100
9641096,9640110,9640102,9640115,9640102,9640110
9641096,9640110,9640102,9640115,9640102,9640102
9641096,9640110,9640102,9640115,9640102,9640113
9641096,9640110,9640102,9640115,9640102,9640115
9641096,9640110,9640102,9640115,9640113,9641100
9641096,9640110,9640102,9640115,9640113,9640110
9641096,9640110,9640102,9640115,9640113,9640102
9641096,9640110,9640102,9640115,9640113,9640113
9641096,9640110,9640102,9640115,9640113,9640115
9641096,9640110,9640102,9640115,9640115,9641100
9641096,9640110,9640102,9640115,9640115,9640110
9641096,9640110,9640102,9640115,9640115,9640102
9641096,9640110,9640102,9640115,9640115,9640113
9641096,9640110,9640102,9640115,9640115,9640115
9641096,9640110,9640113,9641100,9641100,9641100
9641096,9640110,9640113,9641100,9641100,9640110
9641096,9640110,9640113,9641100,9641100,9640102
9641096,9640110,9640113,9641100,9641100,9640113
9641096,9640110,9640113,9641100,9641100,9640115
9641096,9640110,9640113,9641100,9640110,9641100
9641096,9640110,9640113,9641100,9640110,9640110
9641096,9640110,9640113,9641100,9640110,9640102
9641096,9640110,9640113,9641100,9640110,9640113
9641096,9640110,9640113,9641100,9640110,9640115
9641096,9640110,9640113,9641100,9640102,9641100
9641096,9640110,9640113,9641100,9640102,9640110
9641096,9640110,9640113,9641100,9640102,9640102
9641096,9640110,9640113,9641100,9640102,9640113
9641096,9640110,9640113,9641100,9640102,9640115
9641096,9640110,9640113,9641100,9640113,9641100
9641096,9640110,9640113,9641100,9640113,9640110
9641096,9640110,9640113,9641100,9640113,9640102
9641096,9640110,9640113,9641100,9640113,9640113
9641096,9640110,9640113,9641100,9640113,9640115
9641096,9640110,9640113,9641100,9640115,9641100
9641096,9640110,9640113,9641100,9640115,9640110
9641096,9640110,9640113,9641100,9640115,9640102
9641096,9640110,9640113,9641100,9640115,9640113
9641096,9640110,9640113,9641100,9640115,9640115
9641096,9640110,9640113,9640110,9641100,9641100
9641096,9640110,9640113,9640110,9641100,9640110
9641096,9640110,9640113,9640110,9641100,9640102
9641096,9640110,9640113,9640110,9641100,9640113
9641096,9640110,9640113,9640110,9641100,9640115
9641096,9640110,9640113,9640110,9640110,9641100
9641096,9640110,9640113,9640110,9640110,9640110
9641096,9640110,9640113,9640110,9640110,9640102
9641096,9640110,9640113,9640110,9640110,9640113
9641096,9640110,9640113,9640110,9640110,9640115
9641096,9640110,9640113,9640110,9640102,9641100
9641096,9640110,9640113,9640110,9640102,9640110
9641096,9640110,9640113,9640110,9640102,9640102
9641096,9640110,9640113,9640110,9640102,9640113
9641096,9640110,9640113,9640110,9640102,9640115
9641096,9640110,9640113,9640110,9640113,9641100
9641096,9640110,9640113,9640110,9640113,9640110
9641096,9640110,9640113,9640110,9640113,9640102
9641096,9640110,9640113,9640110,9640113,9640113
9641096,9640110,9640113,9640110,9640113,9640115
9641096,9640110,9640113,9640110,9640115,9641100
9641096,9640110,9640113,9640110,9640115,9640110
9641096,9640110,9640113,9640110,9640115,9640102
9641096,9640110,9640113,9640110,9640115,9640113
9641096,9640110,9640113,9640110,9640115,9640115
9641096,9640110,9640113,9640102,9641100,9641100
9641096,9640110,9640113,9640102,9641100,9640110
9641096,9640110,9640113,9640102,9641100,9640102
9641096,9640110,9640113,9640102,9641100,9640113
9641096,9640110,9640113,9640102,9641100,9640115
9641096,9640110,9640113,9640102,9640110,9641100
9641096,9640110,9640113,9640102,9640110,9640110
9641096,9640110,9640113,9640102,9640110,9640102
9641096,9640110,9640113,9640102,9640110,9640113
9641096,9640110,9640113,9640102,9640110,9640115
9641096,9640110,9640113,9640102,9640102,9641100
9641096,9640110,9640113,9640102,9640102,9640110
9641096,9640110,9640113,9640102,9640102,9640102
9641096,9640110,9640113,9640102,9640102,9640113
9641096,9640110,9640113,9640102,9640102,9640115
9641096,9640110,9640113,9640102,9640113,9641100
9641096,9640110,9640113,9640102,9640113,9640110
9641096,9640110,9640113,9640102,9640113,9640102
9641096,9640110,9640113,9640102,9640113,9640113
9641096,9640110,9640113,9640102,9640113,9640115
9641096,9640110,9640113,9640102,9640115,9641100
9641096,9640110,9640113,9640102,9640115,9640110
9641096,9640110,9640113,9640102,9640115,9640102
9641096,9640110,9640113,9640102,9640115,9640113
9641096,9640110,9640113,9640102,9640115,9640115
9641096,9640110,9640113,9640113,9641100,9641100
9641096,9640110,9640113,9640113,9641100,9640110
9641096,9640110,9640113,9640113,9641100,9640102
9641096,9640110,9640113,9640113,9641100,9640113
9641096,9640110,9640113,9640113,9641100,9640115
9641096,9640110,9640113,9640113,9640110,9641100
9641096,9640110,9640113,9640113,9640110,9640110
9641096,9640110,9640113,9640113,9640110,9640102
9641096,9640110,9640113,9640113,9640110,9640113
9641096,9640110,9640113,9640113,9640110,9640115
9641096,9640110,9640113,9640113,9640102,9641100
9641096,9640110,9640113,9640113,9640102,9640110
9641096,9640110,9640113,9640113,9640102,9640102
9641096,9640110,9640113,9640113,9640102,9640113
9641096,9640110,9640113,9640113,9640102,9640115
9641096,9640110,9640113,9640113,9640113,9641100
9641096,9640110,9640113,9640113,9640113,9640110
9641096,9640110,9640113,9640113,9640113,9640102
9641096,9640110,9640113,9640113,9640113,9640113
9641096,9640110,9640113,9640113,9640113,9640115
9641096,9640110,9640113,9640113,9640115,9641100
9641096,9640110,9640113,9640113,9640115,9640110
9641096,9640110,9640113,9640113,9640115,9640102
9641096,9640110,9640113,9640113,9640115,9640113
9641096,9640110,9640113,9640113,9640115,9640115
9641096,9640110,9640113,9640115,9641100,9641100
9641096,9640110,9640113,9640115,9641100,9640110
9641096,9640110,9640113,9640115,9641100,9640102
9641096,9640110,9640113,9640115,9641100,9640113
9641096,9640110,9640113,9640115,9641100,9640115
9641096,9640110,9640113,9640115,9640110,9641100
9641096,9640110,9640113,9640115,9640110,9640110
9641096,9640110,9640113,9640115,9640110,9640102
9641096,9640110,9640113,9640115,9640110,9640113
9641096,9640110,9640113,9640115,9640110,9640115
9641096,9640110,9640113,9640115,9640102,9641100
9641096,9640110,9640113,9640115,9640102,9640110
9641096,9640110,9640113,9640115,9640102,9640102
9641096,9640110,9640113,9640115,9640102,9640113
9641096,9640110,9640113,9640115,9640102,9640115
9641096,9640110,9640113,9640115,9640113,9641100
9641096,9640110,9640113,9640115,9640113,9640110
9641096,9640110,9640113,9640115,9640113,9640102
9641096,9640110,9640113,9640115,9640113,9640113
9641096,9640110,9640113,9640115,9640113,9640115
9641096,9640110,9640113,9640115,9640115,9641100
9641096,9640110,9640113,9640115,9640115,9640110
9641096,9640110,9640113,9640115,9640115,9640102
9641096,9640110,9640113,9640115,9640115,9640113
9641096,9640110,9640113,9640115,9640115,9640115
9641096,9640110,9640115,9641100,9641100,9641100
9641096,9640110,9640115,9641100,9641100,9640110
9641096,9640110,9640115,9641100,9641100,9640102
9641096,9640110,9640115,9641100,9641100,9640113
9641096,9640110,9640115,9641100,9641100,9640115
9641096,9640110,9640115,9641100,9640110,9641100
9641096,9640110,9640115,9641100,9640110,9640110
9641096,9640110,9640115,9641100,9640110,9640102
9641096,9640110,9640115,9641100,9640110,9640113
9641096,9640110,9640115,9641100,9640110,9640115
9641096,9640110,9640115,9641100,9640102,9641100
9641096,9640110,9640115,9641100,9640102,9640110
9641096,9640110,9640115,9641100,9640102,9640102
9641096,9640110,9640115,9641100,9640102,9640113
9641096,9640110,9640115,9641100,9640102,9640115
9641096,9640110,9640115,9641100,9640113,9641100
9641096,9640110,9640115,9641100,9640113,9640110
9641096,9640110,9640115,9641100,9640113,9640102
9641096,9640110,9640115,9641100,9640113,9640113
9641096,9640110,9640115,9641100,9640113,9640115
9641096,9640110,9640115,9641100,9640115,9641100
9641096,9640110,9640115,9641100,9640115,9640110
9641096,9640110,9640115,9641100,9640115,9640102
9641096,9640110,9640115,9641100,9640115,9640113
9641096,9640110,9640115,9641100,9640115,9640115
9641096,9640110,9640115,9640110,9641100,9641100
9641096,9640110,9640115,9640110,9641100,9640110
9641096,9640110,9640115,9640110,9641100,9640102
9641096,9640110,9640115,9640110,9641100,9640113
9641096,9640110,9640115,9640110,9641100,9640115
9641096,9640110,9640115,9640110,9640110,9641100
9641096,9640110,9640115,9640110,9640110,9640110
9641096,9640110,9640115,9640110,9640110,9640102
9641096,9640110,9640115,9640110,9640110,9640113
9641096,9640110,9640115,9640110,9640110,9640115
9641096,9640110,9640115,9640110,9640102,9641100
9641096,9640110,9640115,9640110,9640102,9640110
9641096,9640110,9640115,9640110,9640102,9640102
9641096,9640110,9640115,9640110,9640102,9640113
9641096,9640110,9640115,9640110,9640102,9640115
9641096,9640110,9640115,9640110,9640113,9641100
9641096,9640110,9640115,9640110,9640113,9640110
9641096,9640110,9640115,9640110,9640113,9640102
9641096,9640110,9640115,9640110,9640113,9640113
9641096,9640110,9640115,9640110,9640113,9640115
9641096,9640110,9640115,9640110,9640115,9641100
9641096,9640110,9640115,9640110,9640115,9640110
9641096,9640110,9640115,9640110,9640115,9640102
9641096,9640110,9640115,9640110,9640115,9640113
9641096,9640110,9640115,9640110,9640115,9640115
9641096,9640110,9640115,9640102,9641100,9641100
9641096,9640110,9640115,9640102,9641100,9640110
9641096,9640110,9640115,9640102,9641100,9640102
9641096,9640110,9640115,9640102,9641100,9640113
9641096,9640110,9640115,9640102,9641100,9640115
9641096,9640110,9640115,9640102,9640110,9641100
9641096,9640110,9640115,9640102,9640110,9640110
9641096,9640110,9640115,9640102,9640110,9640102
9641096,9640110,9640115,9640102,9640110,9640113
9641096,9640110,9640115,9640102,9640110,9640115
9641096,9640110,9640115,9640102,9640102,9641100
9641096,9640110,9640115,9640102,9640102,9640110
9641096,9640110,9640115,9640102,9640102,9640102
9641096,9640110,9640115,9640102,9640102,9640113
9641096,9640110,9640115,9640102,9640102,9640115
9641096,9640110,9640115,9640102,9640113,9641100
9641096,9640110,9640115,9640102,9640113,9640110
9641096,9640110,9640115,9640102,9640113,9640102
9641096,9640110,9640115,9640102,9640113,9640113
9641096,9640110,9640115,9640102,9640113,9640115
9641096,9640110,9640115,9640102,9640115,9641100
9641096,9640110,9640115,9640102,9640115,9640110
9641096,9640110,9640115,9640102,9640115,9640102
9641096,9640110,9640115,9640102,9640115,9640113
9641096,9640110,9640115,9640102,9640115,9640115
9641096,9640110,9640115,9640113,9641100,9641100
9641096,9640110,9640115,9640113,9641100,9640110
9641096,9640110,9640115,9640113,9641100,9640102
9641096,9640110,9640115,9640113,9641100,9640113
9641096,9640110,9640115,9640113,9641100,9640115
9641096,9640110,9640115,9640113,9640110,9641100
9641096,9640110,9640115,9640113,9640110,9640110
9641096,9640110,9640115,9640113,9640110,9640102
9641096,9640110,9640115,9640113,9640110,9640113
9641096,9640110,9640115,9640113,9640110,9640115
9641096,9640110,9640115,9640113,9640102,9641100
9641096,9640110,9640115,9640113,9640102,9640110
9641096,9640110,9640115,9640113,9640102,9640102
9641096,9640110,9640115,9640113,9640102,9640113
9641096,9640110,9640115,9640113,9640102,9640115
9641096,9640110,9640115,9640113,9640113,9641100
9641096,9640110,9640115,9640113,9640113,9640110
9641096,9640110,9640115,9640113,9640113,9640102
9641096,9640110,9640115,9640113,9640113,9640113
9641096,9640110,9640115,9640113,9640113,9640115
9641096,9640110,9640115,9640113,9640115,9641100
9641096,9640110,9640115,9640113,9640115,9640110
9641096,9640110,9640115,9640113,9640115,9640102
9641096,9640110,9640115,9640113,9640115,9640113
9641096,9640110,9640115,9640113,9640115,9640115
9641096,9640110,9640115,9640115,9641100,9641100
9641096,9640110,9640115,9640115,9641100,9640110
9641096,9640110,9640115,9640115,9641100,9640102
9641096,9640110,9640115,9640115,9641100,9640113
9641096,9640110,9640115,9640115,9641100,9640115
9641096,9640110,9640115,9640115,9640110,9641100
9641096,9640110,9640115,9640115,9640110,9640110
9641096,9640110,9640115,9640115,9640110,9640102
9641096,9640110,9640115,9640115,9640110,9640113
9641096,9640110,9640115,9640115,9640110,9640115
9641096,9640110,9640115,9640115,9640102,9641100
9641096,9640110,9640115,9640115,9640102,9640110
9641096,9640110,9640115,9640115,9640102,9640102
9641096,9640110,9640115,9640115,9640102,9640113
9641096,9640110,9640115,9640115,9640102,9640115
9641096,9640110,9640115,9640115,9640113,9641100
9641096,9640110,9640115,9640115,9640113,9640110
9641096,9640110,9640115,9640115,9640113,9640102
9641096,9640110,9640115,9640115,9640113,9640113
9641096,9640110,9640115,9640115,9640113,9640115
9641096,9640110,9640115,9640115,9640115,9641100
9641096,9640110,9640115,9640115,9640115,9640110
9641096,9640110,9640115,9640115,9640115,9640102
9641096,9640110,9640115,9640115,9640115,9640113
9641096,9640110,9640115,9640115,9640115,9640115
9641096,9640102,9641100,9641100,9641100,9641100
9641096,9640102,9641100,9641100,9641100,9640110
9641096,9640102,9641100,9641100,9641100,9640102
9641096,9640102,9641100,9641100,9641100,9640113
9641096,9640102,9641100,9641100,9641100,9640115
9641096,9640102,9641100,9641100,9640110,9641100
9641096,9640102,9641100,9641100,9640110,9640110
9641096,9640102,9641100,9641100,9640110,9640102
9641096,9640102,9641100,9641100,9640110,9640113
9641096,9640102,9641100,9641100,9640110,9640115
9641096,9640102,9641100,9641100,9640102,9641100
9641096,9640102,9641100,9641100,9640102,9640110
9641096,9640102,9641100,9641100,9640102,9640102
9641096,9640102,9641100,9641100,9640102,9640113
9641096,9640102,9641100,9641100,9640102,9640115
9641096,9640102,9641100,9641100,9640113,9641100
9641096,9640102,9641100,9641100,9640113,9640110
9641096,9640102,9641100,9641100,9640113,9640102
9641096,9640102,9641100,9641100,9640113,9640113
9641096,9640102,9641100,9641100,9640113,9640115
9641096,9640102,9641100,9641100,9640115,9641100
9641096,9640102,9641100,9641100,9640115,9640110
9641096,9640102,9641100,9641100,9640115,9640102
9641096,9640102,9641100,9641100,9640115,9640113
9641096,9640102,9641100,9641100,9640115,9640115
9641096,9640102,9641100,9640110,9641100,9641100
9641096,9640102,9641100,9640110,9641100,9640110
9641096,9640102,9641100,9640110,9641100,9640102
9641096,9640102,9641100,9640110,9641100,9640113
9641096,9640102,9641100,9640110,9641100,9640115
9641096,9640102,9641100,9640110,9640110,9641100
9641096,9640102,9641100,9640110,9640110,9640110
9641096,9640102,9641100,9640110,9640110,9640102
9641096,9640102,9641100,9640110,9640110,9640113
9641096,9640102,9641100,9640110,9640110,9640115
9641096,9640102,9641100,9640110,9640102,9641100
9641096,9640102,9641100,9640110,9640102,9640110
9641096,9640102,9641100,9640110,9640102,9640102
9641096,9640102,9641100,9640110,9640102,9640113
9641096,9640102,9641100,9640110,9640102,9640115
9641096,9640102,9641100,9640110,9640113,9641100
9641096,9640102,9641100,9640110,9640113,9640110
9641096,9640102,9641100,9640110,9640113,9640102
9641096,9640102,9641100,9640110,9640113,9640113
9641096,9640102,9641100,9640110,9640113,9640115
9641096,9640102,9641100,9640110,9640115,9641100
9641096,9640102,9641100,9640110,9640115,9640110
9641096,9640102,9641100,9640110,9640115,9640102
9641096,9640102,9641100,9640110,9640115,9640113
9641096,9640102,9641100,9640110,9640115,9640115
9641096,9640102,9641100,9640102,9641100,9641100
9641096,9640102,9641100,9640102,9641100,9640110
9641096,9640102,9641100,9640102,9641100,9640102
9641096,9640102,9641100,9640102,9641100,9640113
9641096,9640102,9641100,9640102,9641100,9640115
9641096,9640102,9641100,9640102,9640110,9641100
9641096,9640102,9641100,9640102,9640110,9640110
9641096,9640102,9641100,9640102,9640110,9640102
9641096,9640102,9641100,9640102,9640110,9640113
9641096,9640102,9641100,9640102,9640110,9640115
9641096,9640102,9641100,9640102,9640102,9641100
9641096,9640102,9641100,9640102,9640102,9640110
9641096,9640102,9641100,9640102,9640102,9640102
9641096,9640102,9641100,9640102,9640102,9640113
9641096,9640102,9641100,9640102,9640102,9640115
9641096,9640102,9641100,9640102,9640113,9641100
9641096,9640102,9641100,9640102,9640113,9640110
9641096,9640102,9641100,9640102,9640113,9640102
9641096,9640102,9641100,9640102,9640113,9640113
9641096,9640102,9641100,9640102,9640113,9640115
9641096,9640102,9641100,9640102,9640115,9641100
9641096,9640102,9641100,9640102,9640115,9640110
9641096,9640102,9641100,9640102,9640115,9640102
9641096,9640102,9641100,9640102,9640115,9640113
9641096,9640102,9641100,9640102,9640115,9640115
9641096,9640102,9641100,9640113,9641100,9641100
9641096,9640102,9641100,9640113,9641100,9640110
9641096,9640102,9641100,9640113,9641100,9640102
9641096,9640102,9641100,9640113,9641100,9640113
9641096,9640102,9641100,9640113,9641100,9640115
9641096,9640102,9641100,9640113,9640110,9641100
9641096,9640102,9641100,9640113,9640110,9640110
9641096,9640102,9641100,9640113,9640110,9640102
9641096,9640102,9641100,9640113,9640110,9640113
9641096,9640102,9641100,9640113,9640110,9640115
9641096,9640102,9641100,9640113,9640102,9641100
9641096,9640102,9641100,9640113,9640102,9640110
9641096,9640102,9641100,9640113,9640102,9640102
9641096,9640102,9641100,9640113,9640102,9640113
9641096,9640102,9641100,9640113,9640102,9640115
9641096,9640102,9641100,9640113,9640113,9641100
9641096,9640102,9641100,9640113,9640113,9640110
9641096,9640102,9641100,9640113,9640113,9640102
9641096,9640102,9641100,9640113,9640113,9640113
9641096,9640102,9641100,9640113,9640113,9640115
9641096,9640102,9641100,9640113,9640115,9641100
9641096,9640102,9641100,9640113,9640115,9640110
9641096,9640102,9641100,9640113,9640115,9640102
9641096,9640102,9641100,9640113,9640115,9640113
9641096,9640102,9641100,9640113,9640115,9640115
9641096,9640102,9641100,9640115,9641100,9641100
9641096,9640102,9641100,9640115,9641100,9640110
9641096,9640102,9641100,9640115,9641100,9640102
9641096,9640102,9641100,9640115,9641100,9640113
9641096,9640102,9641100,9640115,9641100,9640115
9641096,9640102,9641100,9640115,9640110,9641100
9641096,9640102,9641100,9640115,9640110,9640110
9641096,9640102,9641100,9640115,9640110,9640102
9641096,9640102,9641100,9640115,9640110,9640113
9641096,9640102,9641100,9640115,9640110,9640115
9641096,9640102,9641100,9640115,9640102,9641100
9641096,9640102,9641100,9640115,9640102,9640110
9641096,9640102,9641100,9640115,9640102,9640102
9641096,9640102,9641100,9640115,9640102,9640113
9641096,9640102,9641100,9640115,9640102,9640115
9641096,9640102,9641100,9640115,9640113,9641100
9641096,9640102,9641100,9640115,9640113,9640110
9641096,9640102,9641100,9640115,9640113,9640102
9641096,9640102,9641100,9640115,9640113,9640113
9641096,9640102,9641100,9640115,9640113,9640115
9641096,9640102,9641100,9640115,9640115,9641100
9641096,9640102,9641100,9640115,9640115,9640110
9641096,9640102,9641100,9640115,9640115,9640102
9641096,9640102,9641100,9640115,9640115,9640113
9641096,9640102,9641100,9640115,9640115,9640115
9641096,9640102,9640110,9641100,9641100,9641100
9641096,9640102,9640110,9641100,9641100,9640110
9641096,9640102,9640110,9641100,9641100,9640102
9641096,9640102,9640110,9641100,9641100,9640113
9641096,9640102,9640110,9641100,9641100,9640115
9641096,9640102,9640110,9641100,9640110,9641100
9641096,9640102,9640110,9641100,9640110,9640110
9641096,9640102,9640110,9641100,9640110,9640102
9641096,9640102,9640110,9641100,9640110,9640113
9641096,9640102,9640110,9641100,9640110,9640115
9641096,9640102,9640110,9641100,9640102,9641100
9641096,9640102,9640110,9641100,9640102,9640110
9641096,9640102,9640110,9641100,9640102,9640102
9641096,9640102,9640110,9641100,9640102,9640113
9641096,9640102,9640110,9641100,9640102,9640115
9641096,9640102,9640110,9641100,9640113,9641100
9641096,9640102,9640110,9641100,9640113,9640110
9641096,9640102,9640110,9641100,9640113,9640102
9641096,9640102,9640110,9641100,9640113,9640113
9641096,9640102,9640110,9641100,9640113,9640115
9641096,9640102,9640110,9641100,9640115,9641100
9641096,9640102,9640110,9641100,9640115,9640110
9641096,9640102,9640110,9641100,9640115,9640102
9641096,9640102,9640110,9641100,9640115,9640113
9641096,9640102,9640110,9641100,9640115,9640115
9641096,9640102,9640110,9640110,9641100,9641100
9641096,9640102,9640110,9640110,9641100,9640110
9641096,9640102,9640110,9640110,9641100,9640102
9641096,9640102,9640110,9640110,9641100,9640113
9641096,9640102,9640110,9640110,9641100,9640115
9641096,9640102,9640110,9640110,9640110,9641100
9641096,9640102,9640110,9640110,9640110,9640110
9641096,9640102,9640110,9640110,9640110,9640102
9641096,9640102,9640110,9640110,9640110,9640113
9641096,9640102,9640110,9640110,9640110,9640115
9641096,9640102,9640110,9640110,9640102,9641100
9641096,9640102,9640110,9640110,9640102,9640110
9641096,9640102,9640110,9640110,9640102,9640102
9641096,9640102,9640110,9640110,9640102,9640113
9641096,9640102,9640110,9640110,9640102,9640115
9641096,9640102,9640110,9640110,9640113,9641100
9641096,9640102,9640110,9640110,9640113,9640110
9641096,9640102,9640110,9640110,9640113,9640102
9641096,9640102,9640110,9640110,9640113,9640113
9641096,9640102,9640110,9640110,9640113,9640115
9641096,9640102,9640110,9640110,9640115,9641100
9641096,9640102,9640110,9640110,9640115,9640110
9641096,9640102,9640110,9640110,9640115,9640102
9641096,9640102,9640110,9640110,9640115,9640113
9641096,9640102,9640110,9640110,9640115,9640115
9641096,9640102,9640110,9640102,9641100,9641100
9641096,9640102,9640110,9640102,9641100,9640110
9641096,9640102,9640110,9640102,9641100,9640102
9641096,9640102,9640110,9640102,9641100,9640113
9641096,9640102,9640110,9640102,9641100,9640115
9641096,9640102,9640110,9640102,9640110,9641100
9641096,9640102,9640110,9640102,9640110,9640110
9641096,9640102,9640110,9640102,9640110,9640102
9641096,9640102,9640110,9640102,9640110,9640113
9641096,9640102,9640110,9640102,9640110,9640115
9641096,9640102,9640110,9640102,9640102,9641100
9641096,9640102,9640110,9640102,9640102,9640110
9641096,9640102,9640110,9640102,9640102,9640102
9641096,9640102,9640110,9640102,9640102,9640113
9641096,9640102,9640110,9640102,9640102,9640115
9641096,9640102,9640110,9640102,9640113,9641100
9641096,9640102,9640110,9640102,9640113,9640110
9641096,9640102,9640110,9640102,9640113,9640102
9641096,9640102,9640110,9640102,9640113,9640113
9641096,9640102,9640110,9640102,9640113,9640115
9641096,9640102,9640110,9640102,9640115,9641100
9641096,9640102,9640110,9640102,9640115,9640110
9641096,9640102,9640110,9640102,9640115,9640102
9641096,9640102,9640110,9640102,9640115,9640113
9641096,9640102,9640110,9640102,9640115,9640115
9641096,9640102,9640110,9640113,9641100,9641100
9641096,9640102,9640110,9640113,9641100,9640110
9641096,9640102,9640110,9640113,9641100,9640102
9641096,9640102,9640110,9640113,9641100,9640113
9641096,9640102,9640110,9640113,9641100,9640115
9641096,9640102,9640110,9640113,9640110,9641100
9641096,9640102,9640110,9640113,9640110,9640110
9641096,9640102,9640110,9640113,9640110,9640102
9641096,9640102,9640110,9640113,9640110,9640113
9641096,9640102,9640110,9640113,9640110,9640115
9641096,9640102,9640110,9640113,9640102,9641100
9641096,9640102,9640110,9640113,9640102,9640110
9641096,9640102,9640110,9640113,9640102,9640102
9641096,9640102,9640110,9640113,9640102,9640113
9641096,9640102,9640110,9640113,9640102,9640115
9641096,9640102,9640110,9640113,9640113,9641100
9641096,9640102,9640110,9640113,9640113,9640110
9641096,9640102,9640110,9640113,9640113,9640102
9641096,9640102,9640110,9640113,9640113,9640113
9641096,9640102,9640110,9640113,9640113,9640115
9641096,9640102,9640110,9640113,9640115,9641100
9641096,9640102,9640110,9640113,9640115,9640110
9641096,9640102,9640110,9640113,9640115,9640102
9641096,9640102,9640110,9640113,9640115,9640113
9641096,9640102,9640110,9640113,9640115,9640115
9641096,9640102,9640110,9640115,9641100,9641100
9641096,9640102,9640110,9640115,9641100,9640110
9641096,9640102,9640110,9640115,9641100,9640102
9641096,9640102,9640110,9640115,9641100,9640113
9641096,9640102,9640110,9640115,9641100,9640115
9641096,9640102,9640110,9640115,9640110,9641100
9641096,9640102,9640110,9640115,9640110,9640110
9641096,9640102,9640110,9640115,9640110,9640102
9641096,9640102,9640110,9640115,9640110,9640113
9641096,9640102,9640110,9640115,9640110,9640115
9641096,9640102,9640110,9640115,9640102,9641100
9641096,9640102,9640110,9640115,9640102,9640110
9641096,9640102,9640110,9640115,9640102,9640102
9641096,9640102,9640110,9640115,9640102,9640113
9641096,9640102,9640110,9640115,9640102,9640115
9641096,9640102,9640110,9640115,9640113,9641100
9641096,9640102,9640110,9640115,9640113,9640110
9641096,9640102,9640110,9640115,9640113,9640102
9641096,9640102,9640110,9640115,9640113,9640113
9641096,9640102,9640110,9640115,9640113,9640115
9641096,9640102,9640110,9640115,9640115,9641100
9641096,9640102,9640110,9640115,9640115,9640110
9641096,9640102,9640110,9640115,9640115,9640102
9641096,9640102,9640110,9640115,9640115,9640113
9641096,9640102,9640110,9640115,9640115,9640115
9641096,9640102,9640102,9641100,9641100,9641100
9641096,9640102,9640102,9641100,9641100,9640110
9641096,9640102,9640102,9641100,9641100,9640102
9641096,9640102,9640102,9641100,9641100,9640113
9641096,9640102,9640102,9641100,9641100,9640115
9641096,9640102,9640102,9641100,9640110,9641100
9641096,9640102,9640102,9641100,9640110,9640110
9641096,9640102,9640102,9641100,9640110,9640102
9641096,9640102,9640102,9641100,9640110,9640113
9641096,9640102,9640102,9641100,9640110,9640115
9641096,9640102,9640102,9641100,9640102,9641100
9641096,9640102,9640102,9641100,9640102,9640110
9641096,9640102,9640102,9641100,9640102,9640102
9641096,9640102,9640102,9641100,9640102,9640113
9641096,9640102,9640102,9641100,9640102,9640115
9641096,9640102,9640102,9641100,9640113,9641100
9641096,9640102,9640102,9641100,9640113,9640110
9641096,9640102,9640102,9641100,9640113,9640102
9641096,9640102,9640102,9641100,9640113,9640113
9641096,9640102,9640102,9641100,9640113,9640115
9641096,9640102,9640102,9641100,9640115,9641100
9641096,9640102,9640102,9641100,9640115,9640110
9641096,9640102,9640102,9641100,9640115,9640102
9641096,9640102,9640102,9641100,9640115,9640113
9641096,9640102,9640102,9641100,9640115,9640115
9641096,9640102,9640102,9640110,9641100,9641100
9641096,9640102,9640102,9640110,9641100,9640110
9641096,9640102,9640102,9640110,9641100,9640102
9641096,9640102,9640102,9640110,9641100,9640113
9641096,9640102,9640102,9640110,9641100,9640115
9641096,9640102,9640102,9640110,9640110,9641100
9641096,9640102,9640102,9640110,9640110,9640110
9641096,9640102,9640102,9640110,9640110,9640102
9641096,9640102,9640102,9640110,9640110,9640113
9641096,9640102,9640102,9640110,9640110,9640115
9641096,9640102,9640102,9640110,9640102,9641100
9641096,9640102,9640102,9640110,9640102,9640110
9641096,9640102,9640102,9640110,9640102,9640102
9641096,9640102,9640102,9640110,9640102,9640113
9641096,9640102,9640102,9640110,9640102,9640115
9641096,9640102,9640102,9640110,9640113,9641100
9641096,9640102,9640102,9640110,9640113,9640110
9641096,9640102,9640102,9640110,9640113,9640102
9641096,9640102,9640102,9640110,9640113,9640113
9641096,9640102,9640102,9640110,9640113,9640115
9641096,9640102,9640102,9640110,9640115,9641100
9641096,9640102,9640102,9640110,9640115,9640110
9641096,9640102,9640102,9640110,9640115,9640102
9641096,9640102,9640102,9640110,9640115,9640113
9641096,9640102,9640102,9640110,9640115,9640115
9641096,9640102,9640102,9640102,9641100,9641100
9641096,9640102,9640102,9640102,9641100,9640110
9641096,9640102,9640102,9640102,9641100,9640102
9641096,9640102,9640102,9640102,9641100,9640113
9641096,9640102,9640102,9640102,9641100,9640115
9641096,9640102,9640102,9640102,9640110,9641100
9641096,9640102,9640102,9640102,9640110,9640110
9641096,9640102,9640102,9640102,9640110,9640102
9641096,9640102,9640102,9640102,9640110,9640113
9641096,9640102,9640102,9640102,9640110,9640115
9641096,9640102,9640102,9640102,9640102,9641100
9641096,9640102,9640102,9640102,9640102,9640110
9641096,9640102,9640102,9640102,9640102,9640102
9641096,9640102,9640102,9640102,9640102,9640113
9641096,9640102,9640102,9640102,9640102,9640115
9641096,9640102,9640102,9640102,9640113,9641100
9641096,9640102,9640102,9640102,9640113,9640110
9641096,9640102,9640102,9640102,9640113,9640102
9641096,9640102,9640102,9640102,9640113,9640113
9641096,9640102,9640102,9640102,9640113,9640115
9641096,9640102,9640102,9640102,9640115,9641100
9641096,9640102,9640102,9640102,9640115,9640110
9641096,9640102,9640102,9640102,9640115,9640102
9641096,9640102,9640102,9640102,9640115,9640113
9641096,9640102,9640102,9640102,9640115,9640115
9641096,9640102,9640102,9640113,9641100,9641100
9641096,9640102,9640102,9640113,9641100,9640110
9641096,9640102,9640102,9640113,9641100,9640102
9641096,9640102,9640102,9640113,9641100,9640113
9641096,9640102,9640102,9640113,9641100,9640115
9641096,9640102,9640102,9640113,9640110,9641100
9641096,9640102,9640102,9640113,9640110,9640110
9641096,9640102,9640102,9640113,9640110,9640102
9641096,9640102,9640102,9640113,9640110,9640113
9641096,9640102,9640102,9640113,9640110,9640115
9641096,9640102,9640102,9640113,9640102,9641100
9641096,9640102,9640102,9640113,9640102,9640110
9641096,9640102,9640102,9640113,9640102,9640102
9641096,9640102,9640102,9640113,9640102,9640113
9641096,9640102,9640102,9640113,9640102,9640115
9641096,9640102,9640102,9640113,9640113,9641100
9641096,9640102,9640102,9640113,9640113,9640110
9641096,9640102,9640102,9640113,9640113,9640102
9641096,9640102,9640102,9640113,9640113,9640113
9641096,9640102,9640102,9640113,9640113,9640115
9641096,9640102,9640102,9640113,9640115,9641100
9641096,9640102,9640102,9640113,9640115,9640110
9641096,9640102,9640102,9640113,9640115,9640102
9641096,9640102,9640102,9640113,9640115,9640113
9641096,9640102,9640102,9640113,9640115,9640115
9641096,9640102,9640102,9640115,9641100,9641100
9641096,9640102,9640102,9640115,9641100,9640110
9641096,9640102,9640102,9640115,9641100,9640102
9641096,9640102,9640102,9640115,9641100,9640113
9641096,9640102,9640102,9640115,9641100,9640115
9641096,9640102,9640102,9640115,9640110,9641100
9641096,9640102,9640102,9640115,9640110,9640110
9641096,9640102,9640102,9640115,9640110,9640102
9641096,9640102,9640102,9640115,9640110,9640113
9641096,9640102,9640102,9640115,9640110,9640115
9641096,9640102,9640102,9640115,9640102,9641100
9641096,9640102,9640102,9640115,9640102,9640110
9641096,9640102,9640102,9640115,9640102,9640102
9641096,9640102,9640102,9640115,9640102,9640113
9641096,9640102,9640102,9640115,9640102,9640115
9641096,9640102,9640102,9640115,9640113,9641100
9641096,9640102,9640102,9640115,9640113,9640110
9641096,9640102,9640102,9640115,9640113,9640102
9641096,9640102,9640102,9640115,9640113,9640113
9641096,9640102,9640102,9640115,9640113,9640115
9641096,9640102,9640102,9640115,9640115,9641100
9641096,9640102,9640102,9640115,9640115,9640110
9641096,9640102,9640102,9640115,9640115,9640102
9641096,9640102,9640102,9640115,9640115,9640113
9641096,9640102,9640102,9640115,9640115,9640115
9641096,9640102,9640113,9641100,9641100,9641100
9641096,9640102,9640113,9641100,9641100,9640110
9641096,9640102,9640113,9641100,9641100,9640102
9641096,9640102,9640113,9641100,9641100,9640113
9641096,9640102,9640113,9641100,9641100,9640115
9641096,9640102,9640113,9641100,9640110,9641100
9641096,9640102,9640113,9641100,9640110,9640110
9641096,9640102,9640113,9641100,9640110,9640102
9641096,9640102,9640113,9641100,9640110,9640113
9641096,9640102,9640113,9641100,9640110,9640115
9641096,9640102,9640113,9641100,9640102,9641100
9641096,9640102,9640113,9641100,9640102,9640110
9641096,9640102,9640113,9641100,9640102,9640102
9641096,9640102,9640113,9641100,9640102,9640113
9641096,9640102,9640113,9641100,9640102,9640115
9641096,9640102,9640113,9641100,9640113,9641100
9641096,9640102,9640113,9641100,9640113,9640110
9641096,9640102,9640113,9641100,9640113,9640102
9641096,9640102,9640113,9641100,9640113,9640113
9641096,9640102,9640113,9641100,9640113,9640115
9641096,9640102,9640113,9641100,9640115,9641100
9641096,9640102,9640113,9641100,9640115,9640110
9641096,9640102,9640113,9641100,9640115,9640102
9641096,9640102,9640113,9641100,9640115,9640113
9641096,9640102,9640113,9641100,9640115,9640115
9641096,9640102,9640113,9640110,9641100,9641100
9641096,9640102,9640113,9640110,9641100,9640110
9641096,9640102,9640113,9640110,9641100,9640102
9641096,9640102,9640113,9640110,9641100,9640113
9641096,9640102,9640113,9640110,9641100,9640115
9641096,9640102,9640113,9640110,9640110,9641100
9641096,9640102,9640113,9640110,9640110,9640110
9641096,9640102,9640113,9640110,9640110,9640102
9641096,9640102,9640113,9640110,9640110,9640113
9641096,9640102,9640113,9640110,9640110,9640115
9641096,9640102,9640113,9640110,9640102,9641100
9641096,9640102,9640113,9640110,9640102,9640110
9641096,9640102,9640113,9640110,9640102,9640102
9641096,9640102,9640113,9640110,9640102,9640113
9641096,9640102,9640113,9640110,9640102,9640115
9641096,9640102,9640113,9640110,9640113,9641100
9641096,9640102,9640113,9640110,9640113,9640110
9641096,9640102,9640113,9640110,9640113,9640102
9641096,9640102,9640113,9640110,9640113,9640113
9641096,9640102,9640113,9640110,9640113,9640115
9641096,9640102,9640113,9640110,9640115,9641100
9641096,9640102,9640113,9640110,9640115,9640110
9641096,9640102,9640113,9640110,9640115,9640102
9641096,9640102,9640113,9640110,9640115,9640113
9641096,9640102,9640113,9640110,9640115,9640115
9641096,9640102,9640113,9640102,9641100,9641100
9641096,9640102,9640113,9640102,9641100,9640110
9641096,9640102,9640113,9640102,9641100,9640102
9641096,9640102,9640113,9640102,9641100,9640113
9641096,9640102,9640113,9640102,9641100,9640115
9641096,9640102,9640113,9640102,9640110,9641100
9641096,9640102,9640113,9640102,9640110,9640110
9641096,9640102,9640113,9640102,9640110,9640102
9641096,9640102,9640113,9640102,9640110,9640113
9641096,9640102,9640113,9640102,9640110,9640115
9641096,9640102,9640113,9640102,9640102,9641100
9641096,9640102,9640113,9640102,9640102,9640110
9641096,9640102,9640113,9640102,9640102,9640102
9641096,9640102,9640113,9640102,9640102,9640113
9641096,9640102,9640113,9640102,9640102,9640115
9641096,9640102,9640113,9640102,9640113,9641100
9641096,9640102,9640113,9640102,9640113,9640110
9641096,9640102,9640113,9640102,9640113,9640102
9641096,9640102,9640113,9640102,9640113,9640113
9641096,9640102,9640113,9640102,9640113,9640115
9641096,9640102,9640113,9640102,9640115,9641100
9641096,9640102,9640113,9640102,9640115,9640110
9641096,9640102,9640113,9640102,9640115,9640102
9641096,9640102,9640113,9640102,9640115,9640113
9641096,9640102,9640113,9640102,9640115,9640115
9641096,9640102,9640113,9640113,9641100,9641100
9641096,9640102,9640113,9640113,9641100,9640110
9641096,9640102,9640113,9640113,9641100,9640102
9641096,9640102,9640113,9640113,9641100,9640113
9641096,9640102,9640113,9640113,9641100,9640115
9641096,9640102,9640113,9640113,9640110,9641100
9641096,9640102,9640113,9640113,9640110,9640110
9641096,9640102,9640113,9640113,9640110,9640102
9641096,9640102,9640113,9640113,9640110,9640113
9641096,9640102,9640113,9640113,9640110,9640115
9641096,9640102,9640113,9640113,9640102,9641100
9641096,9640102,9640113,9640113,9640102,9640110
9641096,9640102,9640113,9640113,9640102,9640102
9641096,9640102,9640113,9640113,9640102,9640113
9641096,9640102,9640113,9640113,9640102,9640115
9641096,9640102,9640113,9640113,9640113,9641100
9641096,9640102,9640113,9640113,9640113,9640110
9641096,9640102,9640113,9640113,9640113,9640102
9641096,9640102,9640113,9640113,9640113,9640113
9641096,9640102,9640113,9640113,9640113,9640115
9641096,9640102,9640113,9640113,9640115,9641100
9641096,9640102,9640113,9640113,9640115,9640110
9641096,9640102,9640113,9640113,9640115,9640102
9641096,9640102,9640113,9640113,9640115,9640113
9641096,9640102,9640113,9640113,9640115,9640115
9641096,9640102,9640113,9640115,9641100,9641100
9641096,9640102,9640113,9640115,9641100,9640110
9641096,9640102,9640113,9640115,9641100,9640102
9641096,9640102,9640113,9640115,9641100,9640113
9641096,9640102,9640113,9640115,9641100,9640115
9641096,9640102,9640113,9640115,9640110,9641100
9641096,9640102,9640113,9640115,9640110,9640110
9641096,9640102,9640113,9640115,9640110,9640102
9641096,9640102,9640113,9640115,9640110,9640113
9641096,9640102,9640113,9640115,9640110,9640115
9641096,9640102,9640113,9640115,9640102,9641100
9641096,9640102,9640113,9640115,9640102,9640110
9641096,9640102,9640113,9640115,9640102,9640102
9641096,9640102,9640113,9640115,9640102,9640113
9641096,9640102,9640113,9640115,9640102,9640115
9641096,9640102,9640113,9640115,9640113,9641100
9641096,9640102,9640113,9640115,9640113,9640110
9641096,9640102,9640113,9640115,9640113,9640102
9641096,9640102,9640113,9640115,9640113,9640113
9641096,9640102,9640113,9640115,9640113,9640115
9641096,9640102,9640113,9640115,9640115,9641100
9641096,9640102,9640113,9640115,9640115,9640110
9641096,9640102,9640113,9640115,9640115,9640102
9641096,9640102,9640113,9640115,9640115,9640113
9641096,9640102,9640113,9640115,9640115,9640115
9641096,9640102,9640115,9641100,9641100,9641100
9641096,9640102,9640115,9641100,9641100,9640110
9641096,9640102,9640115,9641100,9641100,9640102
9641096,9640102,9640115,9641100,9641100,9640113
9641096,9640102,9640115,9641100,9641100,9640115
9641096,9640102,9640115,9641100,9640110,9641100
9641096,9640102,9640115,9641100,9640110,9640110
9641096,9640102,9640115,9641100,9640110,9640102
9641096,9640102,9640115,9641100,9640110,9640113
9641096,9640102,9640115,9641100,9640110,9640115
9641096,9640102,9640115,9641100,9640102,9641100
9641096,9640102,9640115,9641100,9640102,9640110
9641096,9640102,9640115,9641100,9640102,9640102
9641096,9640102,9640115,9641100,9640102,9640113
9641096,9640102,9640115,9641100,9640102,9640115
9641096,9640102,9640115,9641100,9640113,9641100
9641096,9640102,9640115,9641100,9640113,9640110
9641096,9640102,9640115,9641100,9640113,9640102
9641096,9640102,9640115,9641100,9640113,9640113
9641096,9640102,9640115,9641100,9640113,9640115
9641096,9640102,9640115,9641100,9640115,9641100
9641096,9640102,9640115,9641100,9640115,9640110
9641096,9640102,9640115,9641100,9640115,9640102
9641096,9640102,9640115,9641100,9640115,9640113
9641096,9640102,9640115,9641100,9640115,9640115
9641096,9640102,9640115,9640110,9641100,9641100
9641096,9640102,9640115,9640110,9641100,9640110
9641096,9640102,9640115,9640110,9641100,9640102
9641096,9640102,9640115,9640110,9641100,9640113
9641096,9640102,9640115,9640110,9641100,9640115
9641096,9640102,9640115,9640110,9640110,9641100
9641096,9640102,9640115,9640110,9640110,9640110
9641096,9640102,9640115,9640110,9640110,9640102
9641096,9640102,9640115,9640110,9640110,9640113
9641096,9640102,9640115,9640110,9640110,9640115
9641096,9640102,9640115,9640110,9640102,9641100
9641096,9640102,9640115,9640110,9640102,9640110
9641096,9640102,9640115,9640110,9640102,9640102
9641096,9640102,9640115,9640110,9640102,9640113
9641096,9640102,9640115,9640110,9640102,9640115
9641096,9640102,9640115,9640110,9640113,9641100
9641096,9640102,9640115,9640110,9640113,9640110
9641096,9640102,9640115,9640110,9640113,9640102
9641096,9640102,9640115,9640110,9640113,9640113
9641096,9640102,9640115,9640110,9640113,9640115
9641096,9640102,9640115,9640110,9640115,9641100
9641096,9640102,9640115,9640110,9640115,9640110
9641096,9640102,9640115,9640110,9640115,9640102
9641096,9640102,9640115,9640110,9640115,9640113
9641096,9640102,9640115,9640110,9640115,9640115
9641096,9640102,9640115,9640102,9641100,9641100
9641096,9640102,9640115,9640102,9641100,9640110
9641096,9640102,9640115,9640102,9641100,9640102
9641096,9640102,9640115,9640102,9641100,9640113
9641096,9640102,9640115,9640102,9641100,9640115
9641096,9640102,9640115,9640102,9640110,9641100
9641096,9640102,9640115,9640102,9640110,9640110
9641096,9640102,9640115,9640102,9640110,9640102
9641096,9640102,9640115,9640102,9640110,9640113
9641096,9640102,9640115,9640102,9640110,9640115
9641096,9640102,9640115,9640102,9640102,9641100
9641096,9640102,9640115,9640102,9640102,9640110
9641096,9640102,9640115,9640102,9640102,9640102
9641096,9640102,9640115,9640102,9640102,9640113
9641096,9640102,9640115,9640102,9640102,9640115
9641096,9640102,9640115,9640102,9640113,9641100
9641096,9640102,9640115,9640102,9640113,9640110
9641096,9640102,9640115,9640102,9640113,9640102
9641096,9640102,9640115,9640102,9640113,9640113
9641096,9640102,9640115,9640102,9640113,9640115
9641096,9640102,9640115,9640102,9640115,9641100
9641096,9640102,9640115,9640102,9640115,9640110
9641096,9640102,9640115,9640102,9640115,9640102
9641096,9640102,9640115,9640102,9640115,9640113
9641096,9640102,9640115,9640102,9640115,9640115
9641096,9640102,9640115,9640113,9641100,9641100
9641096,9640102,9640115,9640113,9641100,9640110
9641096,9640102,9640115,9640113,9641100,9640102
9641096,9640102,9640115,9640113,9641100,9640113
9641096,9640102,9640115,9640113,9641100,9640115
9641096,9640102,9640115,9640113,9640110,9641100
9641096,9640102,9640115,9640113,9640110,9640110
9641096,9640102,9640115,9640113,9640110,9640102
9641096,9640102,9640115,9640113,9640110,9640113
9641096,9640102,9640115,9640113,9640110,9640115
9641096,9640102,9640115,9640113,9640102,9641100
9641096,9640102,9640115,9640113,9640102,9640110
9641096,9640102,9640115,9640113,9640102,9640102
9641096,9640102,9640115,9640113,9640102,9640113
9641096,9640102,9640115,9640113,9640102,9640115
9641096,9640102,9640115,9640113,9640113,9641100
9641096,9640102,9640115,9640113,9640113,9640110
9641096,9640102,9640115,9640113,9640113,9640102
9641096,9640102,9640115,9640113,9640113,9640113
9641096,9640102,9640115,9640113,9640113,9640115
9641096,9640102,9640115,9640113,9640115,9641100
9641096,9640102,9640115,9640113,9640115,9640110
9641096,9640102,9640115,9640113,9640115,9640102
9641096,9640102,9640115,9640113,9640115,9640113
9641096,9640102,9640115,9640113,9640115,9640115
9641096,9640102,9640115,9640115,9641100,9641100
9641096,9640102,9640115,9640115,9641100,9640110
9641096,9640102,9640115,9640115,9641100,9640102
9641096,9640102,9640115,9640115,9641100,9640113
9641096,9640102,9640115,9640115,9641100,9640115
9641096,9640102,9640115,9640115,9640110,9641100
9641096,9640102,9640115,9640115,9640110,9640110
9641096,9640102,9640115,9640115,9640110,9640102
9641096,9640102,9640115,9640115,9640110,9640113
9641096,9640102,9640115,9640115,9640110,9640115
9641096,9640102,9640115,9640115,9640102,9641100
9641096,9640102,9640115,9640115,9640102,9640110
9641096,9640102,9640115,9640115,9640102,9640102
9641096,9640102,9640115,9640115,9640102,9640113
9641096,9640102,9640115,9640115,9640102,9640115
9641096,9640102,9640115,9640115,9640113,9641100
9641096,9640102,9640115,9640115,9640113,9640110
9641096,9640102,9640115,9640115,9640113,9640102
9641096,9640102,9640115,9640115,9640113,9640113
9641096,9640102,9640115,9640115,9640113,9640115
9641096,9640102,9640115,9640115,9640115,9641100
9641096,9640102,9640115,9640115,9640115,9640110
9641096,9640102,9640115,9640115,9640115,9640102
9641096,9640102,9640115,9640115,9640115,9640113
9641096,9640102,9640115,9640115,9640115,9640115
9641096,9640113,9641100,9641100,9641100,9641100
9641096,9640113,9641100,9641100,9641100,9640110
9641096,9640113,9641100,9641100,9641100,9640102
9641096,9640113,9641100,9641100,9641100,9640113
9641096,9640113,9641100,9641100,9641100,9640115
9641096,9640113,9641100,9641100,9640110,9641100
9641096,9640113,9641100,9641100,9640110,9640110
9641096,9640113,9641100,9641100,9640110,9640102
9641096,9640113,9641100,9641100,9640110,9640113
9641096,9640113,9641100,9641100,9640110,9640115
9641096,9640113,9641100,9641100,9640102,9641100
9641096,9640113,9641100,9641100,9640102,9640110
9641096,9640113,9641100,9641100,9640102,9640102
9641096,9640113,9641100,9641100,9640102,9640113
9641096,9640113,9641100,9641100,9640102,9640115
9641096,9640113,9641100,9641100,9640113,9641100
9641096,9640113,9641100,9641100,9640113,9640110
9641096,9640113,9641100,9641100,9640113,9640102
9641096,9640113,9641100,9641100,9640113,9640113
9641096,9640113,9641100,9641100,9640113,9640115
9641096,9640113,9641100,9641100,9640115,9641100
9641096,9640113,9641100,9641100,9640115,9640110
9641096,9640113,9641100,9641100,9640115,9640102
9641096,9640113,9641100,9641100,9640115,9640113
9641096,9640113,9641100,9641100,9640115,9640115
9641096,9640113,9641100,9640110,9641100,9641100
9641096,9640113,9641100,9640110,9641100,9640110
9641096,9640113,9641100,9640110,9641100,9640102
9641096,9640113,9641100,9640110,9641100,9640113
9641096,9640113,9641100,9640110,9641100,9640115
9641096,9640113,9641100,9640110,9640110,9641100
9641096,9640113,9641100,9640110,9640110,9640110
9641096,9640113,9641100,9640110,9640110,9640102
9641096,9640113,9641100,9640110,9640110,9640113
9641096,9640113,9641100,9640110,9640110,9640115
9641096,9640113,9641100,9640110,9640102,9641100
9641096,9640113,9641100,9640110,9640102,9640110
9641096,9640113,9641100,9640110,9640102,9640102
9641096,9640113,9641100,9640110,9640102,9640113
9641096,9640113,9641100,9640110,9640102,9640115
9641096,9640113,9641100,9640110,9640113,9641100
9641096,9640113,9641100,9640110,9640113,9640110
9641096,9640113,9641100,9640110,9640113,9640102
9641096,9640113,9641100,9640110,9640113,9640113
9641096,9640113,9641100,9640110,9640113,9640115
9641096,9640113,9641100,9640110,9640115,9641100
9641096,9640113,9641100,9640110,9640115,9640110
9641096,9640113,9641100,9640110,9640115,9640102
9641096,9640113,9641100,9640110,9640115,9640113
9641096,9640113,9641100,9640110,9640115,9640115
9641096,9640113,9641100,9640102,9641100,9641100
9641096,9640113,9641100,9640102,9641100,9640110
9641096,9640113,9641100,9640102,9641100,9640102
9641096,9640113,9641100,9640102,9641100,9640113
9641096,9640113,9641100,9640102,9641100,9640115
9641096,9640113,9641100,9640102,9640110,9641100
9641096,9640113,9641100,9640102,9640110,9640110
9641096,9640113,9641100,9640102,9640110,9640102
9641096,9640113,9641100,9640102,9640110,9640113
9641096,9640113,9641100,9640102,9640110,9640115
9641096,9640113,9641100,9640102,9640102,9641100
9641096,9640113,9641100,9640102,9640102,9640110
9641096,9640113,9641100,9640102,9640102,9640102
9641096,9640113,9641100,9640102,9640102,9640113
9641096,9640113,9641100,9640102,9640102,9640115
9641096,9640113,9641100,9640102,9640113,9641100
9641096,9640113,9641100,9640102,9640113,9640110
9641096,9640113,9641100,9640102,9640113,9640102
9641096,9640113,9641100,9640102,9640113,9640113
9641096,9640113,9641100,9640102,9640113,9640115
9641096,9640113,9641100,9640102,9640115,9641100
9641096,9640113,9641100,9640102,9640115,9640110
9641096,9640113,9641100,9640102,9640115,9640102
9641096,9640113,9641100,9640102,9640115,9640113
9641096,9640113,9641100,9640102,9640115,9640115
9641096,9640113,9641100,9640113,9641100,9641100
9641096,9640113,9641100,9640113,9641100,9640110
9641096,9640113,9641100,9640113,9641100,9640102
9641096,9640113,9641100,9640113,9641100,9640113
9641096,9640113,9641100,9640113,9641100,9640115
9641096,9640113,9641100,9640113,9640110,9641100
9641096,9640113,9641100,9640113,9640110,9640110
9641096,9640113,9641100,9640113,9640110,9640102
9641096,9640113,9641100,9640113,9640110,9640113
9641096,9640113,9641100,9640113,9640110,9640115
9641096,9640113,9641100,9640113,9640102,9641100
9641096,9640113,9641100,9640113,9640102,9640110
9641096,9640113,9641100,9640113,9640102,9640102
9641096,9640113,9641100,9640113,9640102,9640113
9641096,9640113,9641100,9640113,9640102,9640115
9641096,9640113,9641100,9640113,9640113,9641100
9641096,9640113,9641100,9640113,9640113,9640110
9641096,9640113,9641100,9640113,9640113,9640102
9641096,9640113,9641100,9640113,9640113,9640113
9641096,9640113,9641100,9640113,9640113,9640115
9641096,9640113,9641100,9640113,9640115,9641100
9641096,9640113,9641100,9640113,9640115,9640110
9641096,9640113,9641100,9640113,9640115,9640102
9641096,9640113,9641100,9640113,9640115,9640113
9641096,9640113,9641100,9640113,9640115,9640115
9641096,9640113,9641100,9640115,9641100,9641100
9641096,9640113,9641100,9640115,9641100,9640110
9641096,9640113,9641100,9640115,9641100,9640102
9641096,9640113,9641100,9640115,9641100,9640113
9641096,9640113,9641100,9640115,9641100,9640115
9641096,9640113,9641100,9640115,9640110,9641100
9641096,9640113,9641100,9640115,9640110,9640110
9641096,9640113,9641100,9640115,9640110,9640102
9641096,9640113,9641100,9640115,9640110,9640113
9641096,9640113,9641100,9640115,9640110,9640115
9641096,9640113,9641100,9640115,9640102,9641100
9641096,9640113,9641100,9640115,9640102,9640110
9641096,9640113,9641100,9640115,9640102,9640102
9641096,9640113,9641100,9640115,9640102,9640113
9641096,9640113,9641100,9640115,9640102,9640115
9641096,9640113,9641100,9640115,9640113,9641100
9641096,9640113,9641100,9640115,9640113,9640110
9641096,9640113,9641100,9640115,9640113,9640102
9641096,9640113,9641100,9640115,9640113,9640113
9641096,9640113,9641100,9640115,9640113,9640115
9641096,9640113,9641100,9640115,9640115,9641100
9641096,9640113,9641100,9640115,9640115,9640110
9641096,9640113,9641100,9640115,9640115,9640102
9641096,9640113,9641100,9640115,9640115,9640113
9641096,9640113,9641100,9640115,9640115,9640115
9641096,9640113,9640110,9641100,9641100,9641100
9641096,9640113,9640110,9641100,9641100,9640110
9641096,9640113,9640110,9641100,9641100,9640102
9641096,9640113,9640110,9641100,9641100,9640113
9641096,9640113,9640110,9641100,9641100,9640115
9641096,9640113,9640110,9641100,9640110,9641100
9641096,9640113,9640110,9641100,9640110,9640110
9641096,9640113,9640110,9641100,9640110,9640102
9641096,9640113,9640110,9641100,9640110,9640113
9641096,9640113,9640110,9641100,9640110,9640115
9641096,9640113,9640110,9641100,9640102,9641100
9641096,9640113,9640110,9641100,9640102,9640110
9641096,9640113,9640110,9641100,9640102,9640102
9641096,9640113,9640110,9641100,9640102,9640113
9641096,9640113,9640110,9641100,9640102,9640115
9641096,9640113,9640110,9641100,9640113,9641100
9641096,9640113,9640110,9641100,9640113,9640110
9641096,9640113,9640110,9641100,9640113,9640102
9641096,9640113,9640110,9641100,9640113,9640113
9641096,9640113,9640110,9641100,9640113,9640115
9641096,9640113,9640110,9641100,9640115,9641100
9641096,9640113,9640110,9641100,9640115,9640110
9641096,9640113,9640110,9641100,9640115,9640102
9641096,9640113,9640110,9641100,9640115,9640113
9641096,9640113,9640110,9641100,9640115,9640115
9641096,9640113,9640110,9640110,9641100,9641100
9641096,9640113,9640110,9640110,9641100,9640110
9641096,9640113,9640110,9640110,9641100,9640102
9641096,9640113,9640110,9640110,9641100,9640113
9641096,9640113,9640110,9640110,9641100,9640115
9641096,9640113,9640110,9640110,9640110,9641100
9641096,9640113,9640110,9640110,9640110,9640110
9641096,9640113,9640110,9640110,9640110,9640102
9641096,9640113,9640110,9640110,9640110,9640113
9641096,9640113,9640110,9640110,9640110,9640115
9641096,9640113,9640110,9640110,9640102,9641100
9641096,9640113,9640110,9640110,9640102,9640110
9641096,9640113,9640110,9640110,9640102,9640102
9641096,9640113,9640110,9640110,9640102,9640113
9641096,9640113,9640110,9640110,9640102,9640115
9641096,9640113,9640110,9640110,9640113,9641100
9641096,9640113,9640110,9640110,9640113,9640110
9641096,9640113,9640110,9640110,9640113,9640102
9641096,9640113,9640110,9640110,9640113,9640113
9641096,9640113,9640110,9640110,9640113,9640115
9641096,9640113,9640110,9640110,9640115,9641100
9641096,9640113,9640110,9640110,9640115,9640110
9641096,9640113,9640110,9640110,9640115,9640102
9641096,9640113,9640110,9640110,9640115,9640113
9641096,9640113,9640110,9640110,9640115,9640115
9641096,9640113,9640110,9640102,9641100,9641100
9641096,9640113,9640110,9640102,9641100,9640110
9641096,9640113,9640110,9640102,9641100,9640102
9641096,9640113,9640110,9640102,9641100,9640113
9641096,9640113,9640110,9640102,9641100,9640115
9641096,9640113,9640110,9640102,9640110,9641100
9641096,9640113,9640110,9640102,9640110,9640110
9641096,9640113,9640110,9640102,9640110,9640102
9641096,9640113,9640110,9640102,9640110,9640113
9641096,9640113,9640110,9640102,9640110,9640115
9641096,9640113,9640110,9640102,9640102,9641100
9641096,9640113,9640110,9640102,9640102,9640110
9641096,9640113,9640110,9640102,9640102,9640102
9641096,9640113,9640110,9640102,9640102,9640113
9641096,9640113,9640110,9640102,9640102,9640115
9641096,9640113,9640110,9640102,9640113,9641100
9641096,9640113,9640110,9640102,9640113,9640110
9641096,9640113,9640110,9640102,9640113,9640102
9641096,9640113,9640110,9640102,9640113,9640113
9641096,9640113,9640110,9640102,9640113,9640115
9641096,9640113,9640110,9640102,9640115,9641100
9641096,9640113,9640110,9640102,9640115,9640110
9641096,9640113,9640110,9640102,9640115,9640102
9641096,9640113,9640110,9640102,9640115,9640113
9641096,9640113,9640110,9640102,9640115,9640115
9641096,9640113,9640110,9640113,9641100,9641100
9641096,9640113,9640110,9640113,9641100,9640110
9641096,9640113,9640110,9640113,9641100,9640102
9641096,9640113,9640110,9640113,9641100,9640113
9641096,9640113,9640110,9640113,9641100,9640115
9641096,9640113,9640110,9640113,9640110,9641100
9641096,9640113,9640110,9640113,9640110,9640110
9641096,9640113,9640110,9640113,9640110,9640102
9641096,9640113,9640110,9640113,9640110,9640113
9641096,9640113,9640110,9640113,9640110,9640115
9641096,9640113,9640110,9640113,9640102,9641100
9641096,9640113,9640110,9640113,9640102,9640110
9641096,9640113,9640110,9640113,9640102,9640102
9641096,9640113,9640110,9640113,9640102,9640113
9641096,9640113,9640110,9640113,9640102,9640115
9641096,9640113,9640110,9640113,9640113,9641100
9641096,9640113,9640110,9640113,9640113,9640110
9641096,9640113,9640110,9640113,9640113,9640102
9641096,9640113,9640110,9640113,9640113,9640113
9641096,9640113,9640110,9640113,9640113,9640115
9641096,9640113,9640110,9640113,9640115,9641100
9641096,9640113,9640110,9640113,9640115,9640110
9641096,9640113,9640110,9640113,9640115,9640102
9641096,9640113,9640110,9640113,9640115,9640113
9641096,9640113,9640110,9640113,9640115,9640115
9641096,9640113,9640110,9640115,9641100,9641100
9641096,9640113,9640110,9640115,9641100,9640110
9641096,9640113,9640110,9640115,9641100,9640102
9641096,9640113,9640110,9640115,9641100,9640113
9641096,9640113,9640110,9640115,9641100,9640115
9641096,9640113,9640110,9640115,9640110,9641100
9641096,9640113,9640110,9640115,9640110,9640110
9641096,9640113,9640110,9640115,9640110,9640102
9641096,9640113,9640110,9640115,9640110,9640113
9641096,9640113,9640110,9640115,9640110,9640115
9641096,9640113,9640110,9640115,9640102,9641100
9641096,9640113,9640110,9640115,9640102,9640110
9641096,9640113,9640110,9640115,9640102,9640102
9641096,9640113,9640110,9640115,9640102,9640113
9641096,9640113,9640110,9640115,9640102,9640115
9641096,9640113,9640110,9640115,9640113,9641100
9641096,9640113,9640110,9640115,9640113,9640110
9641096,9640113,9640110,9640115,9640113,9640102
9641096,9640113,9640110,9640115,9640113,9640113
9641096,9640113,9640110,9640115,9640113,9640115
9641096,9640113,9640110,9640115,9640115,9641100
9641096,9640113,9640110,9640115,9640115,9640110
9641096,9640113,9640110,9640115,9640115,9640102
9641096,9640113,9640110,9640115,9640115,9640113
9641096,9640113,9640110,9640115,9640115,9640115
9641096,9640113,9640102,9641100,9641100,9641100
9641096,9640113,9640102,9641100,9641100,9640110
9641096,9640113,9640102,9641100,9641100,9640102
9641096,9640113,9640102,9641100,9641100,9640113
9641096,9640113,9640102,9641100,9641100,9640115
9641096,9640113,9640102,9641100,9640110,9641100
9641096,9640113,9640102,9641100,9640110,9640110
9641096,9640113,9640102,9641100,9640110,9640102
9641096,9640113,9640102,9641100,9640110,9640113
9641096,9640113,9640102,9641100,9640110,9640115
9641096,9640113,9640102,9641100,9640102,9641100
9641096,9640113,9640102,9641100,9640102,9640110
9641096,9640113,9640102,9641100,9640102,9640102
9641096,9640113,9640102,9641100,9640102,9640113
9641096,9640113,9640102,9641100,9640102,9640115
9641096,9640113,9640102,9641100,9640113,9641100
9641096,9640113,9640102,9641100,9640113,9640110
9641096,9640113,9640102,9641100,9640113,9640102
9641096,9640113,9640102,9641100,9640113,9640113
9641096,9640113,9640102,9641100,9640113,9640115
9641096,9640113,9640102,9641100,9640115,9641100
9641096,9640113,9640102,9641100,9640115,9640110
9641096,9640113,9640102,9641100,9640115,9640102
9641096,9640113,9640102,9641100,9640115,9640113
9641096,9640113,9640102,9641100,9640115,9640115
9641096,9640113,9640102,9640110,9641100,9641100
9641096,9640113,9640102,9640110,9641100,9640110
9641096,9640113,9640102,9640110,9641100,9640102
9641096,9640113,9640102,9640110,9641100,9640113
9641096,9640113,9640102,9640110,9641100,9640115
9641096,9640113,9640102,9640110,9640110,9641100
9641096,9640113,9640102,9640110,9640110,9640110
9641096,9640113,9640102,9640110,9640110,9640102
9641096,9640113,9640102,9640110,9640110,9640113
9641096,9640113,9640102,9640110,9640110,9640115
9641096,9640113,9640102,9640110,9640102,9641100
9641096,9640113,9640102,9640110,9640102,9640110
9641096,9640113,9640102,9640110,9640102,9640102
9641096,9640113,9640102,9640110,9640102,9640113
9641096,9640113,9640102,9640110,9640102,9640115
9641096,9640113,9640102,9640110,9640113,9641100
9641096,9640113,9640102,9640110,9640113,9640110
9641096,9640113,9640102,9640110,9640113,9640102
9641096,9640113,9640102,9640110,9640113,9640113
9641096,9640113,9640102,9640110,9640113,9640115
9641096,9640113,9640102,9640110,9640115,9641100
9641096,9640113,9640102,9640110,9640115,9640110
9641096,9640113,9640102,9640110,9640115,9640102
9641096,9640113,9640102,9640110,9640115,9640113
9641096,9640113,9640102,9640110,9640115,9640115
9641096,9640113,9640102,9640102,9641100,9641100
9641096,9640113,9640102,9640102,9641100,9640110
9641096,9640113,9640102,9640102,9641100,9640102
9641096,9640113,9640102,9640102,9641100,9640113
9641096,9640113,9640102,9640102,9641100,9640115
9641096,9640113,9640102,9640102,9640110,9641100
9641096,9640113,9640102,9640102,9640110,9640110
9641096,9640113,9640102,9640102,9640110,9640102
9641096,9640113,9640102,9640102,9640110,9640113
9641096,9640113,9640102,9640102,9640110,9640115
9641096,9640113,9640102,9640102,9640102,9641100
9641096,9640113,9640102,9640102,9640102,9640110
9641096,9640113,9640102,9640102,9640102,9640102
9641096,9640113,9640102,9640102,9640102,9640113
9641096,9640113,9640102,9640102,9640102,9640115
9641096,9640113,9640102,9640102,9640113,9641100
9641096,9640113,9640102,9640102,9640113,9640110
9641096,9640113,9640102,9640102,9640113,9640102
9641096,9640113,9640102,9640102,9640113,9640113
9641096,9640113,9640102,9640102,9640113,9640115
9641096,9640113,9640102,9640102,9640115,9641100
9641096,9640113,9640102,9640102,9640115,9640110
9641096,9640113,9640102,9640102,9640115,9640102
9641096,9640113,9640102,9640102,9640115,9640113
9641096,9640113,9640102,9640102,9640115,9640115
9641096,9640113,9640102,9640113,9641100,9641100
9641096,9640113,9640102,9640113,9641100,9640110
9641096,9640113,9640102,9640113,9641100,9640102
9641096,9640113,9640102,9640113,9641100,9640113
9641096,9640113,9640102,9640113,9641100,9640115
9641096,9640113,9640102,9640113,9640110,9641100
9641096,9640113,9640102,9640113,9640110,9640110
9641096,9640113,9640102,9640113,9640110,9640102
9641096,9640113,9640102,9640113,9640110,9640113
9641096,9640113,9640102,9640113,9640110,9640115
9641096,9640113,9640102,9640113,9640102,9641100
9641096,9640113,9640102,9640113,9640102,9640110
9641096,9640113,9640102,9640113,9640102,9640102
9641096,9640113,9640102,9640113,9640102,9640113
9641096,9640113,9640102,9640113,9640102,9640115
9641096,9640113,9640102,9640113,9640113,9641100
9641096,9640113,9640102,9640113,9640113,9640110
9641096,9640113,9640102,9640113,9640113,9640102
9641096,9640113,9640102,9640113,9640113,9640113
9641096,9640113,9640102,9640113,9640113,9640115
9641096,9640113,9640102,9640113,9640115,9641100
9641096,9640113,9640102,9640113,9640115,9640110
9641096,9640113,9640102,9640113,9640115,9640102
9641096,9640113,9640102,9640113,9640115,9640113
9641096,9640113,9640102,9640113,9640115,9640115
9641096,9640113,9640102,9640115,9641100,9641100
9641096,9640113,9640102,9640115,9641100,9640110
9641096,9640113,9640102,9640115,9641100,9640102
9641096,9640113,9640102,9640115,9641100,9640113
9641096,9640113,9640102,9640115,9641100,9640115
9641096,9640113,9640102,9640115,9640110,9641100
9641096,9640113,9640102,9640115,9640110,9640110
9641096,9640113,9640102,9640115,9640110,9640102
9641096,9640113,9640102,9640115,9640110,9640113
9641096,9640113,9640102,9640115,9640110,9640115
9641096,9640113,9640102,9640115,9640102,9641100
9641096,9640113,9640102,9640115,9640102,9640110
9641096,9640113,9640102,9640115,9640102,9640102
9641096,9640113,9640102,9640115,9640102,9640113
9641096,9640113,9640102,9640115,9640102,9640115
9641096,9640113,9640102,9640115,9640113,9641100
9641096,9640113,9640102,9640115,9640113,9640110
9641096,9640113,9640102,9640115,9640113,9640102
9641096,9640113,9640102,9640115,9640113,9640113
9641096,9640113,9640102,9640115,9640113,9640115
9641096,9640113,9640102,9640115,9640115,9641100
9641096,9640113,9640102,9640115,9640115,9640110
9641096,9640113,9640102,9640115,9640115,9640102
9641096,9640113,9640102,9640115,9640115,9640113
9641096,9640113,9640102,9640115,9640115,9640115
9641096,9640113,9640113,9641100,9641100,9641100
9641096,9640113,9640113,9641100,9641100,9640110
9641096,9640113,9640113,9641100,9641100,9640102
9641096,9640113,9640113,9641100,9641100,9640113
9641096,9640113,9640113,9641100,9641100,9640115
9641096,9640113,9640113,9641100,9640110,9641100
9641096,9640113,9640113,9641100,9640110,9640110
9641096,9640113,9640113,9641100,9640110,9640102
9641096,9640113,9640113,9641100,9640110,9640113
9641096,9640113,9640113,9641100,9640110,9640115
9641096,9640113,9640113,9641100,9640102,9641100
9641096,9640113,9640113,9641100,9640102,9640110
9641096,9640113,9640113,9641100,9640102,9640102
9641096,9640113,9640113,9641100,9640102,9640113
9641096,9640113,9640113,9641100,9640102,9640115
9641096,9640113,9640113,9641100,9640113,9641100
9641096,9640113,9640113,9641100,9640113,9640110
9641096,9640113,9640113,9641100,9640113,9640102
9641096,9640113,9640113,9641100,9640113,9640113
9641096,9640113,9640113,9641100,9640113,9640115
9641096,9640113,9640113,9641100,9640115,9641100
9641096,9640113,9640113,9641100,9640115,9640110
9641096,9640113,9640113,9641100,9640115,9640102
9641096,9640113,9640113,9641100,9640115,9640113
9641096,9640113,9640113,9641100,9640115,9640115
9641096,9640113,9640113,9640110,9641100,9641100
9641096,9640113,9640113,9640110,9641100,9640110
9641096,9640113,9640113,9640110,9641100,9640102
9641096,9640113,9640113,9640110,9641100,9640113
9641096,9640113,9640113,9640110,9641100,9640115
9641096,9640113,9640113,9640110,9640110,9641100
9641096,9640113,9640113,9640110,9640110,9640110
9641096,9640113,9640113,9640110,9640110,9640102
9641096,9640113,9640113,9640110,9640110,9640113
9641096,9640113,9640113,9640110,9640110,9640115
9641096,9640113,9640113,9640110,9640102,9641100
9641096,9640113,9640113,9640110,9640102,9640110
9641096,9640113,9640113,9640110,9640102,9640102
9641096,9640113,9640113,9640110,9640102,9640113
9641096,9640113,9640113,9640110,9640102,9640115
9641096,9640113,9640113,9640110,9640113,9641100
9641096,9640113,9640113,9640110,9640113,9640110
9641096,9640113,9640113,9640110,9640113,9640102
9641096,9640113,9640113,9640110,9640113,9640113
9641096,9640113,9640113,9640110,9640113,9640115
9641096,9640113,9640113,9640110,9640115,9641100
9641096,9640113,9640113,9640110,9640115,9640110
9641096,9640113,9640113,9640110,9640115,9640102
9641096,9640113,9640113,9640110,9640115,9640113
9641096,9640113,9640113,9640110,9640115,9640115
9641096,9640113,9640113,9640102,9641100,9641100
9641096,9640113,9640113,9640102,9641100,9640110
9641096,9640113,9640113,9640102,9641100,9640102
9641096,9640113,9640113,9640102,9641100,9640113
9641096,9640113,9640113,9640102,9641100,9640115
9641096,9640113,9640113,9640102,9640110,9641100
9641096,9640113,9640113,9640102,9640110,9640110
9641096,9640113,9640113,9640102,9640110,9640102
9641096,9640113,9640113,9640102,9640110,9640113
9641096,9640113,9640113,9640102,9640110,9640115
9641096,9640113,9640113,9640102,9640102,9641100
9641096,9640113,9640113,9640102,9640102,9640110
9641096,9640113,9640113,9640102,9640102,9640102
9641096,9640113,9640113,9640102,9640102,9640113
9641096,9640113,9640113,9640102,9640102,9640115
9641096,9640113,9640113,9640102,9640113,9641100
9641096,9640113,9640113,9640102,9640113,9640110
9641096,9640113,9640113,9640102,9640113,9640102
9641096,9640113,9640113,9640102,9640113,9640113
9641096,9640113,9640113,9640102,9640113,9640115
9641096,9640113,9640113,9640102,9640115,9641100
9641096,9640113,9640113,9640102,9640115,9640110
9641096,9640113,9640113,9640102,9640115,9640102
9641096,9640113,9640113,9640102,9640115,9640113
9641096,9640113,9640113,9640102,9640115,9640115
9641096,9640113,9640113,9640113,9641100,9641100
9641096,9640113,9640113,9640113,9641100,9640110
9641096,9640113,9640113,9640113,9641100,9640102
9641096,9640113,9640113,9640113,9641100,9640113
9641096,9640113,9640113,9640113,9641100,9640115
9641096,9640113,9640113,9640113,9640110,9641100
9641096,9640113,9640113,9640113,9640110,9640110
9641096,9640113,9640113,9640113,9640110,9640102
9641096,9640113,9640113,9640113,9640110,9640113
9641096,9640113,9640113,9640113,9640110,9640115
9641096,9640113,9640113,9640113,9640102,9641100
9641096,9640113,9640113,9640113,9640102,9640110
9641096,9640113,9640113,9640113,9640102,9640102
9641096,9640113,9640113,9640113,9640102,9640113
9641096,9640113,9640113,9640113,9640102,9640115
9641096,9640113,9640113,9640113,9640113,9641100
9641096,9640113,9640113,9640113,9640113,9640110
9641096,9640113,9640113,9640113,9640113,9640102
9641096,9640113,9640113,9640113,9640113,9640113
9641096,9640113,9640113,9640113,9640113,9640115
9641096,9640113,9640113,9640113,9640115,9641100
9641096,9640113,9640113,9640113,9640115,9640110
9641096,9640113,9640113,9640113,9640115,9640102
9641096,9640113,9640113,9640113,9640115,9640113
9641096,9640113,9640113,9640113,9640115,9640115
9641096,9640113,9640113,9640115,9641100,9641100
9641096,9640113,9640113,9640115,9641100,9640110
9641096,9640113,9640113,9640115,9641100,9640102
9641096,9640113,9640113,9640115,9641100,9640113
9641096,9640113,9640113,9640115,9641100,9640115
9641096,9640113,9640113,9640115,9640110,9641100
9641096,9640113,9640113,9640115,9640110,9640110
9641096,9640113,9640113,9640115,9640110,9640102
9641096,9640113,9640113,9640115,9640110,9640113
9641096,9640113,9640113,9640115,9640110,9640115
9641096,9640113,9640113,9640115,9640102,9641100
9641096,9640113,9640113,9640115,9640102,9640110
9641096,9640113,9640113,9640115,9640102,9640102
9641096,9640113,9640113,9640115,9640102,9640113
9641096,9640113,9640113,9640115,9640102,9640115
9641096,9640113,9640113,9640115,9640113,9641100
9641096,9640113,9640113,9640115,9640113,9640110
9641096,9640113,9640113,9640115,9640113,9640102
9641096,9640113,9640113,9640115,9640113,9640113
9641096,9640113,9640113,9640115,9640113,9640115
9641096,9640113,9640113,9640115,9640115,9641100
9641096,9640113,9640113,9640115,9640115,9640110
9641096,9640113,9640113,9640115,9640115,9640102
9641096,9640113,9640113,9640115,9640115,9640113
9641096,9640113,9640113,9640115,9640115,9640115
9641096,9640113,9640115,9641100,9641100,9641100
9641096,9640113,9640115,9641100,9641100,9640110
9641096,9640113,9640115,9641100,9641100,9640102
9641096,9640113,9640115,9641100,9641100,9640113
9641096,9640113,9640115,9641100,9641100,9640115
9641096,9640113,9640115,9641100,9640110,9641100
9641096,9640113,9640115,9641100,9640110,9640110
9641096,9640113,9640115,9641100,9640110,9640102
9641096,9640113,9640115,9641100,9640110,9640113
9641096,9640113,9640115,9641100,9640110,9640115
9641096,9640113,9640115,9641100,9640102,9641100
9641096,9640113,9640115,9641100,9640102,9640110
9641096,9640113,9640115,9641100,9640102,9640102
9641096,9640113,9640115,9641100,9640102,9640113
9641096,9640113,9640115,9641100,9640102,9640115
9641096,9640113,9640115,9641100,9640113,9641100
9641096,9640113,9640115,9641100,9640113,9640110
9641096,9640113,9640115,9641100,9640113,9640102
9641096,9640113,9640115,9641100,9640113,9640113
9641096,9640113,9640115,9641100,9640113,9640115
9641096,9640113,9640115,9641100,9640115,9641100
9641096,9640113,9640115,9641100,9640115,9640110
9641096,9640113,9640115,9641100,9640115,9640102
9641096,9640113,9640115,9641100,9640115,9640113
9641096,9640113,9640115,9641100,9640115,9640115
9641096,9640113,9640115,9640110,9641100,9641100
9641096,9640113,9640115,9640110,9641100,9640110
9641096,9640113,9640115,9640110,9641100,9640102
9641096,9640113,9640115,9640110,9641100,9640113
9641096,9640113,9640115,9640110,9641100,9640115
9641096,9640113,9640115,9640110,9640110,9641100
9641096,9640113,9640115,9640110,9640110,9640110
9641096,9640113,9640115,9640110,9640110,9640102
9641096,9640113,9640115,9640110,9640110,9640113
9641096,9640113,9640115,9640110,9640110,9640115
9641096,9640113,9640115,9640110,9640102,9641100
9641096,9640113,9640115,9640110,9640102,9640110
9641096,9640113,9640115,9640110,9640102,9640102
9641096,9640113,9640115,9640110,9640102,9640113
9641096,9640113,9640115,9640110,9640102,9640115
9641096,9640113,9640115,9640110,9640113,9641100
9641096,9640113,9640115,9640110,9640113,9640110
9641096,9640113,9640115,9640110,9640113,9640102
9641096,9640113,9640115,9640110,9640113,9640113
9641096,9640113,9640115,9640110,9640113,9640115
9641096,9640113,9640115,9640110,9640115,9641100
9641096,9640113,9640115,9640110,9640115,9640110
9641096,9640113,9640115,9640110,9640115,9640102
9641096,9640113,9640115,9640110,9640115,9640113
9641096,9640113,9640115,9640110,9640115,9640115
9641096,9640113,9640115,9640102,9641100,9641100
9641096,9640113,9640115,9640102,9641100,9640110
9641096,9640113,9640115,9640102,9641100,9640102
9641096,9640113,9640115,9640102,9641100,9640113
9641096,9640113,9640115,9640102,9641100,9640115
9641096,9640113,9640115,9640102,9640110,9641100
9641096,9640113,9640115,9640102,9640110,9640110
9641096,9640113,9640115,9640102,9640110,9640102
9641096,9640113,9640115,9640102,9640110,9640113
9641096,9640113,9640115,9640102,9640110,9640115
9641096,9640113,9640115,9640102,9640102,9641100
9641096,9640113,9640115,9640102,9640102,9640110
9641096,9640113,9640115,9640102,9640102,9640102
9641096,9640113,9640115,9640102,9640102,9640113
9641096,9640113,9640115,9640102,9640102,9640115
9641096,9640113,9640115,9640102,9640113,9641100
9641096,9640113,9640115,9640102,9640113,9640110
9641096,9640113,9640115,9640102,9640113,9640102
9641096,9640113,9640115,9640102,9640113,9640113
9641096,9640113,9640115,9640102,9640113,9640115
9641096,9640113,9640115,9640102,9640115,9641100
9641096,9640113,9640115,9640102,9640115,9640110
9641096,9640113,9640115,9640102,9640115,9640102
9641096,9640113,9640115,9640102,9640115,9640113
9641096,9640113,9640115,9640102,9640115,9640115
9641096,9640113,9640115,9640113,9641100,9641100
9641096,9640113,9640115,9640113,9641100,9640110
9641096,9640113,9640115,9640113,9641100,9640102
9641096,9640113,9640115,9640113,9641100,9640113
9641096,9640113,9640115,9640113,9641100,9640115
9641096,9640113,9640115,9640113,9640110,9641100
9641096,9640113,9640115,9640113,9640110,9640110
9641096,9640113,9640115,9640113,9640110,9640102
9641096,9640113,9640115,9640113,9640110,9640113
9641096,9640113,9640115,9640113,9640110,9640115
9641096,9640113,9640115,9640113,9640102,9641100
9641096,9640113,9640115,9640113,9640102,9640110
9641096,9640113,9640115,9640113,9640102,9640102
9641096,9640113,9640115,9640113,9640102,9640113
9641096,9640113,9640115,9640113,9640102,9640115
9641096,9640113,9640115,9640113,9640113,9641100
9641096,9640113,9640115,9640113,9640113,9640110
9641096,9640113,9640115,9640113,9640113,9640102
9641096,9640113,9640115,9640113,9640113,9640113
9641096,9640113,9640115,9640113,9640113,9640115
9641096,9640113,9640115,9640113,9640115,9641100
9641096,9640113,9640115,9640113,9640115,9640110
9641096,9640113,9640115,9640113,9640115,9640102
9641096,9640113,9640115,9640113,9640115,9640113
9641096,9640113,9640115,9640113,9640115,9640115
9641096,9640113,9640115,9640115,9641100,9641100
9641096,9640113,9640115,9640115,9641100,9640110
9641096,9640113,9640115,9640115,9641100,9640102
9641096,9640113,9640115,9640115,9641100,9640113
9641096,9640113,9640115,9640115,9641100,9640115
9641096,9640113,9640115,9640115,9640110,9641100
9641096,9640113,9640115,9640115,9640110,9640110
9641096,9640113,9640115,9640115,9640110,9640102
9641096,9640113,9640115,9640115,9640110,9640113
9641096,9640113,9640115,9640115,9640110,9640115
9641096,9640113,9640115,9640115,9640102,9641100
9641096,9640113,9640115,9640115,9640102,9640110
9641096,9640113,9640115,9640115,9640102,9640102
9641096,9640113,9640115,9640115,9640102,9640113
9641096,9640113,9640115,9640115,9640102,9640115
9641096,9640113,9640115,9640115,9640113,9641100
9641096,9640113,9640115,9640115,9640113,9640110
9641096,9640113,9640115,9640115,9640113,9640102
9641096,9640113,9640115,9640115,9640113,9640113
9641096,9640113,9640115,9640115,9640113,9640115
9641096,9640113,9640115,9640115,9640115,9641100
9641096,9640113,9640115,9640115,9640115,9640110
9641096,9640113,9640115,9640115,9640115,9640102
9641096,9640113,9640115,9640115,9640115,9640113
9641096,9640113,9640115,9640115,9640115,9640115
9641096,9640115,9641100,9641100,9641100,9641100
9641096,9640115,9641100,9641100,9641100,9640110
9641096,9640115,9641100,9641100,9641100,9640102
9641096,9640115,9641100,9641100,9641100,9640113
9641096,9640115,9641100,9641100,9641100,9640115
9641096,9640115,9641100,9641100,9640110,9641100
9641096,9640115,9641100,9641100,9640110,9640110
9641096,9640115,9641100,9641100,9640110,9640102
9641096,9640115,9641100,9641100,9640110,9640113
9641096,9640115,9641100,9641100,9640110,9640115
9641096,9640115,9641100,9641100,9640102,9641100
9641096,9640115,9641100,9641100,9640102,9640110
9641096,9640115,9641100,9641100,9640102,9640102
9641096,9640115,9641100,9641100,9640102,9640113
9641096,9640115,9641100,9641100,9640102,9640115
9641096,9640115,9641100,9641100,9640113,9641100
9641096,9640115,9641100,9641100,9640113,9640110
9641096,9640115,9641100,9641100,9640113,9640102
9641096,9640115,9641100,9641100,9640113,9640113
9641096,9640115,9641100,9641100,9640113,9640115
9641096,9640115,9641100,9641100,9640115,9641100
9641096,9640115,9641100,9641100,9640115,9640110
9641096,9640115,9641100,9641100,9640115,9640102
9641096,9640115,9641100,9641100,9640115,9640113
9641096,9640115,9641100,9641100,9640115,9640115
9641096,9640115,9641100,9640110,9641100,9641100
9641096,9640115,9641100,9640110,9641100,9640110
9641096,9640115,9641100,9640110,9641100,9640102
9641096,9640115,9641100,9640110,9641100,9640113
9641096,9640115,9641100,9640110,9641100,9640115
9641096,9640115,9641100,9640110,9640110,9641100
9641096,9640115,9641100,9640110,9640110,9640110
9641096,9640115,9641100,9640110,9640110,9640102
9641096,9640115,9641100,9640110,9640110,9640113
9641096,9640115,9641100,9640110,9640110,9640115
9641096,9640115,9641100,9640110,9640102,9641100
9641096,9640115,9641100,9640110,9640102,9640110
9641096,9640115,9641100,9640110,9640102,9640102
9641096,9640115,9641100,9640110,9640102,9640113
9641096,9640115,9641100,9640110,9640102,9640115
9641096,9640115,9641100,9640110,9640113,9641100
9641096,9640115,9641100,9640110,9640113,9640110
9641096,9640115,9641100,9640110,9640113,9640102
9641096,9640115,9641100,9640110,9640113,9640113
9641096,9640115,9641100,9640110,9640113,9640115
9641096,9640115,9641100,9640110,9640115,9641100
9641096,9640115,9641100,9640110,9640115,9640110
9641096,9640115,9641100,9640110,9640115,9640102
9641096,9640115,9641100,9640110,9640115,9640113
9641096,9640115,9641100,9640110,9640115,9640115
9641096,9640115,9641100,9640102,9641100,9641100
9641096,9640115,9641100,9640102,9641100,9640110
9641096,9640115,9641100,9640102,9641100,9640102
9641096,9640115,9641100,9640102,9641100,9640113
9641096,9640115,9641100,9640102,9641100,9640115
9641096,9640115,9641100,9640102,9640110,9641100
9641096,9640115,9641100,9640102,9640110,9640110
9641096,9640115,9641100,9640102,9640110,9640102
9641096,9640115,9641100,9640102,9640110,9640113
9641096,9640115,9641100,9640102,9640110,9640115
9641096,9640115,9641100,9640102,9640102,9641100
9641096,9640115,9641100,9640102,9640102,9640110
9641096,9640115,9641100,9640102,9640102,9640102
9641096,9640115,9641100,9640102,9640102,9640113
9641096,9640115,9641100,9640102,9640102,9640115
9641096,9640115,9641100,9640102,9640113,9641100
9641096,9640115,9641100,9640102,9640113,9640110
9641096,9640115,9641100,9640102,9640113,9640102
9641096,9640115,9641100,9640102,9640113,9640113
9641096,9640115,9641100,9640102,9640113,9640115
9641096,9640115,9641100,9640102,9640115,9641100
9641096,9640115,9641100,9640102,9640115,9640110
9641096,9640115,9641100,9640102,9640115,9640102
9641096,9640115,9641100,9640102,9640115,9640113
9641096,9640115,9641100,9640102,9640115,9640115
9641096,9640115,9641100,9640113,9641100,9641100
9641096,9640115,9641100,9640113,9641100,9640110
9641096,9640115,9641100,9640113,9641100,9640102
9641096,9640115,9641100,9640113,9641100,9640113
9641096,9640115,9641100,9640113,9641100,9640115
9641096,9640115,9641100,9640113,9640110,9641100
9641096,9640115,9641100,9640113,9640110,9640110
9641096,9640115,9641100,9640113,9640110,9640102
9641096,9640115,9641100,9640113,9640110,9640113
9641096,9640115,9641100,9640113,9640110,9640115
9641096,9640115,9641100,9640113,9640102,9641100
9641096,9640115,9641100,9640113,9640102,9640110
9641096,9640115,9641100,9640113,9640102,9640102
9641096,9640115,9641100,9640113,9640102,9640113
9641096,9640115,9641100,9640113,9640102,9640115
9641096,9640115,9641100,9640113,9640113,9641100
9641096,9640115,9641100,9640113,9640113,9640110
9641096,9640115,9641100,9640113,9640113,9640102
9641096,9640115,9641100,9640113,9640113,9640113
9641096,9640115,9641100,9640113,9640113,9640115
9641096,9640115,9641100,9640113,9640115,9641100
9641096,9640115,9641100,9640113,9640115,9640110
9641096,9640115,9641100,9640113,9640115,9640102
9641096,9640115,9641100,9640113,9640115,9640113
9641096,9640115,9641100,9640113,9640115,9640115
9641096,9640115,9641100,9640115,9641100,9641100
9641096,9640115,9641100,9640115,9641100,9640110
9641096,9640115,9641100,9640115,9641100,9640102
9641096,9640115,9641100,9640115,9641100,9640113
9641096,9640115,9641100,9640115,9641100,9640115
9641096,9640115,9641100,9640115,9640110,9641100
9641096,9640115,9641100,9640115,9640110,9640110
9641096,9640115,9641100,9640115,9640110,9640102
9641096,9640115,9641100,9640115,9640110,9640113
9641096,9640115,9641100,9640115,9640110,9640115
9641096,9640115,9641100,9640115,9640102,9641100
9641096,9640115,9641100,9640115,9640102,9640110
9641096,9640115,9641100,9640115,9640102,9640102
9641096,9640115,9641100,9640115,9640102,9640113
9641096,9640115,9641100,9640115,9640102,9640115
9641096,9640115,9641100,9640115,9640113,9641100
9641096,9640115,9641100,9640115,9640113,9640110
9641096,9640115,9641100,9640115,9640113,9640102
9641096,9640115,9641100,9640115,9640113,9640113
9641096,9640115,9641100,9640115,9640113,9640115
9641096,9640115,9641100,9640115,9640115,9641100
9641096,9640115,9641100,9640115,9640115,9640110
9641096,9640115,9641100,9640115,9640115,9640102
9641096,9640115,9641100,9640115,9640115,9640113
9641096,9640115,9641100,9640115,9640115,9640115
9641096,9640115,9640110,9641100,9641100,9641100
9641096,9640115,9640110,9641100,9641100,9640110
9641096,9640115,9640110,9641100,9641100,9640102
9641096,9640115,9640110,9641100,9641100,9640113
9641096,9640115,9640110,9641100,9641100,9640115
9641096,9640115,9640110,9641100,9640110,9641100
9641096,9640115,9640110,9641100,9640110,9640110
9641096,9640115,9640110,9641100,9640110,9640102
9641096,9640115,9640110,9641100,9640110,9640113
9641096,9640115,9640110,9641100,9640110,9640115
9641096,9640115,9640110,9641100,9640102,9641100
9641096,9640115,9640110,9641100,9640102,9640110
9641096,9640115,9640110,9641100,9640102,9640102
9641096,9640115,9640110,9641100,9640102,9640113
9641096,9640115,9640110,9641100,9640102,9640115
9641096,9640115,9640110,9641100,9640113,9641100
9641096,9640115,9640110,9641100,9640113,9640110
9641096,9640115,9640110,9641100,9640113,9640102
9641096,9640115,9640110,9641100,9640113,9640113
9641096,9640115,9640110,9641100,9640113,9640115
9641096,9640115,9640110,9641100,9640115,9641100
9641096,9640115,9640110,9641100,9640115,9640110
9641096,9640115,9640110,9641100,9640115,9640102
9641096,9640115,9640110,9641100,9640115,9640113
9641096,9640115,9640110,9641100,9640115,9640115
9641096,9640115,9640110,9640110,9641100,9641100
9641096,9640115,9640110,9640110,9641100,9640110
9641096,9640115,9640110,9640110,9641100,9640102
9641096,9640115,9640110,9640110,9641100,9640113
9641096,9640115,9640110,9640110,9641100,9640115
9641096,9640115,9640110,9640110,9640110,9641100
9641096,9640115,9640110,9640110,9640110,9640110
9641096,9640115,9640110,9640110,9640110,9640102
9641096,9640115,9640110,9640110,9640110,9640113
9641096,9640115,9640110,9640110,9640110,9640115
9641096,9640115,9640110,9640110,9640102,9641100
9641096,9640115,9640110,9640110,9640102,9640110
9641096,9640115,9640110,9640110,9640102,9640102
9641096,9640115,9640110,9640110,9640102,9640113
9641096,9640115,9640110,9640110,9640102,9640115
9641096,9640115,9640110,9640110,9640113,9641100
9641096,9640115,9640110,9640110,9640113,9640110
9641096,9640115,9640110,9640110,9640113,9640102
9641096,9640115,9640110,9640110,9640113,9640113
9641096,9640115,9640110,9640110,9640113,9640115
9641096,9640115,9640110,9640110,9640115,9641100
9641096,9640115,9640110,9640110,9640115,9640110
9641096,9640115,9640110,9640110,9640115,9640102
9641096,9640115,9640110,9640110,9640115,9640113
9641096,9640115,9640110,9640110,9640115,9640115
9641096,9640115,9640110,9640102,9641100,9641100
9641096,9640115,9640110,9640102,9641100,9640110
9641096,9640115,9640110,9640102,9641100,9640102
9641096,9640115,9640110,9640102,9641100,9640113
9641096,9640115,9640110,9640102,9641100,9640115
9641096,9640115,9640110,9640102,9640110,9641100
9641096,9640115,9640110,9640102,9640110,9640110
9641096,9640115,9640110,9640102,9640110,9640102
9641096,9640115,9640110,9640102,9640110,9640113
9641096,9640115,9640110,9640102,9640110,9640115
9641096,9640115,9640110,9640102,9640102,9641100
9641096,9640115,9640110,9640102,9640102,9640110
9641096,9640115,9640110,9640102,9640102,9640102
9641096,9640115,9640110,9640102,9640102,9640113
9641096,9640115,9640110,9640102,9640102,9640115
9641096,9640115,9640110,9640102,9640113,9641100
9641096,9640115,9640110,9640102,9640113,9640110
9641096,9640115,9640110,9640102,9640113,9640102
9641096,9640115,9640110,9640102,9640113,9640113
9641096,9640115,9640110,9640102,9640113,9640115
9641096,9640115,9640110,9640102,9640115,9641100
9641096,9640115,9640110,9640102,9640115,9640110
9641096,9640115,9640110,9640102,9640115,9640102
9641096,9640115,9640110,9640102,9640115,9640113
9641096,9640115,9640110,9640102,9640115,9640115
9641096,9640115,9640110,9640113,9641100,9641100
9641096,9640115,9640110,9640113,9641100,9640110
9641096,9640115,9640110,9640113,9641100,9640102
9641096,9640115,9640110,9640113,9641100,9640113
9641096,9640115,9640110,9640113,9641100,9640115
9641096,9640115,9640110,9640113,9640110,9641100
9641096,9640115,9640110,9640113,9640110,9640110
9641096,9640115,9640110,9640113,9640110,9640102
9641096,9640115,9640110,9640113,9640110,9640113
9641096,9640115,9640110,9640113,9640110,9640115
9641096,9640115,9640110,9640113,9640102,9641100
9641096,9640115,9640110,9640113,9640102,9640110
9641096,9640115,9640110,9640113,9640102,9640102
9641096,9640115,9640110,9640113,9640102,9640113
9641096,9640115,9640110,9640113,9640102,9640115
9641096,9640115,9640110,9640113,9640113,9641100
9641096,9640115,9640110,9640113,9640113,9640110
9641096,9640115,9640110,9640113,9640113,9640102
9641096,9640115,9640110,9640113,9640113,9640113
9641096,9640115,9640110,9640113,9640113,9640115
9641096,9640115,9640110,9640113,9640115,9641100
9641096,9640115,9640110,9640113,9640115,9640110
9641096,9640115,9640110,9640113,9640115,9640102
9641096,9640115,9640110,9640113,9640115,9640113
9641096,9640115,9640110,9640113,9640115,9640115
9641096,9640115,9640110,9640115,9641100,9641100
9641096,9640115,9640110,9640115,9641100,9640110
9641096,9640115,9640110,9640115,9641100,9640102
9641096,9640115,9640110,9640115,9641100,9640113
9641096,9640115,9640110,9640115,9641100,9640115
9641096,9640115,9640110,9640115,9640110,9641100
9641096,9640115,9640110,9640115,9640110,9640110
9641096,9640115,9640110,9640115,9640110,9640102
9641096,9640115,9640110,9640115,9640110,9640113
9641096,9640115,9640110,9640115,9640110,9640115
9641096,9640115,9640110,9640115,9640102,9641100
9641096,9640115,9640110,9640115,9640102,9640110
9641096,9640115,9640110,9640115,9640102,9640102
9641096,9640115,9640110,9640115,9640102,9640113
9641096,9640115,9640110,9640115,9640102,9640115
9641096,9640115,9640110,9640115,9640113,9641100
9641096,9640115,9640110,9640115,9640113,9640110
9641096,9640115,9640110,9640115,9640113,9640102
9641096,9640115,9640110,9640115,9640113,9640113
9641096,9640115,9640110,9640115,9640113,9640115
9641096,9640115,9640110,9640115,9640115,9641100
9641096,9640115,9640110,9640115,9640115,9640110
9641096,9640115,9640110,9640115,9640115,9640102
9641096,9640115,9640110,9640115,9640115,9640113
9641096,9640115,9640110,9640115,9640115,9640115
9641096,9640115,9640102,9641100,9641100,9641100
9641096,9640115,9640102,9641100,9641100,9640110
9641096,9640115,9640102,9641100,9641100,9640102
9641096,9640115,9640102,9641100,9641100,9640113
9641096,9640115,9640102,9641100,9641100,9640115
9641096,9640115,9640102,9641100,9640110,9641100
9641096,9640115,9640102,9641100,9640110,9640110
9641096,9640115,9640102,9641100,9640110,9640102
9641096,9640115,9640102,9641100,9640110,9640113
9641096,9640115,9640102,9641100,9640110,9640115
9641096,9640115,9640102,9641100,9640102,9641100
9641096,9640115,9640102,9641100,9640102,9640110
9641096,9640115,9640102,9641100,9640102,9640102
9641096,9640115,9640102,9641100,9640102,9640113
9641096,9640115,9640102,9641100,9640102,9640115
9641096,9640115,9640102,9641100,9640113,9641100
9641096,9640115,9640102,9641100,9640113,9640110
9641096,9640115,9640102,9641100,9640113,9640102
9641096,9640115,9640102,9641100,9640113,9640113
9641096,9640115,9640102,9641100,9640113,9640115
9641096,9640115,9640102,9641100,9640115,9641100
9641096,9640115,9640102,9641100,9640115,9640110
9641096,9640115,9640102,9641100,9640115,9640102
9641096,9640115,9640102,9641100,9640115,9640113
9641096,9640115,9640102,9641100,9640115,9640115
9641096,9640115,9640102,9640110,9641100,9641100
9641096,9640115,9640102,9640110,9641100,9640110
9641096,9640115,9640102,9640110,9641100,9640102
9641096,9640115,9640102,9640110,9641100,9640113
9641096,9640115,9640102,9640110,9641100,9640115
9641096,9640115,9640102,9640110,9640110,9641100
9641096,9640115,9640102,9640110,9640110,9640110
9641096,9640115,9640102,9640110,9640110,9640102
9641096,9640115,9640102,9640110,9640110,9640113
9641096,9640115,9640102,9640110,9640110,9640115
9641096,9640115,9640102,9640110,9640102,9641100
9641096,9640115,9640102,9640110,9640102,9640110
9641096,9640115,9640102,9640110,9640102,9640102
9641096,9640115,9640102,9640110,9640102,9640113
9641096,9640115,9640102,9640110,9640102,9640115
9641096,9640115,9640102,9640110,9640113,9641100
9641096,9640115,9640102,9640110,9640113,9640110
9641096,9640115,9640102,9640110,9640113,9640102
9641096,9640115,9640102,9640110,9640113,9640113
9641096,9640115,9640102,9640110,9640113,9640115
9641096,9640115,9640102,9640110,9640115,9641100
9641096,9640115,9640102,9640110,9640115,9640110
9641096,9640115,9640102,9640110,9640115,9640102
9641096,9640115,9640102,9640110,9640115,9640113
9641096,9640115,9640102,9640110,9640115,9640115
9641096,9640115,9640102,9640102,9641100,9641100
9641096,9640115,9640102,9640102,9641100,9640110
9641096,9640115,9640102,9640102,9641100,9640102
9641096,9640115,9640102,9640102,9641100,9640113
9641096,9640115,9640102,9640102,9641100,9640115
9641096,9640115,9640102,9640102,9640110,9641100
9641096,9640115,9640102,9640102,9640110,9640110
9641096,9640115,9640102,9640102,9640110,9640102
9641096,9640115,9640102,9640102,9640110,9640113
9641096,9640115,9640102,9640102,9640110,9640115
9641096,9640115,9640102,9640102,9640102,9641100
9641096,9640115,9640102,9640102,9640102,9640110
9641096,9640115,9640102,9640102,9640102,9640102
9641096,9640115,9640102,9640102,9640102,9640113
9641096,9640115,9640102,9640102,9640102,9640115
9641096,9640115,9640102,9640102,9640113,9641100
9641096,9640115,9640102,9640102,9640113,9640110
9641096,9640115,9640102,9640102,9640113,9640102
9641096,9640115,9640102,9640102,9640113,9640113
9641096,9640115,9640102,9640102,9640113,9640115
9641096,9640115,9640102,9640102,9640115,9641100
9641096,9640115,9640102,9640102,9640115,9640110
9641096,9640115,9640102,9640102,9640115,9640102
9641096,9640115,9640102,9640102,9640115,9640113
9641096,9640115,9640102,9640102,9640115,9640115
9641096,9640115,9640102,9640113,9641100,9641100
9641096,9640115,9640102,9640113,9641100,9640110
9641096,9640115,9640102,9640113,9641100,9640102
9641096,9640115,9640102,9640113,9641100,9640113
9641096,9640115,9640102,9640113,9641100,9640115
9641096,9640115,9640102,9640113,9640110,9641100
9641096,9640115,9640102,9640113,9640110,9640110
9641096,9640115,9640102,9640113,9640110,9640102
9641096,9640115,9640102,9640113,9640110,9640113
9641096,9640115,9640102,9640113,9640110,9640115
9641096,9640115,9640102,9640113,9640102,9641100
9641096,9640115,9640102,9640113,9640102,9640110
9641096,9640115,9640102,9640113,9640102,9640102
9641096,9640115,9640102,9640113,9640102,9640113
9641096,9640115,9640102,9640113,9640102,9640115
9641096,9640115,9640102,9640113,9640113,9641100
9641096,9640115,9640102,9640113,9640113,9640110
9641096,9640115,9640102,9640113,9640113,9640102
9641096,9640115,9640102,9640113,9640113,9640113
9641096,9640115,9640102,9640113,9640113,9640115
9641096,9640115,9640102,9640113,9640115,9641100
9641096,9640115,9640102,9640113,9640115,9640110
9641096,9640115,9640102,9640113,9640115,9640102
9641096,9640115,9640102,9640113,9640115,9640113
9641096,9640115,9640102,9640113,9640115,9640115
9641096,9640115,9640102,9640115,9641100,9641100
9641096,9640115,9640102,9640115,9641100,9640110
9641096,9640115,9640102,9640115,9641100,9640102
9641096,9640115,9640102,9640115,9641100,9640113
9641096,9640115,9640102,9640115,9641100,9640115
9641096,9640115,9640102,9640115,9640110,9641100
9641096,9640115,9640102,9640115,9640110,9640110
9641096,9640115,9640102,9640115,9640110,9640102
9641096,9640115,9640102,9640115,9640110,9640113
9641096,9640115,9640102,9640115,9640110,9640115
9641096,9640115,9640102,9640115,9640102,9641100
9641096,9640115,9640102,9640115,9640102,9640110
9641096,9640115,9640102,9640115,9640102,9640102
9641096,9640115,9640102,9640115,9640102,9640113
9641096,9640115,9640102,9640115,9640102,9640115
9641096,9640115,9640102,9640115,9640113,9641100
9641096,9640115,9640102,9640115,9640113,9640110
9641096,9640115,9640102,9640115,9640113,9640102
9641096,9640115,9640102,9640115,9640113,9640113
9641096,9640115,9640102,9640115,9640113,9640115
9641096,9640115,9640102,9640115,9640115,9641100
9641096,9640115,9640102,9640115,9640115,9640110
9641096,9640115,9640102,9640115,9640115,9640102
9641096,9640115,9640102,9640115,9640115,9640113
9641096,9640115,9640102,9640115,9640115,9640115
9641096,9640115,9640113,9641100,9641100,9641100
9641096,9640115,9640113,9641100,9641100,9640110
9641096,9640115,9640113,9641100,9641100,9640102
9641096,9640115,9640113,9641100,9641100,9640113
9641096,9640115,9640113,9641100,9641100,9640115
9641096,9640115,9640113,9641100,9640110,9641100
9641096,9640115,9640113,9641100,9640110,9640110
9641096,9640115,9640113,9641100,9640110,9640102
9641096,9640115,9640113,9641100,9640110,9640113
9641096,9640115,9640113,9641100,9640110,9640115
9641096,9640115,9640113,9641100,9640102,9641100
9641096,9640115,9640113,9641100,9640102,9640110
9641096,9640115,9640113,9641100,9640102,9640102
9641096,9640115,9640113,9641100,9640102,9640113
9641096,9640115,9640113,9641100,9640102,9640115
9641096,9640115,9640113,9641100,9640113,9641100
9641096,9640115,9640113,9641100,9640113,9640110
9641096,9640115,9640113,9641100,9640113,9640102
9641096,9640115,9640113,9641100,9640113,9640113
9641096,9640115,9640113,9641100,9640113,9640115
9641096,9640115,9640113,9641100,9640115,9641100
9641096,9640115,9640113,9641100,9640115,9640110
9641096,9640115,9640113,9641100,9640115,9640102
9641096,9640115,9640113,9641100,9640115,9640113
9641096,9640115,9640113,9641100,9640115,9640115
9641096,9640115,9640113,9640110,9641100,9641100
9641096,9640115,9640113,9640110,9641100,9640110
9641096,9640115,9640113,9640110,9641100,9640102
9641096,9640115,9640113,9640110,9641100,9640113
9641096,9640115,9640113,9640110,9641100,9640115
9641096,9640115,9640113,9640110,9640110,9641100
9641096,9640115,9640113,9640110,9640110,9640110
9641096,9640115,9640113,9640110,9640110,9640102
9641096,9640115,9640113,9640110,9640110,9640113
9641096,9640115,9640113,9640110,9640110,9640115
9641096,9640115,9640113,9640110,9640102,9641100
9641096,9640115,9640113,9640110,9640102,9640110
9641096,9640115,9640113,9640110,9640102,9640102
9641096,9640115,9640113,9640110,9640102,9640113
9641096,9640115,9640113,9640110,9640102,9640115
9641096,9640115,9640113,9640110,9640113,9641100
9641096,9640115,9640113,9640110,9640113,9640110
9641096,9640115,9640113,9640110,9640113,9640102
9641096,9640115,9640113,9640110,9640113,9640113
9641096,9640115,9640113,9640110,9640113,9640115
9641096,9640115,9640113,9640110,9640115,9641100
9641096,9640115,9640113,9640110,9640115,9640110
9641096,9640115,9640113,9640110,9640115,9640102
9641096,9640115,9640113,9640110,9640115,9640113
9641096,9640115,9640113,9640110,9640115,9640115
9641096,9640115,9640113,9640102,9641100,9641100
9641096,9640115,9640113,9640102,9641100,9640110
9641096,9640115,9640113,9640102,9641100,9640102
9641096,9640115,9640113,9640102,9641100,9640113
9641096,9640115,9640113,9640102,9641100,9640115
9641096,9640115,9640113,9640102,9640110,9641100
9641096,9640115,9640113,9640102,9640110,9640110
9641096,9640115,9640113,9640102,9640110,9640102
9641096,9640115,9640113,9640102,9640110,9640113
9641096,9640115,9640113,9640102,9640110,9640115
9641096,9640115,9640113,9640102,9640102,9641100
9641096,9640115,9640113,9640102,9640102,9640110
9641096,9640115,9640113,9640102,9640102,9640102
9641096,9640115,9640113,9640102,9640102,9640113
9641096,9640115,9640113,9640102,9640102,9640115
9641096,9640115,9640113,9640102,9640113,9641100
9641096,9640115,9640113,9640102,9640113,9640110
9641096,9640115,9640113,9640102,9640113,9640102
9641096,9640115,9640113,9640102,9640113,9640113
9641096,9640115,9640113,9640102,9640113,9640115
9641096,9640115,9640113,9640102,9640115,9641100
9641096,9640115,9640113,9640102,9640115,9640110
9641096,9640115,9640113,9640102,9640115,9640102
9641096,9640115,9640113,9640102,9640115,9640113
9641096,9640115,9640113,9640102,9640115,9640115
9641096,9640115,9640113,9640113,9641100,9641100
9641096,9640115,9640113,9640113,9641100,9640110
9641096,9640115,9640113,9640113,9641100,9640102
9641096,9640115,9640113,9640113,9641100,9640113
9641096,9640115,9640113,9640113,9641100,9640115
9641096,9640115,9640113,9640113,9640110,9641100
9641096,9640115,9640113,9640113,9640110,9640110
9641096,9640115,9640113,9640113,9640110,9640102
9641096,9640115,9640113,9640113,9640110,9640113
9641096,9640115,9640113,9640113,9640110,9640115
9641096,9640115,9640113,9640113,9640102,9641100
9641096,9640115,9640113,9640113,9640102,9640110
9641096,9640115,9640113,9640113,9640102,9640102
9641096,9640115,9640113,9640113,9640102,9640113
9641096,9640115,9640113,9640113,9640102,9640115
9641096,9640115,9640113,9640113,9640113,9641100
9641096,9640115,9640113,9640113,9640113,9640110
9641096,9640115,9640113,9640113,9640113,9640102
9641096,9640115,9640113,9640113,9640113,9640113
9641096,9640115,9640113,9640113,9640113,9640115
9641096,9640115,9640113,9640113,9640115,9641100
9641096,9640115,9640113,9640113,9640115,9640110
9641096,9640115,9640113,9640113,9640115,9640102
9641096,9640115,9640113,9640113,9640115,9640113
9641096,9640115,9640113,9640113,9640115,9640115
9641096,9640115,9640113,9640115,9641100,9641100
9641096,9640115,9640113,9640115,9641100,9640110
9641096,9640115,9640113,9640115,9641100,9640102
9641096,9640115,9640113,9640115,9641100,9640113
9641096,9640115,9640113,9640115,9641100,9640115
9641096,9640115,9640113,9640115,9640110,9641100
9641096,9640115,9640113,9640115,9640110,9640110
9641096,9640115,9640113,9640115,9640110,9640102
9641096,9640115,9640113,9640115,9640110,9640113
9641096,9640115,9640113,9640115,9640110,9640115
9641096,9640115,9640113,9640115,9640102,9641100
9641096,9640115,9640113,9640115,9640102,9640110
9641096,9640115,9640113,9640115,9640102,9640102
9641096,9640115,9640113,9640115,9640102,9640113
9641096,9640115,9640113,9640115,9640102,9640115
9641096,9640115,9640113,9640115,9640113,9641100
9641096,9640115,9640113,9640115,9640113,9640110
9641096,9640115,9640113,9640115,9640113,9640102
9641096,9640115,9640113,9640115,9640113,9640113
9641096,9640115,9640113,9640115,9640113,9640115
9641096,9640115,9640113,9640115,9640115,9641100
9641096,9640115,9640113,9640115,9640115,9640110
9641096,9640115,9640113,9640115,9640115,9640102
9641096,9640115,9640113,9640115,9640115,9640113
9641096,9640115,9640113,9640115,9640115,9640115
9641096,9640115,9640115,9641100,9641100,9641100
9641096,9640115,9640115,9641100,9641100,9640110
9641096,9640115,9640115,9641100,9641100,9640102
9641096,9640115,9640115,9641100,9641100,9640113
9641096,9640115,9640115,9641100,9641100,9640115
9641096,9640115,9640115,9641100,9640110,9641100
9641096,9640115,9640115,9641100,9640110,9640110
9641096,9640115,9640115,9641100,9640110,9640102
9641096,9640115,9640115,9641100,9640110,9640113
9641096,9640115,9640115,9641100,9640110,9640115
9641096,9640115,9640115,9641100,9640102,9641100
9641096,9640115,9640115,9641100,9640102,9640110
9641096,9640115,9640115,9641100,9640102,9640102
9641096,9640115,9640115,9641100,9640102,9640113
9641096,9640115,9640115,9641100,9640102,9640115
9641096,9640115,9640115,9641100,9640113,9641100
9641096,9640115,9640115,9641100,9640113,9640110
9641096,9640115,9640115,9641100,9640113,9640102
9641096,9640115,9640115,9641100,9640113,9640113
9641096,9640115,9640115,9641100,9640113,9640115
9641096,9640115,9640115,9641100,9640115,9641100
9641096,9640115,9640115,9641100,9640115,9640110
9641096,9640115,9640115,9641100,9640115,9640102
9641096,9640115,9640115,9641100,9640115,9640113
9641096,9640115,9640115,9641100,9640115,9640115
9641096,9640115,9640115,9640110,9641100,9641100
9641096,9640115,9640115,9640110,9641100,9640110
9641096,9640115,9640115,9640110,9641100,9640102
9641096,9640115,9640115,9640110,9641100,9640113
9641096,9640115,9640115,9640110,9641100,9640115
9641096,9640115,9640115,9640110,9640110,9641100
9641096,9640115,9640115,9640110,9640110,9640110
9641096,9640115,9640115,9640110,9640110,9640102
9641096,9640115,9640115,9640110,9640110,9640113
9641096,9640115,9640115,9640110,9640110,9640115
9641096,9640115,9640115,9640110,9640102,9641100
9641096,9640115,9640115,9640110,9640102,9640110
9641096,9640115,9640115,9640110,9640102,9640102
9641096,9640115,9640115,9640110,9640102,9640113
9641096,9640115,9640115,9640110,9640102,9640115
9641096,9640115,9640115,9640110,9640113,9641100
9641096,9640115,9640115,9640110,9640113,9640110
9641096,9640115,9640115,9640110,9640113,9640102
9641096,9640115,9640115,9640110,9640113,9640113
9641096,9640115,9640115,9640110,9640113,9640115
9641096,9640115,9640115,9640110,9640115,9641100
9641096,9640115,9640115,9640110,9640115,9640110
9641096,9640115,9640115,9640110,9640115,9640102
9641096,9640115,9640115,9640110,9640115,9640113
9641096,9640115,9640115,9640110,9640115,9640115
9641096,9640115,9640115,9640102,9641100,9641100
9641096,9640115,9640115,9640102,9641100,9640110
9641096,9640115,9640115,9640102,9641100,9640102
9641096,9640115,9640115,9640102,9641100,9640113
9641096,9640115,9640115,9640102,9641100,9640115
9641096,9640115,9640115,9640102,9640110,9641100
9641096,9640115,9640115,9640102,9640110,9640110
9641096,9640115,9640115,9640102,9640110,9640102
9641096,9640115,9640115,9640102,9640110,9640113
9641096,9640115,9640115,9640102,9640110,9640115
9641096,9640115,9640115,9640102,9640102,9641100
9641096,9640115,9640115,9640102,9640102,9640110
9641096,9640115,9640115,9640102,9640102,9640102
9641096,9640115,9640115,9640102,9640102,9640113
9641096,9640115,9640115,9640102,9640102,9640115
9641096,9640115,9640115,9640102,9640113,9641100
9641096,9640115,9640115,9640102,9640113,9640110
9641096,9640115,9640115,9640102,9640113,9640102
9641096,9640115,9640115,9640102,9640113,9640113
9641096,9640115,9640115,9640102,9640113,9640115
9641096,9640115,9640115,9640102,9640115,9641100
9641096,9640115,9640115,9640102,9640115,9640110
9641096,9640115,9640115,9640102,9640115,9640102
9641096,9640115,9640115,9640102,9640115,9640113
9641096,9640115,9640115,9640102,9640115,9640115
9641096,9640115,9640115,9640113,9641100,9641100
9641096,9640115,9640115,9640113,9641100,9640110
9641096,9640115,9640115,9640113,9641100,9640102
9641096,9640115,9640115,9640113,9641100,9640113
9641096,9640115,9640115,9640113,9641100,9640115
9641096,9640115,9640115,9640113,9640110,9641100
9641096,9640115,9640115,9640113,9640110,9640110
9641096,9640115,9640115,9640113,9640110,9640102
9641096,9640115,9640115,9640113,9640110,9640113
9641096,9640115,9640115,9640113,9640110,9640115
9641096,9640115,9640115,9640113,9640102,9641100
9641096,9640115,9640115,9640113,9640102,9640110
9641096,9640115,9640115,9640113,9640102,9640102
9641096,9640115,9640115,9640113,9640102,9640113
9641096,9640115,9640115,9640113,9640102,9640115
9641096,9640115,9640115,9640113,9640113,9641100
9641096,9640115,9640115,9640113,9640113,9640110
9641096,9640115,9640115,9640113,9640113,9640102
9641096,9640115,9640115,9640113,9640113,9640113
9641096,9640115,9640115,9640113,9640113,9640115
9641096,9640115,9640115,9640113,9640115,9641100
9641096,9640115,9640115,9640113,9640115,9640110
9641096,9640115,9640115,9640113,9640115,9640102
9641096,9640115,9640115,9640113,9640115,9640113
9641096,9640115,9640115,9640113,9640115,9640115
9641096,9640115,9640115,9640115,9641100,9641100
9641096,9640115,9640115,9640115,9641100,9640110
9641096,9640115,9640115,9640115,9641100,9640102
9641096,9640115,9640115,9640115,9641100,9640113
9641096,9640115,9640115,9640115,9641100,9640115
9641096,9640115,9640115,9640115,9640110,9641100
9641096,9640115,9640115,9640115,9640110,9640110
9641096,9640115,9640115,9640115,9640110,9640102
9641096,9640115,9640115,9640115,9640110,9640113
9641096,9640115,9640115,9640115,9640110,9640115
9641096,9640115,9640115,9640115,9640102,9641100
9641096,9640115,9640115,9640115,9640102,9640110
9641096,9640115,9640115,9640115,9640102,9640102
9641096,9640115,9640115,9640115,9640102,9640113
9641096,9640115,9640115,9640115,9640102,9640115
9641096,9640115,9640115,9640115,9640113,9641100
9641096,9640115,9640115,9640115,9640113,9640110
9641096,9640115,9640115,9640115,9640113,9640102
9641096,9640115,9640115,9640115,9640113,9640113
9641096,9640115,9640115,9640115,9640113,9640115
9641096,9640115,9640115,9640115,9640115,9641100
9641096,9640115,9640115,9640115,9640115,9640110
9641096,9640115,9640115,9640115,9640115,9640102
9641096,9640115,9640115,9640115,9640115,9640113
9641096,9640115,9640115,9640115,9640115,9640115